ListSchema={"schemaXmlList":["<Field ID=\"{fa564e0f-0c70-4ab9-b863-0177e6ddd247}\" Type=\"Text\" Name=\"Title\" DisplayName=\"Title\" Required=\"TRUE\" SourceID=\"http://schemas.microsoft.com/sharepoint/v3\" StaticName=\"Title\" FromBaseType=\"TRUE\" />","<Field DisplayName=\"Reason for desk reservation\" Format=\"Dropdown\" IsModern=\"TRUE\" MaxLength=\"255\" Name=\"Reasonfordeskreservation\" Title=\"Reason for desk reservation\" Type=\"Text\" ID=\"{01594e8f-e3cf-4a6e-813e-cdcb49498f53}\" StaticName=\"Reasonfordeskreservation\" />","<Field ClientSideComponentId=\"00000000-0000-0000-0000-000000000000\" CustomFormatter=\"{&quot;elmType&quot;:&quot;div&quot;,&quot;style&quot;:{&quot;flex-wrap&quot;:&quot;wrap&quot;,&quot;display&quot;:&quot;flex&quot;},&quot;children&quot;:[{&quot;elmType&quot;:&quot;div&quot;,&quot;style&quot;:{&quot;box-sizing&quot;:&quot;border-box&quot;,&quot;padding&quot;:&quot;4px 8px 5px 8px&quot;,&quot;overflow&quot;:&quot;hidden&quot;,&quot;text-overflow&quot;:&quot;ellipsis&quot;,&quot;display&quot;:&quot;flex&quot;,&quot;border-radius&quot;:&quot;16px&quot;,&quot;height&quot;:&quot;24px&quot;,&quot;align-items&quot;:&quot;center&quot;,&quot;white-space&quot;:&quot;nowrap&quot;,&quot;margin&quot;:&quot;4px 4px 4px 4px&quot;},&quot;attributes&quot;:{&quot;class&quot;:{&quot;operator&quot;:&quot;:&quot;,&quot;operands&quot;:[{&quot;operator&quot;:&quot;==&quot;,&quot;operands&quot;:[&quot;[$EHRMTrainingDate]&quot;,&quot;November 3, 2025&quot;]},&quot;sp-css-backgroundColor-BgGold sp-css-color-GoldFont sp-css-color-GoldFont&quot;,{&quot;operator&quot;:&quot;:&quot;,&quot;operands&quot;:[{&quot;operator&quot;:&quot;==&quot;,&quot;operands&quot;:[&quot;[$EHRMTrainingDate]&quot;,&quot;November 4, 2025&quot;]},&quot;sp-css-backgroundColor-BgCoral sp-css-color-CoralFont sp-css-color-CoralFont&quot;,{&quot;operator&quot;:&quot;:&quot;,&quot;operands&quot;:[{&quot;operator&quot;:&quot;==&quot;,&quot;operands&quot;:[&quot;[$EHRMTrainingDate]&quot;,&quot;November 5, 2025&quot;]},&quot;sp-css-backgroundColor-BgDustRose sp-css-color-DustRoseFont sp-css-color-DustRoseFont&quot;,{&quot;operator&quot;:&quot;:&quot;,&quot;operands&quot;:[{&quot;operator&quot;:&quot;==&quot;,&quot;operands&quot;:[&quot;[$EHRMTrainingDate]&quot;,&quot;November 6, 2025&quot;]},&quot;sp-css-backgroundColor-BgCyan sp-css-color-CyanFont sp-css-color-CyanFont&quot;,{&quot;operator&quot;:&quot;:&quot;,&quot;operands&quot;:[{&quot;operator&quot;:&quot;==&quot;,&quot;operands&quot;:[&quot;[$EHRMTrainingDate]&quot;,&quot;November 7, 2025&quot;]},&quot;sp-css-backgroundColor-BgPeach sp-css-color-PeachFont sp-css-color-PeachFont&quot;,{&quot;operator&quot;:&quot;:&quot;,&quot;operands&quot;:[{&quot;operator&quot;:&quot;==&quot;,&quot;operands&quot;:[&quot;[$EHRMTrainingDate]&quot;,&quot;November 10, 2025&quot;]},&quot;sp-css-backgroundColor-BgSage sp-css-color-SageFont sp-css-color-SageFont&quot;,{&quot;operator&quot;:&quot;:&quot;,&quot;operands&quot;:[{&quot;operator&quot;:&quot;==&quot;,&quot;operands&quot;:[&quot;[$EHRMTrainingDate]&quot;,&quot;November 11, 2025&quot;]},&quot;sp-css-backgroundColor-BgLightPurple sp-css-color-LightPurpleFont sp-css-color-LightPurpleFont&quot;,{&quot;operator&quot;:&quot;:&quot;,&quot;operands&quot;:[{&quot;operator&quot;:&quot;==&quot;,&quot;operands&quot;:[&quot;[$EHRMTrainingDate]&quot;,&quot;November 12, 2025&quot;]},&quot;sp-css-backgroundColor-BgViolet sp-css-color-VioletFont sp-css-color-VioletFont&quot;,{&quot;operator&quot;:&quot;:&quot;,&quot;operands&quot;:[{&quot;operator&quot;:&quot;==&quot;,&quot;operands&quot;:[&quot;[$EHRMTrainingDate]&quot;,&quot;November 13, 2025&quot;]},&quot;sp-css-backgroundColor-BgLightBlue sp-css-color-LightBlueFont sp-css-color-LightBlueFont&quot;,{&quot;operator&quot;:&quot;:&quot;,&quot;operands&quot;:[{&quot;operator&quot;:&quot;==&quot;,&quot;operands&quot;:[&quot;[$EHRMTrainingDate]&quot;,&quot;November 14, 2025&quot;]},&quot;sp-css-backgroundColor-BgMauve sp-css-color-MauveFont sp-css-color-MauveFont&quot;,{&quot;operator&quot;:&quot;:&quot;,&quot;operands&quot;:[{&quot;operator&quot;:&quot;==&quot;,&quot;operands&quot;:[&quot;[$EHRMTrainingDate]&quot;,&quot;&quot;]},&quot;&quot;,&quot;sp-field-borderAllRegular sp-field-borderAllSolid sp-css-borderColor-neutralSecondary&quot;]}]}]}]}]}]}]}]}]}]}]}},&quot;children&quot;:[{&quot;elmType&quot;:&quot;span&quot;,&quot;style&quot;:{&quot;overflow&quot;:&quot;hidden&quot;,&quot;text-overflow&quot;:&quot;ellipsis&quot;,&quot;padding&quot;:&quot;0 3px&quot;},&quot;txtContent&quot;:&quot;[$EHRMTrainingDate]&quot;,&quot;attributes&quot;:{&quot;class&quot;:{&quot;operator&quot;:&quot;:&quot;,&quot;operands&quot;:[{&quot;operator&quot;:&quot;==&quot;,&quot;operands&quot;:[&quot;[$EHRMTrainingDate]&quot;,&quot;November 3, 2025&quot;]},&quot;sp-css-color-GoldFont&quot;,{&quot;operator&quot;:&quot;:&quot;,&quot;operands&quot;:[{&quot;operator&quot;:&quot;==&quot;,&quot;operands&quot;:[&quot;[$EHRMTrainingDate]&quot;,&quot;November 4, 2025&quot;]},&quot;sp-css-color-CoralFont&quot;,{&quot;operator&quot;:&quot;:&quot;,&quot;operands&quot;:[{&quot;operator&quot;:&quot;==&quot;,&quot;operands&quot;:[&quot;[$EHRMTrainingDate]&quot;,&quot;November 5, 2025&quot;]},&quot;sp-css-color-DustRoseFont&quot;,{&quot;operator&quot;:&quot;:&quot;,&quot;operands&quot;:[{&quot;operator&quot;:&quot;==&quot;,&quot;operands&quot;:[&quot;[$EHRMTrainingDate]&quot;,&quot;November 6, 2025&quot;]},&quot;sp-css-color-CyanFont&quot;,{&quot;operator&quot;:&quot;:&quot;,&quot;operands&quot;:[{&quot;operator&quot;:&quot;==&quot;,&quot;operands&quot;:[&quot;[$EHRMTrainingDate]&quot;,&quot;November 7, 2025&quot;]},&quot;sp-css-color-PeachFont&quot;,{&quot;operator&quot;:&quot;:&quot;,&quot;operands&quot;:[{&quot;operator&quot;:&quot;==&quot;,&quot;operands&quot;:[&quot;[$EHRMTrainingDate]&quot;,&quot;November 10, 2025&quot;]},&quot;sp-css-color-SageFont&quot;,{&quot;operator&quot;:&quot;:&quot;,&quot;operands&quot;:[{&quot;operator&quot;:&quot;==&quot;,&quot;operands&quot;:[&quot;[$EHRMTrainingDate]&quot;,&quot;November 11, 2025&quot;]},&quot;sp-css-color-LightPurpleFont&quot;,{&quot;operator&quot;:&quot;:&quot;,&quot;operands&quot;:[{&quot;operator&quot;:&quot;==&quot;,&quot;operands&quot;:[&quot;[$EHRMTrainingDate]&quot;,&quot;November 12, 2025&quot;]},&quot;sp-css-color-VioletFont&quot;,{&quot;operator&quot;:&quot;:&quot;,&quot;operands&quot;:[{&quot;operator&quot;:&quot;==&quot;,&quot;operands&quot;:[&quot;[$EHRMTrainingDate]&quot;,&quot;November 13, 2025&quot;]},&quot;sp-css-color-LightBlueFont&quot;,{&quot;operator&quot;:&quot;:&quot;,&quot;operands&quot;:[{&quot;operator&quot;:&quot;==&quot;,&quot;operands&quot;:[&quot;[$EHRMTrainingDate]&quot;,&quot;November 14, 2025&quot;]},&quot;sp-css-color-MauveFont&quot;,{&quot;operator&quot;:&quot;:&quot;,&quot;operands&quot;:[{&quot;operator&quot;:&quot;==&quot;,&quot;operands&quot;:[&quot;[$EHRMTrainingDate]&quot;,&quot;&quot;]},&quot;&quot;,&quot;&quot;]}]}]}]}]}]}]}]}]}]}]}}}]}],&quot;templateId&quot;:&quot;BgColorChoicePill&quot;}\" DisplayName=\"DeskText\" Format=\"Dropdown\" MaxLength=\"255\" Name=\"EHRMTrainingDate\" Title=\"DeskText\" Type=\"Text\" ID=\"{708cc07c-84d4-40d6-8e22-64dc661715e3}\" StaticName=\"EHRMTrainingDate\" />","<Field DisplayName=\"Reserved By\" Format=\"Dropdown\" IsModern=\"TRUE\" List=\"UserInfo\" Name=\"ReservedBy\" Title=\"Reserved By\" Type=\"User\" UserSelectionMode=\"0\" UserSelectionScope=\"0\" ID=\"{57843a28-7d2f-42da-babd-09fa5a3002a2}\" StaticName=\"ReservedBy\" />","<Field ClientSideComponentId=\"00000000-0000-0000-0000-000000000000\" DisplayName=\"Check Out From\" FriendlyDisplayFormat=\"Disabled\" Format=\"DateTime\" Name=\"CheckOutFrom\" Title=\"Check Out From\" Type=\"DateTime\" ID=\"{eaa83d42-69c4-47dd-894a-11f09b4a154f}\" StaticName=\"CheckOutFrom\" />","<Field ClientSideComponentId=\"00000000-0000-0000-0000-000000000000\" DisplayName=\"Check Out To\" FriendlyDisplayFormat=\"Disabled\" Format=\"DateTime\" Name=\"CheckOutTo\" Title=\"Check Out To\" Type=\"DateTime\" ID=\"{0d425354-5f0f-4667-8ba4-435f4ca7a79c}\" StaticName=\"CheckOutTo\" />","<Field DisplayName=\"Check Out From Text\" Format=\"Dropdown\" IsModern=\"TRUE\" MaxLength=\"255\" Name=\"CheckOutFromText\" Title=\"Check Out From Text\" Type=\"Text\" ID=\"{e4e3dad0-d7f7-4f4c-a4b8-d51ed1592732}\" StaticName=\"CheckOutFromText\" />","<Field DisplayName=\"Check Out To Text\" Format=\"Dropdown\" IsModern=\"TRUE\" MaxLength=\"255\" Name=\"CheckOutToText\" Title=\"Check Out To Text\" Type=\"Text\" ID=\"{fa2383b8-db13-4c41-8b8f-d595488add75}\" StaticName=\"CheckOutToText\" />","<Field CommaSeparator=\"TRUE\" CustomUnitOnRight=\"TRUE\" DisplayName=\"Check Out From Number\" Format=\"Dropdown\" IsModern=\"TRUE\" Name=\"CheckOutFromNumber\" Percentage=\"FALSE\" Title=\"Check Out From Number\" Type=\"Number\" Unit=\"None\" ID=\"{e5d755bb-67a1-4d8d-a429-5ba45d592216}\" StaticName=\"CheckOutFromNumber\" />","<Field CommaSeparator=\"TRUE\" CustomUnitOnRight=\"TRUE\" DisplayName=\"Check Out To Number\" Format=\"Dropdown\" IsModern=\"TRUE\" Name=\"CheckOutToNumber\" Percentage=\"FALSE\" Title=\"Check Out To Number\" Type=\"Number\" Unit=\"None\" ID=\"{bf827b1e-5786-45b2-b42b-732c1751b38a}\" StaticName=\"CheckOutToNumber\" />","<Field DisplayName=\"Service\" Format=\"Dropdown\" IsModern=\"TRUE\" MaxLength=\"255\" Name=\"Service\" Title=\"Service\" Type=\"Text\" ID=\"{6de30d68-e5d3-48d1-8ed9-359c048022b6}\" StaticName=\"Service\" />","<Field DisplayName=\"Description\" Format=\"Dropdown\" IsModern=\"TRUE\" MaxLength=\"255\" Name=\"Description\" Title=\"Description\" Type=\"Text\" ID=\"{4ad7b455-2b6e-4cc2-a5f0-56dd575d5ed9}\" StaticName=\"Description\" />","<Field DisplayName=\"RoomReservation\" Format=\"Dropdown\" IsModern=\"TRUE\" Name=\"RoomReservation\" Title=\"RoomReservation\" Type=\"Boolean\" ID=\"{58d823b9-d202-407e-ac49-1a82387aff6d}\" StaticName=\"RoomReservation\"><Default>1</Default></Field>","<Field DisplayName=\"Manager\" Format=\"Dropdown\" IsModern=\"TRUE\" List=\"UserInfo\" Name=\"Manager\" Title=\"Manager\" Type=\"User\" UserSelectionMode=\"0\" UserSelectionScope=\"0\" ID=\"{1402b785-5e41-47c1-b8c3-6151fe3c4a2b}\" StaticName=\"Manager\" />","<Field ClientSideComponentId=\"00000000-0000-0000-0000-000000000000\" CustomFormatter=\"{&quot;elmType&quot;:&quot;div&quot;,&quot;style&quot;:{&quot;flex-wrap&quot;:&quot;wrap&quot;,&quot;display&quot;:&quot;flex&quot;},&quot;children&quot;:[{&quot;elmType&quot;:&quot;div&quot;,&quot;style&quot;:{&quot;box-sizing&quot;:&quot;border-box&quot;,&quot;padding&quot;:&quot;4px 8px 5px 8px&quot;,&quot;overflow&quot;:&quot;hidden&quot;,&quot;text-overflow&quot;:&quot;ellipsis&quot;,&quot;display&quot;:&quot;flex&quot;,&quot;border-radius&quot;:&quot;16px&quot;,&quot;height&quot;:&quot;24px&quot;,&quot;align-items&quot;:&quot;center&quot;,&quot;white-space&quot;:&quot;nowrap&quot;,&quot;margin&quot;:&quot;4px 4px 4px 4px&quot;},&quot;attributes&quot;:{&quot;class&quot;:{&quot;operator&quot;:&quot;:&quot;,&quot;operands&quot;:[{&quot;operator&quot;:&quot;==&quot;,&quot;operands&quot;:[&quot;[$Asset]&quot;,&quot;Desk&quot;]},&quot;sp-css-backgroundColor-BgCornflowerBlue sp-css-color-CornflowerBlueFont sp-css-color-CornflowerBlueFont&quot;,{&quot;operator&quot;:&quot;:&quot;,&quot;operands&quot;:[{&quot;operator&quot;:&quot;==&quot;,&quot;operands&quot;:[&quot;[$Asset]&quot;,&quot;Item&quot;]},&quot;sp-css-backgroundColor-BgMintGreen sp-css-color-MintGreenFont sp-css-color-MintGreenFont&quot;,{&quot;operator&quot;:&quot;:&quot;,&quot;operands&quot;:[{&quot;operator&quot;:&quot;==&quot;,&quot;operands&quot;:[&quot;[$Asset]&quot;,&quot;Choice 3&quot;]},&quot;sp-css-backgroundColor-BgGold sp-css-color-GoldFont sp-css-color-GoldFont&quot;,{&quot;operator&quot;:&quot;:&quot;,&quot;operands&quot;:[{&quot;operator&quot;:&quot;==&quot;,&quot;operands&quot;:[&quot;[$Asset]&quot;,&quot;&quot;]},&quot;&quot;,&quot;sp-field-borderAllRegular sp-field-borderAllSolid sp-css-borderColor-neutralSecondary&quot;]}]}]}]}},&quot;children&quot;:[{&quot;elmType&quot;:&quot;span&quot;,&quot;style&quot;:{&quot;overflow&quot;:&quot;hidden&quot;,&quot;text-overflow&quot;:&quot;ellipsis&quot;,&quot;padding&quot;:&quot;0 3px&quot;},&quot;txtContent&quot;:&quot;[$Asset]&quot;,&quot;attributes&quot;:{&quot;class&quot;:{&quot;operator&quot;:&quot;:&quot;,&quot;operands&quot;:[{&quot;operator&quot;:&quot;==&quot;,&quot;operands&quot;:[&quot;[$Asset]&quot;,&quot;Desk&quot;]},&quot;sp-css-color-CornflowerBlueFont&quot;,{&quot;operator&quot;:&quot;:&quot;,&quot;operands&quot;:[{&quot;operator&quot;:&quot;==&quot;,&quot;operands&quot;:[&quot;[$Asset]&quot;,&quot;Item&quot;]},&quot;sp-css-color-MintGreenFont&quot;,{&quot;operator&quot;:&quot;:&quot;,&quot;operands&quot;:[{&quot;operator&quot;:&quot;==&quot;,&quot;operands&quot;:[&quot;[$Asset]&quot;,&quot;Choice 3&quot;]},&quot;sp-css-color-GoldFont&quot;,{&quot;operator&quot;:&quot;:&quot;,&quot;operands&quot;:[{&quot;operator&quot;:&quot;==&quot;,&quot;operands&quot;:[&quot;[$Asset]&quot;,&quot;&quot;]},&quot;&quot;,&quot;&quot;]}]}]}]}}}]}],&quot;templateId&quot;:&quot;BgColorChoicePill&quot;}\" DisplayName=\"Asset\" FillInChoice=\"FALSE\" Format=\"Dropdown\" Name=\"Asset\" Title=\"Asset\" Type=\"Choice\" ID=\"{1e23fa70-d59a-48b7-bb25-37887beea172}\" StaticName=\"Asset\"><CHOICES><CHOICE>Desk</CHOICE><CHOICE>Item</CHOICE><CHOICE>Choice 3</CHOICE></CHOICES></Field>","<Field ClientSideComponentId=\"00000000-0000-0000-0000-000000000000\" CustomFormatter=\"{&quot;elmType&quot;:&quot;div&quot;,&quot;style&quot;:{&quot;flex-wrap&quot;:&quot;wrap&quot;,&quot;display&quot;:&quot;flex&quot;},&quot;children&quot;:[{&quot;elmType&quot;:&quot;div&quot;,&quot;style&quot;:{&quot;box-sizing&quot;:&quot;border-box&quot;,&quot;padding&quot;:&quot;4px 8px 5px 8px&quot;,&quot;overflow&quot;:&quot;hidden&quot;,&quot;text-overflow&quot;:&quot;ellipsis&quot;,&quot;display&quot;:&quot;flex&quot;,&quot;border-radius&quot;:&quot;16px&quot;,&quot;height&quot;:&quot;24px&quot;,&quot;align-items&quot;:&quot;center&quot;,&quot;white-space&quot;:&quot;nowrap&quot;,&quot;margin&quot;:&quot;4px 4px 4px 4px&quot;},&quot;attributes&quot;:{&quot;class&quot;:{&quot;operator&quot;:&quot;:&quot;,&quot;operands&quot;:[{&quot;operator&quot;:&quot;==&quot;,&quot;operands&quot;:[&quot;[$RecurrenceFrequency]&quot;,&quot;daily&quot;]},&quot;sp-css-backgroundColor-BgCornflowerBlue sp-css-color-CornflowerBlueFont sp-css-color-CornflowerBlueFont&quot;,{&quot;operator&quot;:&quot;:&quot;,&quot;operands&quot;:[{&quot;operator&quot;:&quot;==&quot;,&quot;operands&quot;:[&quot;[$RecurrenceFrequency]&quot;,&quot;none&quot;]},&quot;sp-css-backgroundColor-BgMintGreen sp-css-color-MintGreenFont sp-css-color-MintGreenFont&quot;,{&quot;operator&quot;:&quot;:&quot;,&quot;operands&quot;:[{&quot;operator&quot;:&quot;==&quot;,&quot;operands&quot;:[&quot;[$RecurrenceFrequency]&quot;,&quot;weekly&quot;]},&quot;sp-css-backgroundColor-BgGold sp-css-color-GoldFont sp-css-color-GoldFont&quot;,{&quot;operator&quot;:&quot;:&quot;,&quot;operands&quot;:[{&quot;operator&quot;:&quot;==&quot;,&quot;operands&quot;:[&quot;[$RecurrenceFrequency]&quot;,&quot;&quot;]},&quot;&quot;,&quot;sp-field-borderAllRegular sp-field-borderAllSolid sp-css-borderColor-neutralSecondary&quot;]}]}]}]}},&quot;children&quot;:[{&quot;elmType&quot;:&quot;span&quot;,&quot;style&quot;:{&quot;overflow&quot;:&quot;hidden&quot;,&quot;text-overflow&quot;:&quot;ellipsis&quot;,&quot;padding&quot;:&quot;0 3px&quot;},&quot;txtContent&quot;:&quot;[$RecurrenceFrequency]&quot;,&quot;attributes&quot;:{&quot;class&quot;:{&quot;operator&quot;:&quot;:&quot;,&quot;operands&quot;:[{&quot;operator&quot;:&quot;==&quot;,&quot;operands&quot;:[&quot;[$RecurrenceFrequency]&quot;,&quot;daily&quot;]},&quot;sp-css-color-CornflowerBlueFont&quot;,{&quot;operator&quot;:&quot;:&quot;,&quot;operands&quot;:[{&quot;operator&quot;:&quot;==&quot;,&quot;operands&quot;:[&quot;[$RecurrenceFrequency]&quot;,&quot;none&quot;]},&quot;sp-css-color-MintGreenFont&quot;,{&quot;operator&quot;:&quot;:&quot;,&quot;operands&quot;:[{&quot;operator&quot;:&quot;==&quot;,&quot;operands&quot;:[&quot;[$RecurrenceFrequency]&quot;,&quot;weekly&quot;]},&quot;sp-css-color-GoldFont&quot;,{&quot;operator&quot;:&quot;:&quot;,&quot;operands&quot;:[{&quot;operator&quot;:&quot;==&quot;,&quot;operands&quot;:[&quot;[$RecurrenceFrequency]&quot;,&quot;&quot;]},&quot;&quot;,&quot;&quot;]}]}]}]}}}]}],&quot;templateId&quot;:&quot;BgColorChoicePill&quot;}\" DisplayName=\"RecurrenceFrequency\" FillInChoice=\"FALSE\" Format=\"Dropdown\" Name=\"RecurrenceFrequency\" Title=\"RecurrenceFrequency\" Type=\"Choice\" ID=\"{b1a27cf2-4504-44ba-9e05-57ed7806b0b4}\" StaticName=\"RecurrenceFrequency\"><CHOICES><CHOICE>daily</CHOICE><CHOICE>none</CHOICE><CHOICE>weekly</CHOICE></CHOICES></Field>","<Field ClientSideComponentId=\"00000000-0000-0000-0000-000000000000\" DisplayName=\"RecurrenceEndDate\" FriendlyDisplayFormat=\"Disabled\" Format=\"DateOnly\" Name=\"RecurrenceEndDate\" Title=\"RecurrenceEndDate\" Type=\"DateTime\" ID=\"{867f5684-6399-44db-9143-2fff6f0f4973}\" StaticName=\"RecurrenceEndDate\" />","<Field ClientSideComponentId=\"00000000-0000-0000-0000-000000000000\" CustomFormatter=\"{&quot;elmType&quot;:&quot;div&quot;,&quot;style&quot;:{&quot;flex-wrap&quot;:&quot;wrap&quot;,&quot;display&quot;:&quot;flex&quot;},&quot;children&quot;:[{&quot;elmType&quot;:&quot;div&quot;,&quot;style&quot;:{&quot;box-sizing&quot;:&quot;border-box&quot;,&quot;padding&quot;:&quot;4px 8px 5px 8px&quot;,&quot;overflow&quot;:&quot;hidden&quot;,&quot;text-overflow&quot;:&quot;ellipsis&quot;,&quot;display&quot;:&quot;flex&quot;,&quot;border-radius&quot;:&quot;16px&quot;,&quot;height&quot;:&quot;24px&quot;,&quot;align-items&quot;:&quot;center&quot;,&quot;white-space&quot;:&quot;nowrap&quot;,&quot;margin&quot;:&quot;4px 4px 4px 4px&quot;},&quot;attributes&quot;:{&quot;class&quot;:{&quot;operator&quot;:&quot;:&quot;,&quot;operands&quot;:[{&quot;operator&quot;:&quot;==&quot;,&quot;operands&quot;:[&quot;[$MeetingCategory]&quot;,&quot;External Visitor Event&quot;]},&quot;sp-css-backgroundColor-BgCornflowerBlue sp-css-color-CornflowerBlueFont sp-css-color-CornflowerBlueFont&quot;,{&quot;operator&quot;:&quot;:&quot;,&quot;operands&quot;:[{&quot;operator&quot;:&quot;==&quot;,&quot;operands&quot;:[&quot;[$MeetingCategory]&quot;,&quot;&quot;]},&quot;&quot;,{&quot;operator&quot;:&quot;:&quot;,&quot;operands&quot;:[{&quot;operator&quot;:&quot;==&quot;,&quot;operands&quot;:[&quot;[$MeetingCategory]&quot;,&quot;Patient-Related Event&quot;]},&quot;sp-css-backgroundColor-BgTeal sp-css-borderColor-WhiteFont sp-css-color-WhiteFont sp-css-color-WhiteFont&quot;,{&quot;operator&quot;:&quot;:&quot;,&quot;operands&quot;:[{&quot;operator&quot;:&quot;==&quot;,&quot;operands&quot;:[&quot;[$MeetingCategory]&quot;,&quot;External Visitor Event &quot;]},&quot;sp-field-borderAllRegular sp-field-borderAllSolid sp-css-borderColor-neutralSecondary&quot;,{&quot;operator&quot;:&quot;:&quot;,&quot;operands&quot;:[{&quot;operator&quot;:&quot;==&quot;,&quot;operands&quot;:[&quot;[$MeetingCategory]&quot;,&quot;Governance&quot;]},&quot;sp-field-borderAllRegular sp-field-borderAllSolid sp-css-borderColor-neutralSecondary&quot;,{&quot;operator&quot;:&quot;:&quot;,&quot;operands&quot;:[{&quot;operator&quot;:&quot;==&quot;,&quot;operands&quot;:[&quot;[$MeetingCategory]&quot;,&quot;Other&quot;]},&quot;sp-field-borderAllRegular sp-field-borderAllSolid sp-css-borderColor-neutralSecondary&quot;,{&quot;operator&quot;:&quot;:&quot;,&quot;operands&quot;:[{&quot;operator&quot;:&quot;==&quot;,&quot;operands&quot;:[&quot;[$MeetingCategory]&quot;,&quot;Staff Training&quot;]},&quot;sp-css-backgroundColor-BgDustRose sp-css-color-DustRoseFont sp-css-color-DustRoseFont&quot;,&quot;sp-field-borderAllRegular sp-field-borderAllSolid sp-css-borderColor-neutralSecondary&quot;]}]}]}]}]}]}]}},&quot;children&quot;:[{&quot;elmType&quot;:&quot;span&quot;,&quot;style&quot;:{&quot;overflow&quot;:&quot;hidden&quot;,&quot;text-overflow&quot;:&quot;ellipsis&quot;,&quot;padding&quot;:&quot;0 3px&quot;},&quot;txtContent&quot;:&quot;[$MeetingCategory]&quot;,&quot;attributes&quot;:{&quot;class&quot;:{&quot;operator&quot;:&quot;:&quot;,&quot;operands&quot;:[{&quot;operator&quot;:&quot;==&quot;,&quot;operands&quot;:[&quot;[$MeetingCategory]&quot;,&quot;External Visitor Event&quot;]},&quot;sp-css-color-CornflowerBlueFont&quot;,{&quot;operator&quot;:&quot;:&quot;,&quot;operands&quot;:[{&quot;operator&quot;:&quot;==&quot;,&quot;operands&quot;:[&quot;[$MeetingCategory]&quot;,&quot;&quot;]},&quot;&quot;,{&quot;operator&quot;:&quot;:&quot;,&quot;operands&quot;:[{&quot;operator&quot;:&quot;==&quot;,&quot;operands&quot;:[&quot;[$MeetingCategory]&quot;,&quot;Patient-Related Event&quot;]},&quot;sp-css-color-WhiteFont&quot;,{&quot;operator&quot;:&quot;:&quot;,&quot;operands&quot;:[{&quot;operator&quot;:&quot;==&quot;,&quot;operands&quot;:[&quot;[$MeetingCategory]&quot;,&quot;External Visitor Event &quot;]},&quot;&quot;,{&quot;operator&quot;:&quot;:&quot;,&quot;operands&quot;:[{&quot;operator&quot;:&quot;==&quot;,&quot;operands&quot;:[&quot;[$MeetingCategory]&quot;,&quot;Governance&quot;]},&quot;&quot;,{&quot;operator&quot;:&quot;:&quot;,&quot;operands&quot;:[{&quot;operator&quot;:&quot;==&quot;,&quot;operands&quot;:[&quot;[$MeetingCategory]&quot;,&quot;Other&quot;]},&quot;&quot;,{&quot;operator&quot;:&quot;:&quot;,&quot;operands&quot;:[{&quot;operator&quot;:&quot;==&quot;,&quot;operands&quot;:[&quot;[$MeetingCategory]&quot;,&quot;Staff Training&quot;]},&quot;sp-css-color-DustRoseFont&quot;,&quot;&quot;]}]}]}]}]}]}]}}}]}],&quot;templateId&quot;:&quot;BgColorChoicePill&quot;}\" DisplayName=\"MeetingCategory\" Format=\"Dropdown\" MaxLength=\"255\" Name=\"MeetingCategory\" Title=\"MeetingCategory\" Type=\"Text\" ID=\"{d885a4e7-bd1e-420c-894b-66ac9578ec78}\" StaticName=\"MeetingCategory\" />","<Field CommaSeparator=\"TRUE\" CustomUnitOnRight=\"TRUE\" DisplayName=\"RecurrenceID\" Format=\"Dropdown\" IsModern=\"TRUE\" Name=\"RecurrenceID\" Percentage=\"FALSE\" Title=\"RecurrenceID\" Type=\"Number\" Unit=\"None\" ID=\"{3d4e7ab3-7760-4769-9855-b201952f6d89}\" StaticName=\"RecurrenceID\" />","<Field DisplayName=\"RecurrenceDayName\" Format=\"Dropdown\" IsModern=\"TRUE\" MaxLength=\"255\" Name=\"RecurrenceDayName\" Title=\"RecurrenceDayName\" Type=\"Text\" ID=\"{5fe52c04-62aa-439e-b6e2-1052cfaa58ed}\" StaticName=\"RecurrenceDayName\" />","<Field DisplayName=\"RecurrenceTimes\" Format=\"Dropdown\" IsModern=\"TRUE\" MaxLength=\"255\" Name=\"RecurrenceTimes\" Title=\"RecurrenceTimes\" Type=\"Text\" ID=\"{6467cb09-efe2-438e-a2ab-55cf7bf2a61a}\" StaticName=\"RecurrenceTimes\" />","<Field DisplayName=\"OptionalAttendees\" Format=\"Dropdown\" IsModern=\"TRUE\" List=\"UserInfo\" Name=\"OptionalAttendees\" Title=\"OptionalAttendees\" Type=\"User\" UserSelectionMode=\"0\" UserSelectionScope=\"0\" ID=\"{953df905-cefd-4067-b9b1-57cab4cbee52}\" StaticName=\"OptionalAttendees\" />","<Field DisplayName=\"DeskFloor\" Format=\"Dropdown\" IsModern=\"TRUE\" MaxLength=\"255\" Name=\"DeskFloor\" Title=\"DeskFloor\" Type=\"Text\" ID=\"{8dc78de5-862c-4258-8a0b-993cbce77887}\" StaticName=\"DeskFloor\" />","<Field DisplayName=\"IsRecurring\" Format=\"Dropdown\" IsModern=\"TRUE\" Name=\"IsRecurring\" Title=\"IsRecurring\" Type=\"Boolean\" ID=\"{a845413a-7084-4074-8d44-eb713d796cb2}\" StaticName=\"IsRecurring\"><Default>1</Default></Field>","<Field AppendOnly=\"FALSE\" DisplayName=\"OutlookEventID\" Format=\"Dropdown\" IsModern=\"TRUE\" IsolateStyles=\"FALSE\" Name=\"OutlookEventID\" RichText=\"FALSE\" RichTextMode=\"Compatible\" Title=\"OutlookEventID\" Type=\"Note\" ID=\"{432a1706-d9f1-400f-a7af-515877220510}\" StaticName=\"OutlookEventID\" />","<Field AppendOnly=\"FALSE\" DisplayName=\"OutlookSeriesID\" Format=\"Dropdown\" IsModern=\"TRUE\" IsolateStyles=\"FALSE\" Name=\"OutlookSeriesID\" RichText=\"FALSE\" RichTextMode=\"Compatible\" Title=\"OutlookSeriesID\" Type=\"Note\" ID=\"{857b7774-6b71-4d90-a6ea-e6912bee57f3}\" StaticName=\"OutlookSeriesID\" />","<Field CustomFormatter=\"{&quot;elmType&quot;:&quot;div&quot;,&quot;style&quot;:{&quot;flex-wrap&quot;:&quot;wrap&quot;,&quot;display&quot;:&quot;flex&quot;},&quot;children&quot;:[{&quot;elmType&quot;:&quot;div&quot;,&quot;style&quot;:{&quot;box-sizing&quot;:&quot;border-box&quot;,&quot;padding&quot;:&quot;4px 8px 5px 8px&quot;,&quot;overflow&quot;:&quot;hidden&quot;,&quot;text-overflow&quot;:&quot;ellipsis&quot;,&quot;display&quot;:&quot;flex&quot;,&quot;border-radius&quot;:&quot;16px&quot;,&quot;height&quot;:&quot;24px&quot;,&quot;align-items&quot;:&quot;center&quot;,&quot;white-space&quot;:&quot;nowrap&quot;,&quot;margin&quot;:&quot;4px 4px 4px 4px&quot;},&quot;attributes&quot;:{&quot;class&quot;:{&quot;operator&quot;:&quot;:&quot;,&quot;operands&quot;:[{&quot;operator&quot;:&quot;==&quot;,&quot;operands&quot;:[&quot;@currentField&quot;,&quot;Choice 1&quot;]},&quot;sp-css-backgroundColor-BgCornflowerBlue sp-field-fontSizeSmall sp-css-color-CornflowerBlueFont sp-css-color-CornflowerBlueFont&quot;,{&quot;operator&quot;:&quot;:&quot;,&quot;operands&quot;:[{&quot;operator&quot;:&quot;==&quot;,&quot;operands&quot;:[&quot;@currentField&quot;,&quot;Choice 2&quot;]},&quot;sp-css-backgroundColor-BgMintGreen sp-field-fontSizeSmall sp-css-color-MintGreenFont sp-css-color-MintGreenFont&quot;,{&quot;operator&quot;:&quot;:&quot;,&quot;operands&quot;:[{&quot;operator&quot;:&quot;==&quot;,&quot;operands&quot;:[&quot;@currentField&quot;,&quot;Choice 3&quot;]},&quot;sp-css-backgroundColor-BgGold sp-field-fontSizeSmall sp-css-color-GoldFont sp-css-color-GoldFont&quot;,{&quot;operator&quot;:&quot;:&quot;,&quot;operands&quot;:[{&quot;operator&quot;:&quot;==&quot;,&quot;operands&quot;:[&quot;@currentField&quot;,&quot;&quot;]},&quot;&quot;,&quot;sp-field-borderAllRegular sp-field-borderAllSolid sp-css-borderColor-neutralSecondary&quot;]}]}]}]}},&quot;children&quot;:[{&quot;elmType&quot;:&quot;span&quot;,&quot;style&quot;:{&quot;overflow&quot;:&quot;hidden&quot;,&quot;text-overflow&quot;:&quot;ellipsis&quot;,&quot;padding&quot;:&quot;0 3px&quot;},&quot;txtContent&quot;:&quot;@currentField&quot;,&quot;attributes&quot;:{&quot;class&quot;:{&quot;operator&quot;:&quot;:&quot;,&quot;operands&quot;:[{&quot;operator&quot;:&quot;==&quot;,&quot;operands&quot;:[&quot;@currentField&quot;,&quot;Choice 1&quot;]},&quot;sp-field-fontSizeSmall sp-css-color-CornflowerBlueFont&quot;,{&quot;operator&quot;:&quot;:&quot;,&quot;operands&quot;:[{&quot;operator&quot;:&quot;==&quot;,&quot;operands&quot;:[&quot;@currentField&quot;,&quot;Choice 2&quot;]},&quot;sp-field-fontSizeSmall sp-css-color-MintGreenFont&quot;,{&quot;operator&quot;:&quot;:&quot;,&quot;operands&quot;:[{&quot;operator&quot;:&quot;==&quot;,&quot;operands&quot;:[&quot;@currentField&quot;,&quot;Choice 3&quot;]},&quot;sp-field-fontSizeSmall sp-css-color-GoldFont&quot;,{&quot;operator&quot;:&quot;:&quot;,&quot;operands&quot;:[{&quot;operator&quot;:&quot;==&quot;,&quot;operands&quot;:[&quot;@currentField&quot;,&quot;&quot;]},&quot;&quot;,&quot;&quot;]}]}]}]}}}]}],&quot;templateId&quot;:&quot;BgColorChoicePill&quot;}\" DisplayName=\"RecurrencePattern\" FillInChoice=\"FALSE\" Format=\"Dropdown\" IsModern=\"TRUE\" Name=\"RecurrencePattern\" Title=\"RecurrencePattern\" Type=\"Choice\" ID=\"{bac24dbb-6060-42d9-b8cb-107a3a2d2f62}\" StaticName=\"RecurrencePattern\"><CHOICES><CHOICE>Choice 1</CHOICE><CHOICE>Choice 2</CHOICE><CHOICE>Choice 3</CHOICE></CHOICES></Field>","<Field ID=\"{8a92c048-7072-4e73-bdf4-7abd0a839dff}\" DisplayName=\"ParentReservationID\" Name=\"field_30\" StaticName=\"field_30\" Type=\"Text\" />","<Field DisplayName=\"Floor\" Format=\"Dropdown\" IsModern=\"TRUE\" MaxLength=\"255\" Name=\"Floor\" Title=\"Floor\" Type=\"Text\" ID=\"{a116430a-536e-4711-97f1-b8d248096ede}\" StaticName=\"Floor\" />","<Field ID=\"{82642ec8-ef9b-478f-acf9-31f7d45fbc31}\" ReadOnly=\"TRUE\" Type=\"Computed\" Name=\"LinkTitle\" DisplayName=\"Title\" DisplayNameSrcField=\"Title\" ClassInfo=\"Menu\" AuthoringInfo=\"(linked to item with edit menu)\" ListItemMenuAllowed=\"Required\" LinkToItemAllowed=\"Prohibited\" SourceID=\"http://schemas.microsoft.com/sharepoint/v3\" StaticName=\"LinkTitle\" FromBaseType=\"TRUE\"><FieldRefs><FieldRef Name=\"Title\" /><FieldRef Name=\"LinkTitleNoMenu\" /><FieldRef Name=\"_EditMenuTableStart2\" /><FieldRef Name=\"_EditMenuTableEnd\" /></FieldRefs><DisplayPattern><FieldSwitch><Expr><GetVar Name=\"FreeForm\" /></Expr><Case Value=\"TRUE\"><Field Name=\"LinkTitleNoMenu\" /></Case><Default><HTML><![CDATA[<div class=\"ms-vb itx\" onmouseover=\"OnItem(this)\" CTXName=\"ctx]]></HTML><Field Name=\"_EditMenuTableStart2\" /><HTML><![CDATA[\">]]></HTML><Field Name=\"LinkTitleNoMenu\" /><HTML><![CDATA[</div>]]></HTML><HTML><![CDATA[<div class=\"s4-ctx\" onmouseover=\"OnChildItem(this.parentNode); return false;\">]]></HTML><HTML><![CDATA[<span>&nbsp;</span>]]></HTML><HTML><![CDATA[<a onfocus=\"OnChildItem(this.parentNode.parentNode); return false;\" onclick=\"PopMenuFromChevron(event); return false;\" href=\"javascript:;\" title=\"Open Menu\"></a>]]></HTML><HTML><![CDATA[<span>&nbsp;</span>]]></HTML><HTML><![CDATA[</div>]]></HTML></Default></FieldSwitch></DisplayPattern></Field>"]}
"ID","Reason for desk reservation","Title","Reserved By","DeskText","Check Out To","Check Out From","Check Out To Text","Check Out From Text","Check Out To Number","Check Out From Number","Description","Service","RoomReservation","Manager","Asset","RecurrenceFrequency","RecurrenceEndDate","MeetingCategory","RecurrenceID","RecurrenceDayName","RecurrenceTimes","OptionalAttendees","DeskFloor","IsRecurring","OutlookEventID","OutlookSeriesID","RecurrencePattern","ParentReservationID","Floor","Compliance Asset Id","Modified","Created","Created By","Modified By","Attachments","Item Child Count","Folder Child Count","Label setting","Retention label","Retention label Applied","Label applied by","Item is a Record"
"1253","lkasjdfojasdfiousdafiousahfuhdf","Coder, Kyle J. – placeholder: Title @ 01/27/2026 11:15 AM","Kyle.Coder@va.gov","placeholder: Title","2026-01-27T19:15:00Z","2026-01-27T16:15:00Z",,,,,"lkasjdfojasdfiousdafiousahfuhdf","Hines VAMC (v12/578), Department of Veterans Affairs;","True","Bradley.Lomax@va.gov","Desk",,"2026-01-27T05:00:00Z","Super User Training","217",,,,"Room: GA141; Floor: 6; Building: 110; Division: Hines VAMC; Facility: Edward Hines Jr. VA Hospital (v12/578);","True",,,,,,,"2026-01-21T16:08:58Z","2026-01-21T16:08:58Z","Kyle.Coder@va.gov","Kyle.Coder@va.gov","0","0","0",,,,,
"1252","placeholder: OPTIONAL: Free-text any additional comments, concerns, learning accommodations, or any other relavant information about this reservation in the box below","Coder, Kyle J. – placeholder: Title @ 01/27/2026 11:30 AM","Kyle.Coder@va.gov","placeholder: Title","2026-01-27T19:00:00Z","2026-01-27T16:30:00Z",,,,,"placeholder: OPTIONAL: Free-text any additional comments, concerns, learning accommodations, or any other relavant information about this reservation in the box below","Hines VAMC (v12/578), Department of Veterans Affairs;","True","Bradley.Lomax@va.gov","Desk",,"2026-01-27T05:00:00Z","Super User Training","216",,,,"Room: GA141; Floor: 6; Building: 110; Division: Hines VAMC; Facility: Edward Hines Jr. VA Hospital (v12/578);","True",,,,,,,"2026-01-21T16:02:08Z","2026-01-21T16:02:08Z","Kyle.Coder@va.gov","Kyle.Coder@va.gov","0","0","0",,,,,
"1251","placeholder: OPTIONAL: Free-text any additional comments, concerns, learning accommodations, or any other relavant information about this reservation in the box below","Coder, Kyle J. – placeholder: Title @ 01/27/2026 11:30 AM","Kyle.Coder@va.gov","placeholder: Title","2026-01-27T19:00:00Z","2026-01-27T16:30:00Z",,,,,"placeholder: OPTIONAL: Free-text any additional comments, concerns, learning accommodations, or any other relavant information about this reservation in the box below","Hines VAMC (v12/578), Department of Veterans Affairs;","True","Bradley.Lomax@va.gov","Desk",,"2026-01-27T05:00:00Z","Super User Training","216",,,,"Room: GA141; Floor: 6; Building: 110; Division: Hines VAMC; Facility: Edward Hines Jr. VA Hospital (v12/578);","True",,,,,,,"2026-01-21T16:02:08Z","2026-01-21T16:02:08Z","Kyle.Coder@va.gov","Kyle.Coder@va.gov","0","0","0",,,,,
"1250","test test test","Coder, Kyle J. – Bldg. 8, RM105, Desk 3 @ 01/23/2026 08:00 AM","Kyle.Coder@va.gov","Bldg. 8, RM105, Desk 3","2026-01-23T15:00:00Z","2026-01-23T13:00:00Z",,,,,"test test test","Hines VAMC (v12/578), Department of Veterans Affairs;","True","Bradley.Lomax@va.gov","Desk",,"2026-01-23T05:00:00Z","Super User Training","215",,,,"Bldg. 8, RM105","True",,,,,,,"2026-01-21T12:49:10Z","2026-01-21T12:49:10Z","Kyle.Coder@va.gov","Kyle.Coder@va.gov","0","0","0",,,,,
"1249",,"Zakarian, Ara A. – Bldg. 8, RM105, Desk 1 @ 01/06/2026 02:30 PM","Ara.Zakarian@va.gov","Bldg. 8, RM105, Desk 1","2026-01-06T19:45:00Z","2026-01-06T19:30:00Z",,,,,,"Clinical Informatics, Hines VAMC, Department of Veterans Affairs;","True","Bradley.Lomax@va.gov","Desk",,"2026-01-06T05:00:00Z","End User Training","214",,,,"Bldg. 8, RM105","True",,,,,,,"2026-01-06T21:10:37Z","2026-01-06T21:10:37Z","Kyle.Coder@va.gov","Kyle.Coder@va.gov","0","0","0",,,,,
"1248",,"Zakarian, Ara A. – Benton Harbor CBOC, RM118, Desk 2 @ 01/06/2026 02:30 PM","Ara.Zakarian@va.gov","Benton Harbor CBOC, RM118, Desk 2","2026-01-06T19:45:00Z","2026-01-06T19:30:00Z",,,,,,"Clinical Informatics, Hines VAMC, Department of Veterans Affairs;","True","Bradley.Lomax@va.gov","Desk",,"2026-01-06T05:00:00Z","End User Training","214",,,,"Benton Harbor CBOC, RM118","True",,,,,,,"2026-01-06T21:10:37Z","2026-01-06T21:10:37Z","Kyle.Coder@va.gov","Kyle.Coder@va.gov","0","0","0",,,,,
"1247",,"Zakarian, Ara A. – Benton Harbor CBOC, RM118, Desk 1 @ 01/06/2026 02:30 PM","Ara.Zakarian@va.gov","Benton Harbor CBOC, RM118, Desk 1","2026-01-06T19:45:00Z","2026-01-06T19:30:00Z",,,,,,"Clinical Informatics, Hines VAMC, Department of Veterans Affairs;","True","Bradley.Lomax@va.gov","Desk",,"2026-01-06T05:00:00Z","End User Training","214",,,,"Benton Harbor CBOC, RM118","True",,,,,,,"2026-01-06T21:10:36Z","2026-01-06T21:10:36Z","Kyle.Coder@va.gov","Kyle.Coder@va.gov","0","0","0",,,,,
"1246","test1 ""Reservation Comments""","Coder, Kyle J. – Benton Harbor CBOC, RM118, Desk 1 @ 12/31/2025 04:00 PM","Kyle.Coder@va.gov","Benton Harbor CBOC, RM118, Desk 1","2025-12-31T22:00:00Z","2025-12-31T21:00:00Z",,,,,"test1 ""Reservation Comments""","test1 ""Service""","True","Ara.Zakarian@va.gov","Desk",,"2025-12-31T05:00:00Z","End User Training","213",,,,"Benton Harbor CBOC, RM118","True",,,,,,,"2025-12-31T19:34:56Z","2025-12-31T19:34:56Z","Kyle.Coder@va.gov","Kyle.Coder@va.gov","0","0","0",,,,,
"1245","test1 ""Reservation Comments""","Coder, Kyle J. – Benton Harbor CBOC, RM118, Desk 3 @ 12/31/2025 04:00 PM","Kyle.Coder@va.gov","Benton Harbor CBOC, RM118, Desk 3","2025-12-31T22:00:00Z","2025-12-31T21:00:00Z",,,,,"test1 ""Reservation Comments""","test1 ""Service""","True","Ara.Zakarian@va.gov","Desk",,"2025-12-31T05:00:00Z","End User Training","213",,,,"Benton Harbor CBOC, RM118","True",,,,,,,"2025-12-31T19:34:56Z","2025-12-31T19:34:56Z","Kyle.Coder@va.gov","Kyle.Coder@va.gov","0","0","0",,,,,
"1244",,"Mcclendon, Lykiesha M – Bldg. 9, RM124, Desk 11 @ 02/26/2026 06:00 PM","Lykiesha.Mcclendon@va.gov","Bldg. 9, RM124, Desk 11","2026-02-27T03:00:00Z","2026-02-26T23:00:00Z",,,"0","0",,"residential","True","Sarah.Barker3@va.gov","Desk",,"2026-02-26T05:00:00Z","End User Training","212",,,,"Bldg. 9, RM124","True",,,,,,,"2025-12-19T17:39:44Z","2025-12-19T17:39:44Z","Kyle.Coder@va.gov","Kyle.Coder@va.gov","0","0","0",,,,,
"1243",,"Mcclendon, Lykiesha M – Bldg. 9, RM124, Desk 10 @ 02/19/2026 11:00 PM","Lykiesha.Mcclendon@va.gov","Bldg. 9, RM124, Desk 10",,"2026-02-20T04:00:00Z",,,"0","0",,"residential","True","Sarah.Barker3@va.gov","Desk",,"1969-12-31T05:00:00Z","End User Training","211",,,,"Bldg. 9, RM124","True",,,,,,,"2025-12-19T17:39:43Z","2025-12-19T17:39:43Z","Kyle.Coder@va.gov","Kyle.Coder@va.gov","0","0","0",,,,,
"1242",,"Cole, Michelle R. – Bldg. 9, RM205, Desk 11 @ 02/04/2026 01:00 PM","Michelle.Cole@va.gov","Bldg. 9, RM205, Desk 11","2026-02-04T22:00:00Z","2026-02-04T18:00:00Z",,,"0","0",,"residetial","True","Sarah.Barker3@va.gov","Desk",,"2026-02-04T05:00:00Z","End User Training","210",,,,"Bldg. 9, RM205","True",,,,,,,"2025-12-19T17:39:43Z","2025-12-19T17:39:43Z","Kyle.Coder@va.gov","Kyle.Coder@va.gov","0","0","0",,,,,
"1241",,"Cole, Michelle R. – Bldg. 9, RM205, Desk 11 @ 02/04/2026 08:00 AM","Michelle.Cole@va.gov","Bldg. 9, RM205, Desk 11","2026-02-04T17:00:00Z","2026-02-04T13:00:00Z",,,"0","0",,"Residential","True","Sarah.Barker3@va.gov","Desk",,"2026-02-04T05:00:00Z","End User Training","209",,,,"Bldg. 9, RM205","True",,,,,,,"2025-12-19T17:39:43Z","2025-12-19T17:39:43Z","Kyle.Coder@va.gov","Kyle.Coder@va.gov","0","0","0",,,,,
"1240",,"Gorby, Trisha L. – Bldg. 2, RM1317, Desk 5 @ 12/18/2025 12:00 AM","Trisha.Gorby@va.gov","Bldg. 2, RM1317, Desk 5","2025-12-18T14:00:00Z","2025-12-18T05:00:00Z",,,"0","0",,"BOS","True","Angela.Cole@va.gov","Desk",,"2025-12-18T05:00:00Z","End User Training","208",,,,"Bldg. 2, RM1317","True",,,,,,,"2025-12-19T17:39:43Z","2025-12-19T17:39:43Z","Kyle.Coder@va.gov","Kyle.Coder@va.gov","0","0","0",,,,,
"1239",,"Heffron, Amanda M. – Bldg. 2, RM1317, Desk 6 @ 02/02/2026 08:00 AM","Amanda.Heffron@va.gov","Bldg. 2, RM1317, Desk 6","2026-02-02T17:00:00Z","2026-02-02T13:00:00Z",,,"0","0",,"BOS","True","Angela.Cole@va.gov","Desk",,"2026-02-02T05:00:00Z","End User Training","207",,,,"Bldg. 2, RM1317","True",,,,,,,"2025-12-19T17:39:43Z","2025-12-19T17:39:43Z","Kyle.Coder@va.gov","Kyle.Coder@va.gov","0","0","0",,,,,
"1238","I'm a super user and need to proctor an end user 300iVLT class.","Wozniak, Courtney A – Bldg. 9, RM205, Desk 11 @ 02/03/2026 08:00 AM","Courtney.Wozniak@va.gov","Bldg. 9, RM205, Desk 11","2026-02-03T17:00:00Z","2026-02-03T13:00:00Z",,,"0","0","I'm a super user and need to proctor an end user 300iVLT class.","Radiology","True","Angela.Alvey@va.gov","Desk",,"2026-02-03T05:00:00Z","End User Training","206",,,,"Bldg. 9, RM205","True",,,,,,,"2025-12-19T17:39:42Z","2025-12-19T17:39:42Z","Kyle.Coder@va.gov","Kyle.Coder@va.gov","0","0","0",,,,,
"1237","proctor ","Cole, Angela – Bldg. 2, RM1317, Desk 2 @ 02/05/2026 08:00 AM","Angela.Cole@va.gov","Bldg. 2, RM1317, Desk 2","2026-02-05T17:00:00Z","2026-02-05T13:00:00Z",,,"0","0","proctor ","BOS","True","Angela.Cole@va.gov","Desk",,"2026-02-05T05:00:00Z","Super User Training","205",,,,"Bldg. 2, RM1317","True",,,,,,,"2025-12-19T17:39:42Z","2025-12-19T17:39:42Z","Kyle.Coder@va.gov","Kyle.Coder@va.gov","0","0","0",,,,,
"1236","Proctor training","Cole, Angela – Bldg. 2, RM1317, Desk 3 @ 02/05/2026 08:00 AM","Angela.Cole@va.gov","Bldg. 2, RM1317, Desk 3","2026-02-05T17:00:00Z","2026-02-05T13:00:00Z",,,"0","0","Proctor training","BOS ","True","Angela.Cole@va.gov","Desk",,"2026-02-05T05:00:00Z","Super User Training","205",,,,"Bldg. 2, RM1317","True",,,,,,,"2025-12-19T17:39:42Z","2025-12-19T17:39:42Z","Kyle.Coder@va.gov","Kyle.Coder@va.gov","0","0","0",,,,,
"1235",,"Matthews, Trudie – Bldg. 9, RM205, Desk 10 @ 02/04/2026 01:00 PM","Trudie.Matthews@va.gov","Bldg. 9, RM205, Desk 10","2026-02-04T22:00:00Z","2026-02-04T18:00:00Z",,,"0","0",,"residential","True","Sarah.Barker3@va.gov","Desk",,"2026-02-04T05:00:00Z","End User Training","204",,,,"Bldg. 9, RM205","True",,,,,,,"2025-12-19T17:39:42Z","2025-12-19T17:39:42Z","Kyle.Coder@va.gov","Kyle.Coder@va.gov","0","0","0",,,,,
"1234",,"Matthews, Trudie – Bldg. 9, RM205, Desk 10 @ 02/04/2026 08:00 AM","Trudie.Matthews@va.gov","Bldg. 9, RM205, Desk 10","2026-02-04T17:00:00Z","2026-02-04T13:00:00Z",,,"0","0",,"residential","True","Sarah.Barker3@va.gov","Desk",,"2026-02-04T05:00:00Z","End User Training","203",,,,"Bldg. 9, RM205","True",,,,,,,"2025-12-19T17:39:42Z","2025-12-19T17:39:42Z","Kyle.Coder@va.gov","Kyle.Coder@va.gov","0","0","0",,,,,
"1233",,"Chehowski, Kaci J – Bldg. 9, RM205, Desk 10 @ 02/06/2026 01:00 PM","Kaci.Chehowski@va.gov","Bldg. 9, RM205, Desk 10","2026-02-06T22:00:00Z","2026-02-06T18:00:00Z",,,"0","0",,"Residential","True","Sarah.Barker3@va.gov","Desk",,"2026-02-06T05:00:00Z","End User Training","202",,,,"Bldg. 9, RM205","True",,,,,,,"2025-12-19T17:39:42Z","2025-12-19T17:39:42Z","Kyle.Coder@va.gov","Kyle.Coder@va.gov","0","0","0",,,,,
"1232",,"Chehowski, Kaci J – Bldg. 9, RM205, Desk 10 @ 02/17/2026 08:00 AM","Kaci.Chehowski@va.gov","Bldg. 9, RM205, Desk 10","2026-02-17T22:00:00Z","2026-02-17T13:00:00Z",,,"0","0",,"Residential","True","Sarah.Barker3@va.gov","Desk",,"2026-02-17T05:00:00Z","End User Training","201",,,,"Bldg. 9, RM205","True",,,,,,,"2025-12-19T17:39:41Z","2025-12-19T17:39:41Z","Kyle.Coder@va.gov","Kyle.Coder@va.gov","0","0","0",,,,,
"1231",,"Opala, Ashley M. – Bldg. 9, RM205, Desk 11 @ 02/17/2026 08:00 AM","Ashley.Opala@va.gov","Bldg. 9, RM205, Desk 11","2026-02-17T22:00:00Z","2026-02-17T13:00:00Z",,,"0","0",,"Residential","True","Sarah.Barker3@va.gov","Desk",,"2026-02-17T05:00:00Z","End User Training","201",,,,"Bldg. 9, RM205","True",,,,,,,"2025-12-19T17:39:41Z","2025-12-19T17:39:41Z","Kyle.Coder@va.gov","Kyle.Coder@va.gov","0","0","0",,,,,
"1230",,"Opala, Ashley M. – Bldg. 9, RM205, Desk 1  @ 02/02/2026 12:00 PM","Ashley.Opala@va.gov","Bldg. 9, RM205, Desk 1 ","2026-02-02T22:00:00Z","2026-02-02T17:00:00Z",,,"0","0",,"Residential","True","Sarah.Barker3@va.gov","Desk",,"2026-02-02T05:00:00Z","End User Training","200",,,,"Bldg. 9, RM205","True",,,,,,,"2025-12-19T17:39:41Z","2025-12-19T17:39:41Z","Kyle.Coder@va.gov","Kyle.Coder@va.gov","0","0","0",,,,,
"1229","EHRM 360 Document Imaging","Konkright, Clara H. – Bldg. 2, RM1417, Desk 1  @ 03/18/2026 02:00 PM","Clara.Konkright@va.gov","Bldg. 2, RM1417, Desk 1 ","2026-03-18T19:00:00Z","2026-03-18T18:00:00Z",,,"0","0","EHRM 360 Document Imaging","HAS/BOS","True","Angela.Cole@va.gov","Desk",,"2026-03-18T04:00:00Z","End User Training","199",,,,"Bldg. 2, RM1417","True",,,,,,,"2025-12-19T17:39:41Z","2025-12-19T17:39:41Z","Kyle.Coder@va.gov","Kyle.Coder@va.gov","0","0","0",,,,,
"1228","EHRM 360 Document Imaging","Kendrick, Curtice S – Bldg. 2, RM1417, Desk 1  @ 03/18/2026 12:00 PM","Curtice.Kendrick@va.gov","Bldg. 2, RM1417, Desk 1 ","2026-03-18T17:00:00Z","2026-03-18T16:00:00Z",,,"0","0","EHRM 360 Document Imaging","HAS/BOS","True","Angela.Cole@va.gov","Desk",,"2026-03-18T04:00:00Z","End User Training","198",,,,"Bldg. 2, RM1417","True",,,,,,,"2025-12-19T17:39:40Z","2025-12-19T17:39:40Z","Kyle.Coder@va.gov","Kyle.Coder@va.gov","0","0","0",,,,,
"1227","EHRM 360 Document Imaging","Madill, Debora E – Bldg. 2, RM1417, Desk 1  @ 03/18/2026 10:00 AM","Debora.Madill@va.gov","Bldg. 2, RM1417, Desk 1 ","2026-03-18T15:00:00Z","2026-03-18T14:00:00Z",,,"0","0","EHRM 360 Document Imaging","HAS/BOS","True","Angela.Cole@va.gov","Desk",,"2026-03-18T04:00:00Z","End User Training","197",,,,"Bldg. 2, RM1417","True",,,,,,,"2025-12-19T17:39:40Z","2025-12-19T17:39:40Z","Kyle.Coder@va.gov","Kyle.Coder@va.gov","0","0","0",,,,,
"1226","EHRM 360 Document Imaging","Latterner, Maria E. – Bldg. 2, RM1417, Desk 1  @ 03/17/2026 02:00 PM","Maria.Page@va.gov","Bldg. 2, RM1417, Desk 1 ","2026-03-17T19:00:00Z","2026-03-17T18:00:00Z",,,"0","0","EHRM 360 Document Imaging","HAS/BOS","True","Angela.Cole@va.gov","Desk",,"2026-03-17T04:00:00Z","End User Training","196",,,,"Bldg. 2, RM1417","True",,,,,,,"2025-12-19T17:39:40Z","2025-12-19T17:39:40Z","Kyle.Coder@va.gov","Kyle.Coder@va.gov","0","0","0",,,,,
"1225","EHRM 360 Document Imaging","Belk, Dara C – Bldg. 2, RM1417, Desk 1  @ 03/17/2026 10:00 AM","Dara.Belk@va.gov","Bldg. 2, RM1417, Desk 1 ","2026-03-17T15:00:00Z","2026-03-17T14:00:00Z",,,"0","0","EHRM 360 Document Imaging","HAS/BOS","True","Angela.Cole@va.gov","Desk",,"2026-03-17T04:00:00Z","End User Training","195",,,,"Bldg. 2, RM1417","True",,,,,,,"2025-12-19T17:39:40Z","2025-12-19T17:39:40Z","Kyle.Coder@va.gov","Kyle.Coder@va.gov","0","0","0",,,,,
"1224","EHRM 360 Document Imaging","Bolden, Tammy K. – Bldg. 2, RM1417, Desk 1  @ 03/10/2026 11:00 AM","Tammy.Bolden@va.gov","Bldg. 2, RM1417, Desk 1 ","2026-03-10T16:00:00Z","2026-03-10T15:00:00Z",,,"0","0","EHRM 360 Document Imaging","HAS/BOS","True","Angela.Cole@va.gov","Desk",,"2026-03-10T04:00:00Z","End User Training","194",,,,"Bldg. 2, RM1417","True",,,,,,,"2025-12-19T17:39:40Z","2025-12-19T17:39:40Z","Kyle.Coder@va.gov","Kyle.Coder@va.gov","0","0","0",,,,,
"1223","EHRM 360 Document Imaging","Altman, Becca – Bldg. 2, RM1417, Desk 1  @ 03/10/2026 09:00 AM","Rebecca.Altman2@va.gov","Bldg. 2, RM1417, Desk 1 ","2026-03-10T14:00:00Z","2026-03-10T13:00:00Z",,,"0","0","EHRM 360 Document Imaging","HAS/BOS","True","Angela.Cole@va.gov","Desk",,"2026-03-10T04:00:00Z","End User Training","193",,,,"Bldg. 2, RM1417","True",,,,,,,"2025-12-19T17:39:40Z","2025-12-19T17:39:40Z","Kyle.Coder@va.gov","Kyle.Coder@va.gov","0","0","0",,,,,
"1222",,"Latterner, Maria E. – Bldg. 2, RM1417, Desk 1  @ 02/09/2026 08:00 AM","Maria.Page@va.gov","Bldg. 2, RM1417, Desk 1 ","2026-02-09T17:00:00Z","2026-02-09T13:00:00Z",,,"0","0",,"HAS/BOS","True","Angela.Cole@va.gov","Desk",,"2026-02-09T05:00:00Z","End User Training","192",,,,"Bldg. 2, RM1417","True",,,,,,,"2025-12-19T17:39:39Z","2025-12-19T17:39:39Z","Kyle.Coder@va.gov","Kyle.Coder@va.gov","0","0","0",,,,,
"1221",,"Konkright, Clara H. – Bldg. 2, RM1417, Desk 1  @ 02/06/2026 08:00 AM","Clara.Konkright@va.gov","Bldg. 2, RM1417, Desk 1 ","2026-02-06T17:00:00Z","2026-02-06T13:00:00Z",,,"0","0",,"HAS/BOS","True","Angela.Cole@va.gov","Desk",,"2026-02-06T05:00:00Z","End User Training","191",,,,"Bldg. 2, RM1417","True",,,,,,,"2025-12-19T17:39:39Z","2025-12-19T17:39:39Z","Kyle.Coder@va.gov","Kyle.Coder@va.gov","0","0","0",,,,,
"1220"," EHRM/SCHEDULING REG 300","Belk, Dara C – Bldg. 2, RM1417, Desk 1  @ 02/04/2026 08:00 AM","Dara.Belk@va.gov","Bldg. 2, RM1417, Desk 1 ","2026-02-04T17:00:00Z","2026-02-04T13:00:00Z",,,"0","0"," EHRM/SCHEDULING REG 300","HAS/BOS","True","Angela.Cole@va.gov","Desk",,"2026-02-04T05:00:00Z","End User Training","190",,,,"Bldg. 2, RM1417","True",,,,,,,"2025-12-19T17:39:39Z","2025-12-19T17:39:39Z","Kyle.Coder@va.gov","Kyle.Coder@va.gov","0","0","0",,,,,
"1219"," EHRM/SCHEDULING REG 300","Kendrick, Curtice S – Bldg. 2, RM1417, Desk 1  @ 02/03/2026 08:00 AM","Curtice.Kendrick@va.gov","Bldg. 2, RM1417, Desk 1 ","2026-02-03T17:00:00Z","2026-02-03T13:00:00Z",,,"0","0"," EHRM/SCHEDULING REG 300","HAS/BOS","True","Angela.Cole@va.gov","Desk",,"2026-02-03T05:00:00Z","End User Training","189",,,,"Bldg. 2, RM1417","True",,,,,,,"2025-12-19T17:39:39Z","2025-12-19T17:39:39Z","Kyle.Coder@va.gov","Kyle.Coder@va.gov","0","0","0",,,,,
"1218","#1 EHRM/SCHEDULING REG 300","Madill, Debora E – Bldg. 2, RM1417, Desk 1  @ 02/23/2026 08:00 AM","Debora.Madill@va.gov","Bldg. 2, RM1417, Desk 1 ","2026-02-23T17:00:00Z","2026-02-23T13:00:00Z",,,"0","0","#1 EHRM/SCHEDULING REG 300","HAS/BOS","True","Angela.Cole@va.gov","Desk",,"2026-02-23T05:00:00Z","End User Training","188",,,,"Bldg. 2, RM1417","True",,,,,,,"2025-12-19T17:39:39Z","2025-12-19T17:39:39Z","Kyle.Coder@va.gov","Kyle.Coder@va.gov","0","0","0",,,,,
"1217",,"Bishop, Meghan F. – Bldg. 2, RM1317, Desk 5 @ 02/02/2026 08:00 AM","Meghan.Bishop@va.gov","Bldg. 2, RM1317, Desk 5","2026-02-02T17:00:00Z","2026-02-02T13:00:00Z",,,"0","0",,"bos","True","Angela.Cole@va.gov","Desk",,"2026-02-02T05:00:00Z","End User Training","187",,,,"Bldg. 2, RM1317","True",,,,,,,"2025-12-19T17:39:38Z","2025-12-19T17:39:38Z","Kyle.Coder@va.gov","Kyle.Coder@va.gov","0","0","0",,,,,
"1216",,"Bishop, Meghan F. – Bldg. 2, RM1317, Desk 3 @ 02/03/2026 08:00 AM","Meghan.Bishop@va.gov","Bldg. 2, RM1317, Desk 3","2026-02-03T17:00:00Z","2026-02-03T13:00:00Z",,,"0","0",,"BOS","True","Angela.Cole@va.gov","Desk",,"2026-02-03T05:00:00Z","End User Training","185",,,,"Bldg. 2, RM1317","True",,,,,,,"2025-12-19T17:39:38Z","2025-12-19T17:39:38Z","Kyle.Coder@va.gov","Kyle.Coder@va.gov","0","0","0",,,,,
"1215",,"Aaron Winegar – Bldg. 2, RM1317, Desk 8 @ 02/26/2026 08:00 AM","Aaron.Winegar@va.gov","Bldg. 2, RM1317, Desk 8","2026-02-26T20:00:00Z","2026-02-26T13:00:00Z",,,"0","0",,"AHCS","True","Lisa.Wood3@va.gov","Desk",,"2026-02-26T05:00:00Z","End User Training","183",,,,"Bldg. 2, RM1317","True",,,,,,,"2025-12-19T17:39:38Z","2025-12-19T17:39:38Z","Kyle.Coder@va.gov","Kyle.Coder@va.gov","0","0","0",,,,,
"1214",,"Sandra Konkright – Bldg. 2, RM1317, Desk 9 @ 02/20/2026 08:00 AM","Sandra.Konkright@va.gov","Bldg. 2, RM1317, Desk 9","2026-02-20T20:00:00Z","2026-02-20T13:00:00Z",,,"0","0",,"AHCS","True","Lisa.Wood3@va.gov","Desk",,"2026-02-20T05:00:00Z","End User Training","182",,,,"Bldg. 2, RM1317","True",,,,,,,"2025-12-19T17:39:38Z","2025-12-19T17:39:38Z","Kyle.Coder@va.gov","Kyle.Coder@va.gov","0","0","0",,,,,
"1213",,"Autumn Johnson – Bldg. 2, RM1317, Desk 8 @ 02/18/2026 08:00 AM","Autumn.Johnson1@va.gov","Bldg. 2, RM1317, Desk 8","2026-02-18T20:00:00Z","2026-02-18T13:00:00Z",,,"0","0",,"AHCS","True","Lisa.Wood3@va.gov","Desk",,"2026-02-18T05:00:00Z","End User Training","181",,,,"Bldg. 2, RM1317","True",,,,,,,"2025-12-19T17:39:38Z","2025-12-19T17:39:38Z","Kyle.Coder@va.gov","Kyle.Coder@va.gov","0","0","0",,,,,
"1212",,"Kristi Granger – Bldg. 2, RM1317, Desk 8 @ 02/24/2026 08:00 AM","Kristi.Granger@va.gov","Bldg. 2, RM1317, Desk 8","2026-02-24T20:00:00Z","2026-02-24T13:00:00Z",,,"0","0",,"AHCS","True","Lisa.Wood3@va.gov","Desk",,"2026-02-24T05:00:00Z","End User Training","180",,,,"Bldg. 2, RM1317","True",,,,,,,"2025-12-19T17:39:37Z","2025-12-19T17:39:37Z","Kyle.Coder@va.gov","Kyle.Coder@va.gov","0","0","0",,,,,
"1211",,"Peggy Gardner – Bldg. 2, RM1317, Desk 9 @ 02/26/2026 08:00 AM","Peggy.Gardner@va.gov","Bldg. 2, RM1317, Desk 9","2026-02-26T20:00:00Z","2026-02-26T13:00:00Z",,,"0","0",,"AHCS","True","Lisa.Wood3@va.gov","Desk",,"2026-02-26T05:00:00Z","End User Training","179",,,,"Bldg. 2, RM1317","True",,,,,,,"2025-12-19T17:39:37Z","2025-12-19T17:39:37Z","Kyle.Coder@va.gov","Kyle.Coder@va.gov","0","0","0",,,,,
"1210",,"Blair Fuerstenberg – Bldg. 2, RM1317, Desk 9 @ 02/24/2026 08:00 AM","Blair.Fuerstenberg@va.gov","Bldg. 2, RM1317, Desk 9","2026-02-24T20:00:00Z","2026-02-24T13:00:00Z",,,"0","0",,"AHCS","True","Lisa.Wood3@va.gov","Desk",,"2026-02-24T05:00:00Z","End User Training","178",,,,"Bldg. 2, RM1317","True",,,,,,,"2025-12-19T17:39:37Z","2025-12-19T17:39:37Z","Kyle.Coder@va.gov","Kyle.Coder@va.gov","0","0","0",,,,,
"1209",,"Morgan Cooper – Bldg. 2, RM1317, Desk 8 @ 02/20/2026 08:00 AM","Morgan.Cooper@va.gov","Bldg. 2, RM1317, Desk 8","2026-02-20T20:00:00Z","2026-02-20T13:00:00Z",,,"0","0",,"AHCS","True","Lisa.Wood3@va.gov","Desk",,"2026-02-20T05:00:00Z","End User Training","177",,,,"Bldg. 2, RM1317","True",,,,,,,"2025-12-19T17:39:37Z","2025-12-19T17:39:37Z","Kyle.Coder@va.gov","Kyle.Coder@va.gov","0","0","0",,,,,
"1208",,"Allison Boese – Bldg. 2, RM1317, Desk 9 @ 02/18/2026 08:00 AM","Allison.Boese@va.gov","Bldg. 2, RM1317, Desk 9","2026-02-18T20:00:00Z","2026-02-18T13:00:00Z",,,"0","0",,"AHCS","True","Lisa.Wood3@va.gov","Desk",,"2026-02-18T05:00:00Z","End User Training","176",,,,"Bldg. 2, RM1317","True",,,,,,,"2025-12-19T17:39:37Z","2025-12-19T17:39:37Z","Kyle.Coder@va.gov","Kyle.Coder@va.gov","0","0","0",,,,,
"1207",,"Peggy Gardner – Bldg. 2, RM1317, Desk 6 @ 12/04/2025 07:00 AM","Peggy.Gardner@va.gov","Bldg. 2, RM1317, Desk 6","2025-12-05T01:00:00Z","2025-12-04T12:00:00Z",,,"0","0",,"AHCS","True","Lisa.Wood3@va.gov","Desk",,"2025-12-04T05:00:00Z","End User Training","175",,,,"Bldg. 2, RM1317","True",,,,,,,"2025-12-19T17:39:36Z","2025-12-19T17:39:36Z","Kyle.Coder@va.gov","Kyle.Coder@va.gov","0","0","0",,,,,
"1206",,"Morgan Cooper – Bldg. 2, RM1317, Desk 1  @ 12/04/2025 07:00 AM","Morgan.Cooper@va.gov","Bldg. 2, RM1317, Desk 1 ","2025-12-04T23:00:00Z","2025-12-04T12:00:00Z",,,"0","0",,"AHCS","True","Lisa.Wood3@va.gov","Desk",,"2025-12-04T05:00:00Z","End User Training","174",,,,"Bldg. 2, RM1317","True",,,,,,,"2025-12-19T17:39:36Z","2025-12-19T17:39:36Z","Kyle.Coder@va.gov","Kyle.Coder@va.gov","0","0","0",,,,,
"1205",,"Aaron Winegar – Bldg. 2, RM1317, Desk 6 @ 12/03/2025 07:00 AM","Aaron.Winegar@va.gov","Bldg. 2, RM1317, Desk 6","2025-12-04T01:00:00Z","2025-12-03T12:00:00Z",,,"0","0",,"AHCS","True","Lisa.Wood3@va.gov","Desk",,"2025-12-03T05:00:00Z","End User Training","173",,,,"Bldg. 2, RM1317","True",,,,,,,"2025-12-19T17:39:36Z","2025-12-19T17:39:36Z","Kyle.Coder@va.gov","Kyle.Coder@va.gov","0","0","0",,,,,
"1204",,"Blair Fuerstenberg – Bldg. 2, RM1317, Desk 1  @ 12/03/2025 07:00 AM","Blair.Fuerstenberg@va.gov","Bldg. 2, RM1317, Desk 1 ","2025-12-04T01:00:00Z","2025-12-03T12:00:00Z",,,"0","0",,"AHCS","True","Lisa.Wood3@va.gov","Desk",,"2025-12-03T05:00:00Z","End User Training","172",,,,"Bldg. 2, RM1317","True",,,,,,,"2025-12-19T17:39:36Z","2025-12-19T17:39:36Z","Kyle.Coder@va.gov","Kyle.Coder@va.gov","0","0","0",,,,,
"1203",,"Autumn Johnson – Bldg. 2, RM1317, Desk 6 @ 12/02/2025 07:00 AM","Autumn.Johnson1@va.gov","Bldg. 2, RM1317, Desk 6","2025-12-03T00:00:00Z","2025-12-02T12:00:00Z",,,"0","0",,"AHCS","True","Lisa.Wood3@va.gov","Desk",,"2025-12-02T05:00:00Z","End User Training","171",,,,"Bldg. 2, RM1317","True",,,,,,,"2025-12-19T17:39:35Z","2025-12-19T17:39:35Z","Kyle.Coder@va.gov","Kyle.Coder@va.gov","0","0","0",,,,,
"1202",,"Allison Boese – Bldg. 2, RM1317, Desk 1  @ 12/02/2025 09:00 AM","Allison.Boese@va.gov","Bldg. 2, RM1317, Desk 1 ","2025-12-03T01:00:00Z","2025-12-02T14:00:00Z",,,"0","0",,"AHCS","True","Lisa.Wood3@va.gov","Desk",,"2025-12-02T05:00:00Z","End User Training","170",,,,"Bldg. 2, RM1317","True",,,,,,,"2025-12-19T17:39:35Z","2025-12-19T17:39:35Z","Kyle.Coder@va.gov","Kyle.Coder@va.gov","0","0","0",,,,,
"1201",,"Sandra Konkright – Bldg. 2, RM1317, Desk 6 @ 12/01/2025 07:00 AM","Sandra.Konkright@va.gov","Bldg. 2, RM1317, Desk 6","2025-12-01T22:00:00Z","2025-12-01T12:00:00Z",,,"0","0",,"AHCS","True","Lisa.Wood3@va.gov","Desk",,"2025-12-01T05:00:00Z","End User Training","169",,,,"Bldg. 2, RM1317","True",,,,,,,"2025-12-19T17:39:35Z","2025-12-19T17:39:35Z","Kyle.Coder@va.gov","Kyle.Coder@va.gov","0","0","0",,,,,
"1200",,"Denise Patterer – Bldg. 39, RM25, Desk 9 @ 11/27/2025 07:00 AM","Denise.Patterer@va.gov","Bldg. 39, RM25, Desk 9","2025-11-27T13:00:00Z","2025-11-27T12:00:00Z",,,"0","0",,"HIS","True","Aaron.Cain1@va.gov","Desk",,"2025-11-27T05:00:00Z","Super User Training","167",,,,"Bldg. 39, RM25","True",,,,,,,"2025-12-19T17:39:36Z","2025-12-19T17:39:36Z","Kyle.Coder@va.gov","Kyle.Coder@va.gov","0","0","0",,,,,
"1199",,"Cheryl Hickok – Wyoming CBOC, RM1M103, Desk 1 @ 02/20/2026 08:00 AM","Cheryl.Hickok@va.gov","Wyoming CBOC, RM1M103, Desk 1","2026-02-20T20:00:00Z","2026-02-20T13:00:00Z",,,"0","0",,"Dental","True","Christopher.Casto@va.gov","Desk",,"2026-02-20T05:00:00Z","End User Training","166",,,,"Wyoming CBOC, RM1M103","True",,,,,,,"2025-12-19T17:39:35Z","2025-12-19T17:39:35Z","Kyle.Coder@va.gov","Kyle.Coder@va.gov","0","0","0",,,,,
"1198",,"Roy Bronnekant – Wyoming CBOC, RM1M103, Desk 1 @ 02/23/2026 08:00 AM","Roy.Bronnekant@va.gov","Wyoming CBOC, RM1M103, Desk 1","2026-02-23T22:00:00Z","2026-02-23T13:00:00Z",,,"0","0",,"Ancillary","True","Joseph.Lemon@va.gov","Desk",,"2026-02-23T05:00:00Z","End User Training","165",,,,"Wyoming CBOC, RM1M103","True",,,,,,,"2025-12-19T17:39:35Z","2025-12-19T17:39:35Z","Kyle.Coder@va.gov","Kyle.Coder@va.gov","0","0","0",,,,,
"1197",,"Gretchen Kohsmann – Bldg. 9, RM205, Desk 9 @ 11/06/2025 08:00 AM","Gretchen.Kohsmann@va.gov","Bldg. 9, RM205, Desk 9","2025-11-06T22:00:00Z","2025-11-06T13:00:00Z",,,"0","0",,"EHRM","True","Lisa.Wood3@va.gov","Desk",,"2025-11-06T05:00:00Z","Super User Training","164",,,,"Bldg. 9, RM205","True",,,,,,,"2025-12-19T17:39:35Z","2025-12-19T17:39:35Z","Kyle.Coder@va.gov","Kyle.Coder@va.gov","0","0","0",,,,,
"1196",,"Keith Alvesteffer – Bldg. 9, RM206, Desk 1  @ 11/05/2025 01:00 PM","Keith.Alvesteffer@va.gov","Bldg. 9, RM206, Desk 1 ","2025-11-05T22:00:00Z","2025-11-05T18:00:00Z",,,"0","0",,"INFORMATICS","True","Denise.Patterer@va.gov","Desk",,"2025-11-05T05:00:00Z","Super User Training","163",,,,"Bldg. 9, RM206","True",,,,,,,"2025-12-19T17:39:35Z","2025-12-19T17:39:35Z","Kyle.Coder@va.gov","Kyle.Coder@va.gov","0","0","0",,,,,
"1195",,"Julie Ackels – Bldg. 2, RM1317, Desk 6 @ 11/07/2025 10:00 AM","Julie.Ackels@va.gov","Bldg. 2, RM1317, Desk 6","2025-11-07T17:00:00Z","2025-11-07T15:00:00Z",,,"0","0",,"pact","True","Amanda.Williams@va.gov","Desk",,"2025-11-07T05:00:00Z","Super User Training","162",,,,"Bldg. 2, RM1317","True",,,,,,,"2025-12-19T17:39:34Z","2025-12-19T17:39:34Z","Kyle.Coder@va.gov","Kyle.Coder@va.gov","0","0","0",,,,,
"1194",,"Julie Ackels – Bldg. 2, RM1317, Desk 6 @ 11/04/2025 08:00 AM","Julie.Ackels@va.gov","Bldg. 2, RM1317, Desk 6","2025-11-04T22:00:00Z","2025-11-04T13:00:00Z",,,"0","0",,"pact","True","Amanda.Williams@va.gov","Desk",,"2025-11-04T05:00:00Z","Super User Training","161",,,,"Bldg. 2, RM1317","True",,,,,,,"2025-12-19T17:39:34Z","2025-12-19T17:39:34Z","Kyle.Coder@va.gov","Kyle.Coder@va.gov","0","0","0",,,,,
"1193",,"AMANDA Klinger – Bldg. 9, RM205, Desk 13 @ 11/04/2025 12:00 PM","Amanda.Klinger@va.gov","Bldg. 9, RM205, Desk 13","2025-11-04T18:00:00Z","2025-11-04T17:00:00Z",,,"0","0",,"NA","True","Kathleen.Cowles@va.gov","Desk",,"2025-11-04T05:00:00Z","Super User Training","160",,,,"Bldg. 9, RM205","True",,,,,,,"2025-12-19T17:39:34Z","2025-12-19T17:39:34Z","Kyle.Coder@va.gov","Kyle.Coder@va.gov","0","0","0",,,,,
"1192",,"Cheri Jakway – Bldg. 9, RM124, Desk 3 @ 11/10/2025 08:00 AM","Cheri.Jakway@va.gov","Bldg. 9, RM124, Desk 3","2025-11-10T22:00:00Z","2025-11-10T13:00:00Z",,,"0","0",,"Float Pool","True","Jane.Krajnik@va.gov","Desk",,"2025-11-10T05:00:00Z","Super User Training","159",,,,"Bldg. 9, RM124","True",,,,,,,"2025-12-19T17:39:34Z","2025-12-19T17:39:34Z","Kyle.Coder@va.gov","Kyle.Coder@va.gov","0","0","0",,,,,
"1191",,"Richard Wilson – Bldg. 6, RM317, Desk 10 @ 11/03/2025 08:00 AM","Richard.Wilson2@va.gov","Bldg. 6, RM317, Desk 10","2025-11-03T22:00:00Z","2025-11-03T13:00:00Z",,,"0","0",,"Inpatient Mental Health","True","Barbara.Collins4@va.gov","Desk",,"2025-11-03T05:00:00Z","Super User Training","158",,,,"Bldg. 6, RM317","True",,,,,,,"2025-12-19T17:39:34Z","2025-12-19T17:39:34Z","Kyle.Coder@va.gov","Kyle.Coder@va.gov","0","0","0",,,,,
"1190",,"Timberlee Sebright – Bldg. 2, RM1317, Desk 4 @ 11/05/2025 08:00 AM","Timberlee.Sebright@va.gov","Bldg. 2, RM1317, Desk 4","2025-11-05T17:00:00Z","2025-11-05T13:00:00Z",,,"0","0",,"Mental Health","True","Gina.Anderson@va.gov","Desk",,"2025-11-05T05:00:00Z","Super User Training","156",,,,"Bldg. 2, RM1317","True",,,,,,,"2025-12-19T17:39:33Z","2025-12-19T17:39:33Z","Kyle.Coder@va.gov","Kyle.Coder@va.gov","0","0","0",,,,,
"1189",,"Katelyn Thompson – Bldg. 2, RM1317, Desk 6 @ 11/05/2025 08:00 AM","Katelyn.Thompson@va.gov","Bldg. 2, RM1317, Desk 6","2025-11-05T17:00:00Z","2025-11-05T13:00:00Z",,,"0","0",,"bos","True","Erica.Younger@va.gov","Desk",,"2025-11-05T05:00:00Z","Super User Training","156",,,,"Bldg. 2, RM1317","True",,,,,,,"2025-12-19T17:39:33Z","2025-12-19T17:39:33Z","Kyle.Coder@va.gov","Kyle.Coder@va.gov","0","0","0",,,,,
"1188",,"Meghan Bishop – Bldg. 2, RM1317, Desk 7 @ 11/05/2025 08:00 AM","Meghan.Bishop@va.gov","Bldg. 2, RM1317, Desk 7","2025-11-05T17:00:00Z","2025-11-05T13:00:00Z",,,"0","0",,"BOS","True","Erica.Younger@va.gov","Desk",,"2025-11-05T05:00:00Z","Super User Training","156",,,,"Bldg. 2, RM1317","True",,,,,,,"2025-12-19T17:39:33Z","2025-12-19T17:39:33Z","Kyle.Coder@va.gov","Kyle.Coder@va.gov","0","0","0",,,,,
"1187","Learning Labs","Tenneil Zielaskowski – Bldg. 6, RM317, Desk 10 @ 12/15/2025 12:00 AM","Tenneil.Zielaskowski@va.gov","Bldg. 6, RM317, Desk 10","2025-12-15T06:00:00Z","2025-12-15T05:00:00Z",,,"0","0","Learning Labs","HIS","True","Denise.Patterer@va.gov","Desk",,"2025-12-15T05:00:00Z","Super User Training","155",,,,"Bldg. 6, RM317","True",,,,,,,"2025-12-19T17:39:33Z","2025-12-19T17:39:33Z","Kyle.Coder@va.gov","Kyle.Coder@va.gov","0","0","0",,,,,
"1186","Learning Labs","Tenneil Zielaskowski – Bldg. 9, RM206, Desk 9 @ 12/19/2025 12:00 AM","Tenneil.Zielaskowski@va.gov","Bldg. 9, RM206, Desk 9","2025-12-20T04:00:00Z","2025-12-19T05:00:00Z",,,"0","0","Learning Labs","HIS","True","Denise.Patterer@va.gov","Desk",,"2025-12-19T05:00:00Z","Super User Training","154",,,,"Bldg. 9, RM206","True",,,,,,,"2025-12-19T17:39:33Z","2025-12-19T17:39:33Z","Kyle.Coder@va.gov","Kyle.Coder@va.gov","0","0","0",,,,,
"1185","Learning Labs","Tenneil Zielaskowski – Bldg. 9, RM206, Desk 8 @ 12/19/2025 12:00 AM","Tenneil.Zielaskowski@va.gov","Bldg. 9, RM206, Desk 8","2025-12-20T04:00:00Z","2025-12-19T05:00:00Z",,,"0","0","Learning Labs","HIS","True","Denise.Patterer@va.gov","Desk",,"2025-12-19T05:00:00Z","Super User Training","154",,,,"Bldg. 9, RM206","True",,,,,,,"2025-12-19T17:39:33Z","2025-12-19T17:39:33Z","Kyle.Coder@va.gov","Kyle.Coder@va.gov","0","0","0",,,,,
"1184","Learning Labs","Tenneil Zielaskowski – Bldg. 9, RM206, Desk 7 @ 12/19/2025 12:00 AM","Tenneil.Zielaskowski@va.gov","Bldg. 9, RM206, Desk 7","2025-12-20T04:00:00Z","2025-12-19T05:00:00Z",,,"0","0","Learning Labs","HIS","True","Denise.Patterer@va.gov","Desk",,"2025-12-19T05:00:00Z","Super User Training","154",,,,"Bldg. 9, RM206","True",,,,,,,"2025-12-19T17:39:32Z","2025-12-19T17:39:32Z","Kyle.Coder@va.gov","Kyle.Coder@va.gov","0","0","0",,,,,
"1183","Learning Labs","Tenneil Zielaskowski – Bldg. 9, RM206, Desk 6 @ 12/19/2025 12:00 AM","Tenneil.Zielaskowski@va.gov","Bldg. 9, RM206, Desk 6","2025-12-20T04:00:00Z","2025-12-19T05:00:00Z",,,"0","0","Learning Labs","HIS","True","Denise.Patterer@va.gov","Desk",,"2025-12-19T05:00:00Z","Super User Training","154",,,,"Bldg. 9, RM206","True",,,,,,,"2025-12-19T17:39:32Z","2025-12-19T17:39:32Z","Kyle.Coder@va.gov","Kyle.Coder@va.gov","0","0","0",,,,,
"1182","Learning Labs","Tenneil Zielaskowski – Bldg. 9, RM206, Desk 5 @ 12/19/2025 12:00 AM","Tenneil.Zielaskowski@va.gov","Bldg. 9, RM206, Desk 5","2025-12-20T04:00:00Z","2025-12-19T05:00:00Z",,,"0","0","Learning Labs","HIS","True","Denise.Patterer@va.gov","Desk",,"2025-12-19T05:00:00Z","Super User Training","154",,,,"Bldg. 9, RM206","True",,,,,,,"2025-12-19T17:39:32Z","2025-12-19T17:39:32Z","Kyle.Coder@va.gov","Kyle.Coder@va.gov","0","0","0",,,,,
"1181","Learning Labs","Tenneil Zielaskowski – Bldg. 9, RM206, Desk 4 @ 12/19/2025 12:00 AM","Tenneil.Zielaskowski@va.gov","Bldg. 9, RM206, Desk 4","2025-12-20T04:00:00Z","2025-12-19T05:00:00Z",,,"0","0","Learning Labs","HIS","True","Denise.Patterer@va.gov","Desk",,"2025-12-19T05:00:00Z","Super User Training","154",,,,"Bldg. 9, RM206","True",,,,,,,"2025-12-19T17:39:32Z","2025-12-19T17:39:32Z","Kyle.Coder@va.gov","Kyle.Coder@va.gov","0","0","0",,,,,
"1180","Learning Labs","Tenneil Zielaskowski – Bldg. 9, RM206, Desk 3 @ 12/19/2025 12:00 AM","Tenneil.Zielaskowski@va.gov","Bldg. 9, RM206, Desk 3","2025-12-20T04:00:00Z","2025-12-19T05:00:00Z",,,"0","0","Learning Labs","HIS","True","Denise.Patterer@va.gov","Desk",,"2025-12-19T05:00:00Z","Super User Training","154",,,,"Bldg. 9, RM206","True",,,,,,,"2025-12-19T17:39:31Z","2025-12-19T17:39:31Z","Kyle.Coder@va.gov","Kyle.Coder@va.gov","0","0","0",,,,,
"1179","Learning Labs","Tenneil Zielaskowski – Bldg. 9, RM206, Desk 2 @ 12/19/2025 12:00 AM","Tenneil.Zielaskowski@va.gov","Bldg. 9, RM206, Desk 2","2025-12-20T04:00:00Z","2025-12-19T05:00:00Z",,,"0","0","Learning Labs","HIS","True","Denise.Patterer@va.gov","Desk",,"2025-12-19T05:00:00Z","Super User Training","154",,,,"Bldg. 9, RM206","True",,,,,,,"2025-12-19T17:39:31Z","2025-12-19T17:39:31Z","Kyle.Coder@va.gov","Kyle.Coder@va.gov","0","0","0",,,,,
"1178","Learning Labs","Tenneil Zielaskowski – Bldg. 9, RM206, Desk 12 @ 12/19/2025 12:00 AM","Tenneil.Zielaskowski@va.gov","Bldg. 9, RM206, Desk 12","2025-12-20T04:00:00Z","2025-12-19T05:00:00Z",,,"0","0","Learning Labs","HIS","True","Denise.Patterer@va.gov","Desk",,"2025-12-19T05:00:00Z","Super User Training","154",,,,"Bldg. 9, RM206","True",,,,,,,"2025-12-19T17:39:31Z","2025-12-19T17:39:31Z","Kyle.Coder@va.gov","Kyle.Coder@va.gov","0","0","0",,,,,
"1177","Learning Labs","Tenneil Zielaskowski – Bldg. 9, RM206, Desk 11 @ 12/19/2025 12:00 AM","Tenneil.Zielaskowski@va.gov","Bldg. 9, RM206, Desk 11","2025-12-20T04:00:00Z","2025-12-19T05:00:00Z",,,"0","0","Learning Labs","HIS","True","Denise.Patterer@va.gov","Desk",,"2025-12-19T05:00:00Z","Super User Training","154",,,,"Bldg. 9, RM206","True",,,,,,,"2025-12-19T17:39:31Z","2025-12-19T17:39:31Z","Kyle.Coder@va.gov","Kyle.Coder@va.gov","0","0","0",,,,,
"1176","Learning Labs","Tenneil Zielaskowski – Bldg. 9, RM206, Desk 10 @ 12/19/2025 12:00 AM","Tenneil.Zielaskowski@va.gov","Bldg. 9, RM206, Desk 10","2025-12-20T04:00:00Z","2025-12-19T05:00:00Z",,,"0","0","Learning Labs","HIS","True","Denise.Patterer@va.gov","Desk",,"2025-12-19T05:00:00Z","Super User Training","154",,,,"Bldg. 9, RM206","True",,,,,,,"2025-12-19T17:39:31Z","2025-12-19T17:39:31Z","Kyle.Coder@va.gov","Kyle.Coder@va.gov","0","0","0",,,,,
"1175","Learning Labs","Tenneil Zielaskowski – Bldg. 9, RM206, Desk 1  @ 12/19/2025 12:00 AM","Tenneil.Zielaskowski@va.gov","Bldg. 9, RM206, Desk 1 ","2025-12-20T04:00:00Z","2025-12-19T05:00:00Z",,,"0","0","Learning Labs","HIS","True","Denise.Patterer@va.gov","Desk",,"2025-12-19T05:00:00Z","Super User Training","154",,,,"Bldg. 9, RM206","True",,,,,,,"2025-12-19T17:39:30Z","2025-12-19T17:39:30Z","Kyle.Coder@va.gov","Kyle.Coder@va.gov","0","0","0",,,,,
"1174","Learning Labs","Tenneil Zielaskowski – Bldg. 9, RM206, Desk 9 @ 12/18/2025 12:00 AM","Tenneil.Zielaskowski@va.gov","Bldg. 9, RM206, Desk 9","2025-12-19T04:00:00Z","2025-12-18T05:00:00Z",,,"0","0","Learning Labs","HIS","True","Denise.Patterer@va.gov","Desk",,"2025-12-18T05:00:00Z","Super User Training","153",,,,"Bldg. 9, RM206","True",,,,,,,"2025-12-19T17:39:30Z","2025-12-19T17:39:30Z","Kyle.Coder@va.gov","Kyle.Coder@va.gov","0","0","0",,,,,
"1173","Learning Labs","Tenneil Zielaskowski – Bldg. 9, RM206, Desk 8 @ 12/18/2025 12:00 AM","Tenneil.Zielaskowski@va.gov","Bldg. 9, RM206, Desk 8","2025-12-19T04:00:00Z","2025-12-18T05:00:00Z",,,"0","0","Learning Labs","HIS","True","Denise.Patterer@va.gov","Desk",,"2025-12-18T05:00:00Z","Super User Training","153",,,,"Bldg. 9, RM206","True",,,,,,,"2025-12-19T17:39:30Z","2025-12-19T17:39:30Z","Kyle.Coder@va.gov","Kyle.Coder@va.gov","0","0","0",,,,,
"1172","Learning Labs","Tenneil Zielaskowski – Bldg. 9, RM206, Desk 7 @ 12/18/2025 12:00 AM","Tenneil.Zielaskowski@va.gov","Bldg. 9, RM206, Desk 7","2025-12-19T04:00:00Z","2025-12-18T05:00:00Z",,,"0","0","Learning Labs","HIS","True","Denise.Patterer@va.gov","Desk",,"2025-12-18T05:00:00Z","Super User Training","153",,,,"Bldg. 9, RM206","True",,,,,,,"2025-12-19T17:39:30Z","2025-12-19T17:39:30Z","Kyle.Coder@va.gov","Kyle.Coder@va.gov","0","0","0",,,,,
"1171","Learning Labs","Tenneil Zielaskowski – Bldg. 9, RM206, Desk 6 @ 12/18/2025 12:00 AM","Tenneil.Zielaskowski@va.gov","Bldg. 9, RM206, Desk 6","2025-12-19T04:00:00Z","2025-12-18T05:00:00Z",,,"0","0","Learning Labs","HIS","True","Denise.Patterer@va.gov","Desk",,"2025-12-18T05:00:00Z","Super User Training","153",,,,"Bldg. 9, RM206","True",,,,,,,"2025-12-19T17:39:30Z","2025-12-19T17:39:30Z","Kyle.Coder@va.gov","Kyle.Coder@va.gov","0","0","0",,,,,
"1170","Learning Labs","Tenneil Zielaskowski – Bldg. 9, RM206, Desk 5 @ 12/18/2025 12:00 AM","Tenneil.Zielaskowski@va.gov","Bldg. 9, RM206, Desk 5","2025-12-19T04:00:00Z","2025-12-18T05:00:00Z",,,"0","0","Learning Labs","HIS","True","Denise.Patterer@va.gov","Desk",,"2025-12-18T05:00:00Z","Super User Training","153",,,,"Bldg. 9, RM206","True",,,,,,,"2025-12-19T17:39:29Z","2025-12-19T17:39:29Z","Kyle.Coder@va.gov","Kyle.Coder@va.gov","0","0","0",,,,,
"1169","Learning Labs","Tenneil Zielaskowski – Bldg. 9, RM206, Desk 4 @ 12/18/2025 12:00 AM","Tenneil.Zielaskowski@va.gov","Bldg. 9, RM206, Desk 4","2025-12-19T04:00:00Z","2025-12-18T05:00:00Z",,,"0","0","Learning Labs","HIS","True","Denise.Patterer@va.gov","Desk",,"2025-12-18T05:00:00Z","Super User Training","153",,,,"Bldg. 9, RM206","True",,,,,,,"2025-12-19T17:39:29Z","2025-12-19T17:39:29Z","Kyle.Coder@va.gov","Kyle.Coder@va.gov","0","0","0",,,,,
"1168","Learning Labs","Tenneil Zielaskowski – Bldg. 9, RM206, Desk 3 @ 12/18/2025 12:00 AM","Tenneil.Zielaskowski@va.gov","Bldg. 9, RM206, Desk 3","2025-12-19T04:00:00Z","2025-12-18T05:00:00Z",,,"0","0","Learning Labs","HIS","True","Denise.Patterer@va.gov","Desk",,"2025-12-18T05:00:00Z","Super User Training","153",,,,"Bldg. 9, RM206","True",,,,,,,"2025-12-19T17:39:29Z","2025-12-19T17:39:29Z","Kyle.Coder@va.gov","Kyle.Coder@va.gov","0","0","0",,,,,
"1167","Learning Labs","Tenneil Zielaskowski – Bldg. 9, RM206, Desk 2 @ 12/18/2025 12:00 AM","Tenneil.Zielaskowski@va.gov","Bldg. 9, RM206, Desk 2","2025-12-19T04:00:00Z","2025-12-18T05:00:00Z",,,"0","0","Learning Labs","HIS","True","Denise.Patterer@va.gov","Desk",,"2025-12-18T05:00:00Z","Super User Training","153",,,,"Bldg. 9, RM206","True",,,,,,,"2025-12-19T17:39:29Z","2025-12-19T17:39:29Z","Kyle.Coder@va.gov","Kyle.Coder@va.gov","0","0","0",,,,,
"1166","Learning Labs","Tenneil Zielaskowski – Bldg. 9, RM206, Desk 12 @ 12/18/2025 12:00 AM","Tenneil.Zielaskowski@va.gov","Bldg. 9, RM206, Desk 12","2025-12-19T04:00:00Z","2025-12-18T05:00:00Z",,,"0","0","Learning Labs","HIS","True","Denise.Patterer@va.gov","Desk",,"2025-12-18T05:00:00Z","Super User Training","153",,,,"Bldg. 9, RM206","True",,,,,,,"2025-12-19T17:39:28Z","2025-12-19T17:39:28Z","Kyle.Coder@va.gov","Kyle.Coder@va.gov","0","0","0",,,,,
"1165","Learning Labs","Tenneil Zielaskowski – Bldg. 9, RM206, Desk 11 @ 12/18/2025 12:00 AM","Tenneil.Zielaskowski@va.gov","Bldg. 9, RM206, Desk 11","2025-12-19T04:00:00Z","2025-12-18T05:00:00Z",,,"0","0","Learning Labs","HIS","True","Denise.Patterer@va.gov","Desk",,"2025-12-18T05:00:00Z","Super User Training","153",,,,"Bldg. 9, RM206","True",,,,,,,"2025-12-19T17:39:28Z","2025-12-19T17:39:28Z","Kyle.Coder@va.gov","Kyle.Coder@va.gov","0","0","0",,,,,
"1164","Learning Labs","Tenneil Zielaskowski – Bldg. 9, RM206, Desk 10 @ 12/18/2025 12:00 AM","Tenneil.Zielaskowski@va.gov","Bldg. 9, RM206, Desk 10","2025-12-19T04:00:00Z","2025-12-18T05:00:00Z",,,"0","0","Learning Labs","HIS","True","Denise.Patterer@va.gov","Desk",,"2025-12-18T05:00:00Z","Super User Training","153",,,,"Bldg. 9, RM206","True",,,,,,,"2025-12-19T17:39:28Z","2025-12-19T17:39:28Z","Kyle.Coder@va.gov","Kyle.Coder@va.gov","0","0","0",,,,,
"1163","Learning Labs","Tenneil Zielaskowski – Bldg. 9, RM206, Desk 1  @ 12/18/2025 12:00 AM","Tenneil.Zielaskowski@va.gov","Bldg. 9, RM206, Desk 1 ","2025-12-19T04:00:00Z","2025-12-18T05:00:00Z",,,"0","0","Learning Labs","HIS","True","Denise.Patterer@va.gov","Desk",,"2025-12-18T05:00:00Z","Super User Training","153",,,,"Bldg. 9, RM206","True",,,,,,,"2025-12-19T17:39:28Z","2025-12-19T17:39:28Z","Kyle.Coder@va.gov","Kyle.Coder@va.gov","0","0","0",,,,,
"1162","Learning Labs","Tenneil Zielaskowski – Bldg. 9, RM206, Desk 9 @ 12/17/2025 12:00 AM","Tenneil.Zielaskowski@va.gov","Bldg. 9, RM206, Desk 9","2025-12-18T04:00:00Z","2025-12-17T05:00:00Z",,,"0","0","Learning Labs","HIS","True","Denise.Patterer@va.gov","Desk",,"2025-12-17T05:00:00Z","Super User Training","152",,,,"Bldg. 9, RM206","True",,,,,,,"2025-12-19T17:39:28Z","2025-12-19T17:39:28Z","Kyle.Coder@va.gov","Kyle.Coder@va.gov","0","0","0",,,,,
"1161","Learning Labs","Tenneil Zielaskowski – Bldg. 9, RM206, Desk 8 @ 12/17/2025 12:00 AM","Tenneil.Zielaskowski@va.gov","Bldg. 9, RM206, Desk 8","2025-12-18T04:00:00Z","2025-12-17T05:00:00Z",,,"0","0","Learning Labs","HIS","True","Denise.Patterer@va.gov","Desk",,"2025-12-17T05:00:00Z","Super User Training","152",,,,"Bldg. 9, RM206","True",,,,,,,"2025-12-19T17:39:27Z","2025-12-19T17:39:27Z","Kyle.Coder@va.gov","Kyle.Coder@va.gov","0","0","0",,,,,
"1160","Learning Labs","Tenneil Zielaskowski – Bldg. 9, RM206, Desk 7 @ 12/17/2025 12:00 AM","Tenneil.Zielaskowski@va.gov","Bldg. 9, RM206, Desk 7","2025-12-18T04:00:00Z","2025-12-17T05:00:00Z",,,"0","0","Learning Labs","HIS","True","Denise.Patterer@va.gov","Desk",,"2025-12-17T05:00:00Z","Super User Training","152",,,,"Bldg. 9, RM206","True",,,,,,,"2025-12-19T17:39:27Z","2025-12-19T17:39:27Z","Kyle.Coder@va.gov","Kyle.Coder@va.gov","0","0","0",,,,,
"1159","Learning Labs","Tenneil Zielaskowski – Bldg. 9, RM206, Desk 6 @ 12/17/2025 12:00 AM","Tenneil.Zielaskowski@va.gov","Bldg. 9, RM206, Desk 6","2025-12-18T04:00:00Z","2025-12-17T05:00:00Z",,,"0","0","Learning Labs","HIS","True","Denise.Patterer@va.gov","Desk",,"2025-12-17T05:00:00Z","Super User Training","152",,,,"Bldg. 9, RM206","True",,,,,,,"2025-12-19T17:39:27Z","2025-12-19T17:39:27Z","Kyle.Coder@va.gov","Kyle.Coder@va.gov","0","0","0",,,,,
"1158","Learning Labs","Tenneil Zielaskowski – Bldg. 9, RM206, Desk 5 @ 12/17/2025 12:00 AM","Tenneil.Zielaskowski@va.gov","Bldg. 9, RM206, Desk 5","2025-12-18T04:00:00Z","2025-12-17T05:00:00Z",,,"0","0","Learning Labs","HIS","True","Denise.Patterer@va.gov","Desk",,"2025-12-17T05:00:00Z","Super User Training","152",,,,"Bldg. 9, RM206","True",,,,,,,"2025-12-19T17:39:27Z","2025-12-19T17:39:27Z","Kyle.Coder@va.gov","Kyle.Coder@va.gov","0","0","0",,,,,
"1157","Learning Labs","Tenneil Zielaskowski – Bldg. 9, RM206, Desk 4 @ 12/17/2025 12:00 AM","Tenneil.Zielaskowski@va.gov","Bldg. 9, RM206, Desk 4","2025-12-18T04:00:00Z","2025-12-17T05:00:00Z",,,"0","0","Learning Labs","HIS","True","Denise.Patterer@va.gov","Desk",,"2025-12-17T05:00:00Z","Super User Training","152",,,,"Bldg. 9, RM206","True",,,,,,,"2025-12-19T17:39:27Z","2025-12-19T17:39:27Z","Kyle.Coder@va.gov","Kyle.Coder@va.gov","0","0","0",,,,,
"1156","Learning Labs","Tenneil Zielaskowski – Bldg. 9, RM206, Desk 3 @ 12/17/2025 12:00 AM","Tenneil.Zielaskowski@va.gov","Bldg. 9, RM206, Desk 3","2025-12-18T04:00:00Z","2025-12-17T05:00:00Z",,,"0","0","Learning Labs","HIS","True","Denise.Patterer@va.gov","Desk",,"2025-12-17T05:00:00Z","Super User Training","152",,,,"Bldg. 9, RM206","True",,,,,,,"2025-12-19T17:39:26Z","2025-12-19T17:39:26Z","Kyle.Coder@va.gov","Kyle.Coder@va.gov","0","0","0",,,,,
"1155","Learning Labs","Tenneil Zielaskowski – Bldg. 9, RM206, Desk 2 @ 12/17/2025 12:00 AM","Tenneil.Zielaskowski@va.gov","Bldg. 9, RM206, Desk 2","2025-12-18T04:00:00Z","2025-12-17T05:00:00Z",,,"0","0","Learning Labs","HIS","True","Denise.Patterer@va.gov","Desk",,"2025-12-17T05:00:00Z","Super User Training","152",,,,"Bldg. 9, RM206","True",,,,,,,"2025-12-19T17:39:26Z","2025-12-19T17:39:26Z","Kyle.Coder@va.gov","Kyle.Coder@va.gov","0","0","0",,,,,
"1154","Learning Labs","Tenneil Zielaskowski – Bldg. 9, RM206, Desk 12 @ 12/17/2025 12:00 AM","Tenneil.Zielaskowski@va.gov","Bldg. 9, RM206, Desk 12","2025-12-18T04:00:00Z","2025-12-17T05:00:00Z",,,"0","0","Learning Labs","HIS","True","Denise.Patterer@va.gov","Desk",,"2025-12-17T05:00:00Z","Super User Training","152",,,,"Bldg. 9, RM206","True",,,,,,,"2025-12-19T17:39:26Z","2025-12-19T17:39:26Z","Kyle.Coder@va.gov","Kyle.Coder@va.gov","0","0","0",,,,,
"1153","Learning Labs","Tenneil Zielaskowski – Bldg. 9, RM206, Desk 11 @ 12/17/2025 12:00 AM","Tenneil.Zielaskowski@va.gov","Bldg. 9, RM206, Desk 11","2025-12-18T04:00:00Z","2025-12-17T05:00:00Z",,,"0","0","Learning Labs","HIS","True","Denise.Patterer@va.gov","Desk",,"2025-12-17T05:00:00Z","Super User Training","152",,,,"Bldg. 9, RM206","True",,,,,,,"2025-12-19T17:39:26Z","2025-12-19T17:39:26Z","Kyle.Coder@va.gov","Kyle.Coder@va.gov","0","0","0",,,,,
"1152","Learning Labs","Tenneil Zielaskowski – Bldg. 9, RM206, Desk 10 @ 12/17/2025 12:00 AM","Tenneil.Zielaskowski@va.gov","Bldg. 9, RM206, Desk 10","2025-12-18T04:00:00Z","2025-12-17T05:00:00Z",,,"0","0","Learning Labs","HIS","True","Denise.Patterer@va.gov","Desk",,"2025-12-17T05:00:00Z","Super User Training","152",,,,"Bldg. 9, RM206","True",,,,,,,"2025-12-19T17:39:26Z","2025-12-19T17:39:26Z","Kyle.Coder@va.gov","Kyle.Coder@va.gov","0","0","0",,,,,
"1151","Learning Labs","Tenneil Zielaskowski – Bldg. 9, RM206, Desk 1  @ 12/17/2025 12:00 AM","Tenneil.Zielaskowski@va.gov","Bldg. 9, RM206, Desk 1 ","2025-12-18T04:00:00Z","2025-12-17T05:00:00Z",,,"0","0","Learning Labs","HIS","True","Denise.Patterer@va.gov","Desk",,"2025-12-17T05:00:00Z","Super User Training","152",,,,"Bldg. 9, RM206","True",,,,,,,"2025-12-19T17:39:25Z","2025-12-19T17:39:25Z","Kyle.Coder@va.gov","Kyle.Coder@va.gov","0","0","0",,,,,
"1150","Learning Labs","Tenneil Zielaskowski – Bldg. 9, RM206, Desk 9 @ 12/16/2025 12:00 AM","Tenneil.Zielaskowski@va.gov","Bldg. 9, RM206, Desk 9","2025-12-17T04:00:00Z","2025-12-16T05:00:00Z",,,"0","0","Learning Labs","HIS","True","Denise.Patterer@va.gov","Desk",,"2025-12-16T05:00:00Z","Super User Training","151",,,,"Bldg. 9, RM206","True",,,,,,,"2025-12-19T17:39:25Z","2025-12-19T17:39:25Z","Kyle.Coder@va.gov","Kyle.Coder@va.gov","0","0","0",,,,,
"1149","Learning Labs","Tenneil Zielaskowski – Bldg. 9, RM206, Desk 8 @ 12/16/2025 12:00 AM","Tenneil.Zielaskowski@va.gov","Bldg. 9, RM206, Desk 8","2025-12-17T04:00:00Z","2025-12-16T05:00:00Z",,,"0","0","Learning Labs","HIS","True","Denise.Patterer@va.gov","Desk",,"2025-12-16T05:00:00Z","Super User Training","151",,,,"Bldg. 9, RM206","True",,,,,,,"2025-12-19T17:39:25Z","2025-12-19T17:39:25Z","Kyle.Coder@va.gov","Kyle.Coder@va.gov","0","0","0",,,,,
"1148","Learning Labs","Tenneil Zielaskowski – Bldg. 9, RM206, Desk 7 @ 12/16/2025 12:00 AM","Tenneil.Zielaskowski@va.gov","Bldg. 9, RM206, Desk 7","2025-12-17T04:00:00Z","2025-12-16T05:00:00Z",,,"0","0","Learning Labs","HIS","True","Denise.Patterer@va.gov","Desk",,"2025-12-16T05:00:00Z","Super User Training","151",,,,"Bldg. 9, RM206","True",,,,,,,"2025-12-19T17:39:25Z","2025-12-19T17:39:25Z","Kyle.Coder@va.gov","Kyle.Coder@va.gov","0","0","0",,,,,
"1147","Learning Labs","Tenneil Zielaskowski – Bldg. 9, RM206, Desk 6 @ 12/16/2025 12:00 AM","Tenneil.Zielaskowski@va.gov","Bldg. 9, RM206, Desk 6","2025-12-17T04:00:00Z","2025-12-16T05:00:00Z",,,"0","0","Learning Labs","HIS","True","Denise.Patterer@va.gov","Desk",,"2025-12-16T05:00:00Z","Super User Training","151",,,,"Bldg. 9, RM206","True",,,,,,,"2025-12-19T17:39:24Z","2025-12-19T17:39:24Z","Kyle.Coder@va.gov","Kyle.Coder@va.gov","0","0","0",,,,,
"1146","Learning Labs","Tenneil Zielaskowski – Bldg. 9, RM206, Desk 5 @ 12/16/2025 12:00 AM","Tenneil.Zielaskowski@va.gov","Bldg. 9, RM206, Desk 5","2025-12-17T04:00:00Z","2025-12-16T05:00:00Z",,,"0","0","Learning Labs","HIS","True","Denise.Patterer@va.gov","Desk",,"2025-12-16T05:00:00Z","Super User Training","151",,,,"Bldg. 9, RM206","True",,,,,,,"2025-12-19T17:39:24Z","2025-12-19T17:39:24Z","Kyle.Coder@va.gov","Kyle.Coder@va.gov","0","0","0",,,,,
"1145","Learning Labs","Tenneil Zielaskowski – Bldg. 9, RM206, Desk 4 @ 12/16/2025 12:00 AM","Tenneil.Zielaskowski@va.gov","Bldg. 9, RM206, Desk 4","2025-12-17T04:00:00Z","2025-12-16T05:00:00Z",,,"0","0","Learning Labs","HIS","True","Denise.Patterer@va.gov","Desk",,"2025-12-16T05:00:00Z","Super User Training","151",,,,"Bldg. 9, RM206","True",,,,,,,"2025-12-19T17:39:24Z","2025-12-19T17:39:24Z","Kyle.Coder@va.gov","Kyle.Coder@va.gov","0","0","0",,,,,
"1144","Learning Labs","Tenneil Zielaskowski – Bldg. 9, RM206, Desk 3 @ 12/16/2025 12:00 AM","Tenneil.Zielaskowski@va.gov","Bldg. 9, RM206, Desk 3","2025-12-17T04:00:00Z","2025-12-16T05:00:00Z",,,"0","0","Learning Labs","HIS","True","Denise.Patterer@va.gov","Desk",,"2025-12-16T05:00:00Z","Super User Training","151",,,,"Bldg. 9, RM206","True",,,,,,,"2025-12-19T17:39:24Z","2025-12-19T17:39:24Z","Kyle.Coder@va.gov","Kyle.Coder@va.gov","0","0","0",,,,,
"1143","Learning Labs","Tenneil Zielaskowski – Bldg. 9, RM206, Desk 2 @ 12/16/2025 12:00 AM","Tenneil.Zielaskowski@va.gov","Bldg. 9, RM206, Desk 2","2025-12-17T04:00:00Z","2025-12-16T05:00:00Z",,,"0","0","Learning Labs","HIS","True","Denise.Patterer@va.gov","Desk",,"2025-12-16T05:00:00Z","Super User Training","151",,,,"Bldg. 9, RM206","True",,,,,,,"2025-12-19T17:39:24Z","2025-12-19T17:39:24Z","Kyle.Coder@va.gov","Kyle.Coder@va.gov","0","0","0",,,,,
"1142","Learning Labs","Tenneil Zielaskowski – Bldg. 9, RM206, Desk 12 @ 12/16/2025 12:00 AM","Tenneil.Zielaskowski@va.gov","Bldg. 9, RM206, Desk 12","2025-12-17T04:00:00Z","2025-12-16T05:00:00Z",,,"0","0","Learning Labs","HIS","True","Denise.Patterer@va.gov","Desk",,"2025-12-16T05:00:00Z","Super User Training","151",,,,"Bldg. 9, RM206","True",,,,,,,"2025-12-19T17:39:23Z","2025-12-19T17:39:23Z","Kyle.Coder@va.gov","Kyle.Coder@va.gov","0","0","0",,,,,
"1141","Learning Labs","Tenneil Zielaskowski – Bldg. 9, RM206, Desk 11 @ 12/16/2025 12:00 AM","Tenneil.Zielaskowski@va.gov","Bldg. 9, RM206, Desk 11","2025-12-17T04:00:00Z","2025-12-16T05:00:00Z",,,"0","0","Learning Labs","HIS","True","Denise.Patterer@va.gov","Desk",,"2025-12-16T05:00:00Z","Super User Training","151",,,,"Bldg. 9, RM206","True",,,,,,,"2025-12-19T17:39:23Z","2025-12-19T17:39:23Z","Kyle.Coder@va.gov","Kyle.Coder@va.gov","0","0","0",,,,,
"1140","Learning Labs","Tenneil Zielaskowski – Bldg. 9, RM206, Desk 10 @ 12/16/2025 12:00 AM","Tenneil.Zielaskowski@va.gov","Bldg. 9, RM206, Desk 10","2025-12-17T04:00:00Z","2025-12-16T05:00:00Z",,,"0","0","Learning Labs","HIS","True","Denise.Patterer@va.gov","Desk",,"2025-12-16T05:00:00Z","Super User Training","151",,,,"Bldg. 9, RM206","True",,,,,,,"2025-12-19T17:39:23Z","2025-12-19T17:39:23Z","Kyle.Coder@va.gov","Kyle.Coder@va.gov","0","0","0",,,,,
"1139","Learning Labs","Tenneil Zielaskowski – Bldg. 9, RM206, Desk 1  @ 12/16/2025 12:00 AM","Tenneil.Zielaskowski@va.gov","Bldg. 9, RM206, Desk 1 ","2025-12-17T04:00:00Z","2025-12-16T05:00:00Z",,,"0","0","Learning Labs","HIS","True","Denise.Patterer@va.gov","Desk",,"2025-12-16T05:00:00Z","Super User Training","151",,,,"Bldg. 9, RM206","True",,,,,,,"2025-12-19T17:39:23Z","2025-12-19T17:39:23Z","Kyle.Coder@va.gov","Kyle.Coder@va.gov","0","0","0",,,,,
"1138","Learning Labs","Tenneil Zielaskowski – Bldg. 9, RM206, Desk 9 @ 12/15/2025 12:00 AM","Tenneil.Zielaskowski@va.gov","Bldg. 9, RM206, Desk 9","2025-12-16T04:00:00Z","2025-12-15T05:00:00Z",,,"0","0","Learning Labs","HIS","True","Denise.Patterer@va.gov","Desk",,"2025-12-15T05:00:00Z","Super User Training","150",,,,"Bldg. 9, RM206","True",,,,,,,"2025-12-19T17:39:23Z","2025-12-19T17:39:23Z","Kyle.Coder@va.gov","Kyle.Coder@va.gov","0","0","0",,,,,
"1137","Learning Labs","Tenneil Zielaskowski – Bldg. 9, RM206, Desk 8 @ 12/15/2025 12:00 AM","Tenneil.Zielaskowski@va.gov","Bldg. 9, RM206, Desk 8","2025-12-16T04:00:00Z","2025-12-15T05:00:00Z",,,"0","0","Learning Labs","HIS","True","Denise.Patterer@va.gov","Desk",,"2025-12-15T05:00:00Z","Super User Training","150",,,,"Bldg. 9, RM206","True",,,,,,,"2025-12-19T17:39:23Z","2025-12-19T17:39:23Z","Kyle.Coder@va.gov","Kyle.Coder@va.gov","0","0","0",,,,,
"1136","Learning Labs","Tenneil Zielaskowski – Bldg. 9, RM206, Desk 7 @ 12/15/2025 12:00 AM","Tenneil.Zielaskowski@va.gov","Bldg. 9, RM206, Desk 7","2025-12-16T04:00:00Z","2025-12-15T05:00:00Z",,,"0","0","Learning Labs","HIS","True","Denise.Patterer@va.gov","Desk",,"2025-12-15T05:00:00Z","Super User Training","150",,,,"Bldg. 9, RM206","True",,,,,,,"2025-12-19T17:39:22Z","2025-12-19T17:39:22Z","Kyle.Coder@va.gov","Kyle.Coder@va.gov","0","0","0",,,,,
"1135","Learning Labs","Tenneil Zielaskowski – Bldg. 9, RM206, Desk 6 @ 12/15/2025 12:00 AM","Tenneil.Zielaskowski@va.gov","Bldg. 9, RM206, Desk 6","2025-12-16T04:00:00Z","2025-12-15T05:00:00Z",,,"0","0","Learning Labs","HIS","True","Denise.Patterer@va.gov","Desk",,"2025-12-15T05:00:00Z","Super User Training","150",,,,"Bldg. 9, RM206","True",,,,,,,"2025-12-19T17:39:22Z","2025-12-19T17:39:22Z","Kyle.Coder@va.gov","Kyle.Coder@va.gov","0","0","0",,,,,
"1134","Learning Labs","Tenneil Zielaskowski – Bldg. 9, RM206, Desk 5 @ 12/15/2025 12:00 AM","Tenneil.Zielaskowski@va.gov","Bldg. 9, RM206, Desk 5","2025-12-16T04:00:00Z","2025-12-15T05:00:00Z",,,"0","0","Learning Labs","HIS","True","Denise.Patterer@va.gov","Desk",,"2025-12-15T05:00:00Z","Super User Training","150",,,,"Bldg. 9, RM206","True",,,,,,,"2025-12-19T17:39:22Z","2025-12-19T17:39:22Z","Kyle.Coder@va.gov","Kyle.Coder@va.gov","0","0","0",,,,,
"1133","Learning Labs","Tenneil Zielaskowski – Bldg. 9, RM206, Desk 4 @ 12/15/2025 12:00 AM","Tenneil.Zielaskowski@va.gov","Bldg. 9, RM206, Desk 4","2025-12-16T04:00:00Z","2025-12-15T05:00:00Z",,,"0","0","Learning Labs","HIS","True","Denise.Patterer@va.gov","Desk",,"2025-12-15T05:00:00Z","Super User Training","150",,,,"Bldg. 9, RM206","True",,,,,,,"2025-12-19T17:39:22Z","2025-12-19T17:39:22Z","Kyle.Coder@va.gov","Kyle.Coder@va.gov","0","0","0",,,,,
"1132","Learning Labs","Tenneil Zielaskowski – Bldg. 9, RM206, Desk 3 @ 12/15/2025 12:00 AM","Tenneil.Zielaskowski@va.gov","Bldg. 9, RM206, Desk 3","2025-12-16T04:00:00Z","2025-12-15T05:00:00Z",,,"0","0","Learning Labs","HIS","True","Denise.Patterer@va.gov","Desk",,"2025-12-15T05:00:00Z","Super User Training","150",,,,"Bldg. 9, RM206","True",,,,,,,"2025-12-19T17:39:22Z","2025-12-19T17:39:22Z","Kyle.Coder@va.gov","Kyle.Coder@va.gov","0","0","0",,,,,
"1131","Learning Labs","Tenneil Zielaskowski – Bldg. 9, RM206, Desk 2 @ 12/15/2025 12:00 AM","Tenneil.Zielaskowski@va.gov","Bldg. 9, RM206, Desk 2","2025-12-16T04:00:00Z","2025-12-15T05:00:00Z",,,"0","0","Learning Labs","HIS","True","Denise.Patterer@va.gov","Desk",,"2025-12-15T05:00:00Z","Super User Training","150",,,,"Bldg. 9, RM206","True",,,,,,,"2025-12-19T17:39:21Z","2025-12-19T17:39:21Z","Kyle.Coder@va.gov","Kyle.Coder@va.gov","0","0","0",,,,,
"1130","Learning Labs","Tenneil Zielaskowski – Bldg. 9, RM206, Desk 12 @ 12/15/2025 12:00 AM","Tenneil.Zielaskowski@va.gov","Bldg. 9, RM206, Desk 12","2025-12-16T04:00:00Z","2025-12-15T05:00:00Z",,,"0","0","Learning Labs","HIS","True","Denise.Patterer@va.gov","Desk",,"2025-12-15T05:00:00Z","Super User Training","150",,,,"Bldg. 9, RM206","True",,,,,,,"2025-12-19T17:39:21Z","2025-12-19T17:39:21Z","Kyle.Coder@va.gov","Kyle.Coder@va.gov","0","0","0",,,,,
"1129","Learning Labs","Tenneil Zielaskowski – Bldg. 9, RM206, Desk 11 @ 12/15/2025 12:00 AM","Tenneil.Zielaskowski@va.gov","Bldg. 9, RM206, Desk 11","2025-12-16T04:00:00Z","2025-12-15T05:00:00Z",,,"0","0","Learning Labs","HIS","True","Denise.Patterer@va.gov","Desk",,"2025-12-15T05:00:00Z","Super User Training","150",,,,"Bldg. 9, RM206","True",,,,,,,"2025-12-19T17:39:21Z","2025-12-19T17:39:21Z","Kyle.Coder@va.gov","Kyle.Coder@va.gov","0","0","0",,,,,
"1128","Learning Labs","Tenneil Zielaskowski – Bldg. 9, RM206, Desk 10 @ 12/15/2025 12:00 AM","Tenneil.Zielaskowski@va.gov","Bldg. 9, RM206, Desk 10","2025-12-16T04:00:00Z","2025-12-15T05:00:00Z",,,"0","0","Learning Labs","HIS","True","Denise.Patterer@va.gov","Desk",,"2025-12-15T05:00:00Z","Super User Training","150",,,,"Bldg. 9, RM206","True",,,,,,,"2025-12-19T17:39:21Z","2025-12-19T17:39:21Z","Kyle.Coder@va.gov","Kyle.Coder@va.gov","0","0","0",,,,,
"1127","Learning Labs","Tenneil Zielaskowski – Bldg. 9, RM206, Desk 1  @ 12/15/2025 12:00 AM","Tenneil.Zielaskowski@va.gov","Bldg. 9, RM206, Desk 1 ","2025-12-16T04:00:00Z","2025-12-15T05:00:00Z",,,"0","0","Learning Labs","HIS","True","Denise.Patterer@va.gov","Desk",,"2025-12-15T05:00:00Z","Super User Training","150",,,,"Bldg. 9, RM206","True",,,,,,,"2025-12-19T17:39:21Z","2025-12-19T17:39:21Z","Kyle.Coder@va.gov","Kyle.Coder@va.gov","0","0","0",,,,,
"1126","Learning Labs","Tenneil Zielaskowski – Bldg. 9, RM206, Desk 9 @ 12/05/2025 12:00 AM","Tenneil.Zielaskowski@va.gov","Bldg. 9, RM206, Desk 9","2025-12-06T04:00:00Z","2025-12-05T05:00:00Z",,,"0","0","Learning Labs","HIS","True","Denise.Patterer@va.gov","Desk",,"2025-12-05T05:00:00Z","Super User Training","149",,,,"Bldg. 9, RM206","True",,,,,,,"2025-12-19T17:39:20Z","2025-12-19T17:39:20Z","Kyle.Coder@va.gov","Kyle.Coder@va.gov","0","0","0",,,,,
"1125","Learning Labs","Tenneil Zielaskowski – Bldg. 9, RM206, Desk 8 @ 12/05/2025 12:00 AM","Tenneil.Zielaskowski@va.gov","Bldg. 9, RM206, Desk 8","2025-12-06T04:00:00Z","2025-12-05T05:00:00Z",,,"0","0","Learning Labs","HIS","True","Denise.Patterer@va.gov","Desk",,"2025-12-05T05:00:00Z","Super User Training","149",,,,"Bldg. 9, RM206","True",,,,,,,"2025-12-19T17:39:20Z","2025-12-19T17:39:20Z","Kyle.Coder@va.gov","Kyle.Coder@va.gov","0","0","0",,,,,
"1124","Learning Labs","Tenneil Zielaskowski – Bldg. 9, RM206, Desk 7 @ 12/05/2025 12:00 AM","Tenneil.Zielaskowski@va.gov","Bldg. 9, RM206, Desk 7","2025-12-06T04:00:00Z","2025-12-05T05:00:00Z",,,"0","0","Learning Labs","HIS","True","Denise.Patterer@va.gov","Desk",,"2025-12-05T05:00:00Z","Super User Training","149",,,,"Bldg. 9, RM206","True",,,,,,,"2025-12-19T17:39:20Z","2025-12-19T17:39:20Z","Kyle.Coder@va.gov","Kyle.Coder@va.gov","0","0","0",,,,,
"1123","Learning Labs","Tenneil Zielaskowski – Bldg. 9, RM206, Desk 6 @ 12/05/2025 12:00 AM","Tenneil.Zielaskowski@va.gov","Bldg. 9, RM206, Desk 6","2025-12-06T04:00:00Z","2025-12-05T05:00:00Z",,,"0","0","Learning Labs","HIS","True","Denise.Patterer@va.gov","Desk",,"2025-12-05T05:00:00Z","Super User Training","149",,,,"Bldg. 9, RM206","True",,,,,,,"2025-12-19T17:39:20Z","2025-12-19T17:39:20Z","Kyle.Coder@va.gov","Kyle.Coder@va.gov","0","0","0",,,,,
"1122","Learning Labs","Tenneil Zielaskowski – Bldg. 9, RM206, Desk 5 @ 12/05/2025 12:00 AM","Tenneil.Zielaskowski@va.gov","Bldg. 9, RM206, Desk 5","2025-12-06T04:00:00Z","2025-12-05T05:00:00Z",,,"0","0","Learning Labs","HIS","True","Denise.Patterer@va.gov","Desk",,"2025-12-05T05:00:00Z","Super User Training","149",,,,"Bldg. 9, RM206","True",,,,,,,"2025-12-19T17:39:19Z","2025-12-19T17:39:19Z","Kyle.Coder@va.gov","Kyle.Coder@va.gov","0","0","0",,,,,
"1121","Learning Labs","Tenneil Zielaskowski – Bldg. 9, RM206, Desk 4 @ 12/05/2025 12:00 AM","Tenneil.Zielaskowski@va.gov","Bldg. 9, RM206, Desk 4","2025-12-06T04:00:00Z","2025-12-05T05:00:00Z",,,"0","0","Learning Labs","HIS","True","Denise.Patterer@va.gov","Desk",,"2025-12-05T05:00:00Z","Super User Training","149",,,,"Bldg. 9, RM206","True",,,,,,,"2025-12-19T17:39:19Z","2025-12-19T17:39:19Z","Kyle.Coder@va.gov","Kyle.Coder@va.gov","0","0","0",,,,,
"1120","Learning Labs","Tenneil Zielaskowski – Bldg. 9, RM206, Desk 3 @ 12/05/2025 12:00 AM","Tenneil.Zielaskowski@va.gov","Bldg. 9, RM206, Desk 3","2025-12-06T04:00:00Z","2025-12-05T05:00:00Z",,,"0","0","Learning Labs","HIS","True","Denise.Patterer@va.gov","Desk",,"2025-12-05T05:00:00Z","Super User Training","149",,,,"Bldg. 9, RM206","True",,,,,,,"2025-12-19T17:39:19Z","2025-12-19T17:39:19Z","Kyle.Coder@va.gov","Kyle.Coder@va.gov","0","0","0",,,,,
"1119","Learning Labs","Tenneil Zielaskowski – Bldg. 9, RM206, Desk 2 @ 12/05/2025 12:00 AM","Tenneil.Zielaskowski@va.gov","Bldg. 9, RM206, Desk 2","2025-12-06T04:00:00Z","2025-12-05T05:00:00Z",,,"0","0","Learning Labs","HIS","True","Denise.Patterer@va.gov","Desk",,"2025-12-05T05:00:00Z","Super User Training","149",,,,"Bldg. 9, RM206","True",,,,,,,"2025-12-19T17:39:19Z","2025-12-19T17:39:19Z","Kyle.Coder@va.gov","Kyle.Coder@va.gov","0","0","0",,,,,
"1118","Learning Labs","Tenneil Zielaskowski – Bldg. 9, RM206, Desk 12 @ 12/05/2025 12:00 AM","Tenneil.Zielaskowski@va.gov","Bldg. 9, RM206, Desk 12","2025-12-06T04:00:00Z","2025-12-05T05:00:00Z",,,"0","0","Learning Labs","HIS","True","Denise.Patterer@va.gov","Desk",,"2025-12-05T05:00:00Z","Super User Training","149",,,,"Bldg. 9, RM206","True",,,,,,,"2025-12-19T17:39:19Z","2025-12-19T17:39:19Z","Kyle.Coder@va.gov","Kyle.Coder@va.gov","0","0","0",,,,,
"1117","Learning Labs","Tenneil Zielaskowski – Bldg. 9, RM206, Desk 11 @ 12/05/2025 12:00 AM","Tenneil.Zielaskowski@va.gov","Bldg. 9, RM206, Desk 11","2025-12-06T04:00:00Z","2025-12-05T05:00:00Z",,,"0","0","Learning Labs","HIS","True","Denise.Patterer@va.gov","Desk",,"2025-12-05T05:00:00Z","Super User Training","149",,,,"Bldg. 9, RM206","True",,,,,,,"2025-12-19T17:39:18Z","2025-12-19T17:39:18Z","Kyle.Coder@va.gov","Kyle.Coder@va.gov","0","0","0",,,,,
"1116","Learning Labs","Tenneil Zielaskowski – Bldg. 9, RM206, Desk 10 @ 12/05/2025 12:00 AM","Tenneil.Zielaskowski@va.gov","Bldg. 9, RM206, Desk 10","2025-12-06T04:00:00Z","2025-12-05T05:00:00Z",,,"0","0","Learning Labs","HIS","True","Denise.Patterer@va.gov","Desk",,"2025-12-05T05:00:00Z","Super User Training","149",,,,"Bldg. 9, RM206","True",,,,,,,"2025-12-19T17:39:18Z","2025-12-19T17:39:18Z","Kyle.Coder@va.gov","Kyle.Coder@va.gov","0","0","0",,,,,
"1115","Learning Labs","Tenneil Zielaskowski – Bldg. 9, RM206, Desk 1  @ 12/05/2025 12:00 AM","Tenneil.Zielaskowski@va.gov","Bldg. 9, RM206, Desk 1 ","2025-12-06T04:00:00Z","2025-12-05T05:00:00Z",,,"0","0","Learning Labs","HIS","True","Denise.Patterer@va.gov","Desk",,"2025-12-05T05:00:00Z","Super User Training","149",,,,"Bldg. 9, RM206","True",,,,,,,"2025-12-19T17:39:18Z","2025-12-19T17:39:18Z","Kyle.Coder@va.gov","Kyle.Coder@va.gov","0","0","0",,,,,
"1114","Learning Labs","Tenneil Zielaskowski – Bldg. 9, RM206, Desk 9 @ 12/04/2025 12:00 AM","Tenneil.Zielaskowski@va.gov","Bldg. 9, RM206, Desk 9","2025-12-05T04:00:00Z","2025-12-04T05:00:00Z",,,"0","0","Learning Labs","HIS","True","Denise.Patterer@va.gov","Desk",,"2025-12-04T05:00:00Z","Super User Training","148",,,,"Bldg. 9, RM206","True",,,,,,,"2025-12-19T17:39:18Z","2025-12-19T17:39:18Z","Kyle.Coder@va.gov","Kyle.Coder@va.gov","0","0","0",,,,,
"1113","Learning Labs","Tenneil Zielaskowski – Bldg. 9, RM206, Desk 8 @ 12/04/2025 12:00 AM","Tenneil.Zielaskowski@va.gov","Bldg. 9, RM206, Desk 8","2025-12-05T04:00:00Z","2025-12-04T05:00:00Z",,,"0","0","Learning Labs","HIS","True","Denise.Patterer@va.gov","Desk",,"2025-12-04T05:00:00Z","Super User Training","148",,,,"Bldg. 9, RM206","True",,,,,,,"2025-12-19T17:39:18Z","2025-12-19T17:39:18Z","Kyle.Coder@va.gov","Kyle.Coder@va.gov","0","0","0",,,,,
"1112","Learning Labs","Tenneil Zielaskowski – Bldg. 9, RM206, Desk 7 @ 12/04/2025 12:00 AM","Tenneil.Zielaskowski@va.gov","Bldg. 9, RM206, Desk 7","2025-12-05T04:00:00Z","2025-12-04T05:00:00Z",,,"0","0","Learning Labs","HIS","True","Denise.Patterer@va.gov","Desk",,"2025-12-04T05:00:00Z","Super User Training","148",,,,"Bldg. 9, RM206","True",,,,,,,"2025-12-19T17:39:17Z","2025-12-19T17:39:17Z","Kyle.Coder@va.gov","Kyle.Coder@va.gov","0","0","0",,,,,
"1111","Learning Labs","Tenneil Zielaskowski – Bldg. 9, RM206, Desk 6 @ 12/04/2025 12:00 AM","Tenneil.Zielaskowski@va.gov","Bldg. 9, RM206, Desk 6","2025-12-05T04:00:00Z","2025-12-04T05:00:00Z",,,"0","0","Learning Labs","HIS","True","Denise.Patterer@va.gov","Desk",,"2025-12-04T05:00:00Z","Super User Training","148",,,,"Bldg. 9, RM206","True",,,,,,,"2025-12-19T17:39:17Z","2025-12-19T17:39:17Z","Kyle.Coder@va.gov","Kyle.Coder@va.gov","0","0","0",,,,,
"1110","Learning Labs","Tenneil Zielaskowski – Bldg. 9, RM206, Desk 5 @ 12/04/2025 12:00 AM","Tenneil.Zielaskowski@va.gov","Bldg. 9, RM206, Desk 5","2025-12-05T04:00:00Z","2025-12-04T05:00:00Z",,,"0","0","Learning Labs","HIS","True","Denise.Patterer@va.gov","Desk",,"2025-12-04T05:00:00Z","Super User Training","148",,,,"Bldg. 9, RM206","True",,,,,,,"2025-12-19T17:39:17Z","2025-12-19T17:39:17Z","Kyle.Coder@va.gov","Kyle.Coder@va.gov","0","0","0",,,,,
"1109","Learning Labs","Tenneil Zielaskowski – Bldg. 9, RM206, Desk 4 @ 12/04/2025 12:00 AM","Tenneil.Zielaskowski@va.gov","Bldg. 9, RM206, Desk 4","2025-12-05T04:00:00Z","2025-12-04T05:00:00Z",,,"0","0","Learning Labs","HIS","True","Denise.Patterer@va.gov","Desk",,"2025-12-04T05:00:00Z","Super User Training","148",,,,"Bldg. 9, RM206","True",,,,,,,"2025-12-19T17:39:17Z","2025-12-19T17:39:17Z","Kyle.Coder@va.gov","Kyle.Coder@va.gov","0","0","0",,,,,
"1108","Learning Labs","Tenneil Zielaskowski – Bldg. 9, RM206, Desk 3 @ 12/04/2025 12:00 AM","Tenneil.Zielaskowski@va.gov","Bldg. 9, RM206, Desk 3","2025-12-05T04:00:00Z","2025-12-04T05:00:00Z",,,"0","0","Learning Labs","HIS","True","Denise.Patterer@va.gov","Desk",,"2025-12-04T05:00:00Z","Super User Training","148",,,,"Bldg. 9, RM206","True",,,,,,,"2025-12-19T17:39:17Z","2025-12-19T17:39:17Z","Kyle.Coder@va.gov","Kyle.Coder@va.gov","0","0","0",,,,,
"1107","Learning Labs","Tenneil Zielaskowski – Bldg. 9, RM206, Desk 2 @ 12/04/2025 12:00 AM","Tenneil.Zielaskowski@va.gov","Bldg. 9, RM206, Desk 2","2025-12-05T04:00:00Z","2025-12-04T05:00:00Z",,,"0","0","Learning Labs","HIS","True","Denise.Patterer@va.gov","Desk",,"2025-12-04T05:00:00Z","Super User Training","148",,,,"Bldg. 9, RM206","True",,,,,,,"2025-12-19T17:39:17Z","2025-12-19T17:39:17Z","Kyle.Coder@va.gov","Kyle.Coder@va.gov","0","0","0",,,,,
"1106","Learning Labs","Tenneil Zielaskowski – Bldg. 9, RM206, Desk 12 @ 12/04/2025 12:00 AM","Tenneil.Zielaskowski@va.gov","Bldg. 9, RM206, Desk 12","2025-12-05T04:00:00Z","2025-12-04T05:00:00Z",,,"0","0","Learning Labs","HIS","True","Denise.Patterer@va.gov","Desk",,"2025-12-04T05:00:00Z","Super User Training","148",,,,"Bldg. 9, RM206","True",,,,,,,"2025-12-19T17:39:16Z","2025-12-19T17:39:16Z","Kyle.Coder@va.gov","Kyle.Coder@va.gov","0","0","0",,,,,
"1105","Learning Labs","Tenneil Zielaskowski – Bldg. 9, RM206, Desk 11 @ 12/04/2025 12:00 AM","Tenneil.Zielaskowski@va.gov","Bldg. 9, RM206, Desk 11","2025-12-05T04:00:00Z","2025-12-04T05:00:00Z",,,"0","0","Learning Labs","HIS","True","Denise.Patterer@va.gov","Desk",,"2025-12-04T05:00:00Z","Super User Training","148",,,,"Bldg. 9, RM206","True",,,,,,,"2025-12-19T17:39:16Z","2025-12-19T17:39:16Z","Kyle.Coder@va.gov","Kyle.Coder@va.gov","0","0","0",,,,,
"1104","Learning Labs","Tenneil Zielaskowski – Bldg. 9, RM206, Desk 10 @ 12/04/2025 12:00 AM","Tenneil.Zielaskowski@va.gov","Bldg. 9, RM206, Desk 10","2025-12-05T04:00:00Z","2025-12-04T05:00:00Z",,,"0","0","Learning Labs","HIS","True","Denise.Patterer@va.gov","Desk",,"2025-12-04T05:00:00Z","Super User Training","148",,,,"Bldg. 9, RM206","True",,,,,,,"2025-12-19T17:39:16Z","2025-12-19T17:39:16Z","Kyle.Coder@va.gov","Kyle.Coder@va.gov","0","0","0",,,,,
"1103","Learning Labs","Tenneil Zielaskowski – Bldg. 9, RM206, Desk 1  @ 12/04/2025 12:00 AM","Tenneil.Zielaskowski@va.gov","Bldg. 9, RM206, Desk 1 ","2025-12-05T04:00:00Z","2025-12-04T05:00:00Z",,,"0","0","Learning Labs","HIS","True","Denise.Patterer@va.gov","Desk",,"2025-12-04T05:00:00Z","Super User Training","148",,,,"Bldg. 9, RM206","True",,,,,,,"2025-12-19T17:39:16Z","2025-12-19T17:39:16Z","Kyle.Coder@va.gov","Kyle.Coder@va.gov","0","0","0",,,,,
"1102","Learning Labs","Tenneil Zielaskowski – Bldg. 9, RM206, Desk 9 @ 12/03/2025 12:00 AM","Tenneil.Zielaskowski@va.gov","Bldg. 9, RM206, Desk 9","2025-12-04T04:00:00Z","2025-12-03T05:00:00Z",,,"0","0","Learning Labs","HIS","True","Denise.Patterer@va.gov","Desk",,"2025-12-03T05:00:00Z","Super User Training","147",,,,"Bldg. 9, RM206","True",,,,,,,"2025-12-19T17:39:16Z","2025-12-19T17:39:16Z","Kyle.Coder@va.gov","Kyle.Coder@va.gov","0","0","0",,,,,
"1101","Learning Labs","Tenneil Zielaskowski – Bldg. 9, RM206, Desk 8 @ 12/03/2025 12:00 AM","Tenneil.Zielaskowski@va.gov","Bldg. 9, RM206, Desk 8","2025-12-04T04:00:00Z","2025-12-03T05:00:00Z",,,"0","0","Learning Labs","HIS","True","Denise.Patterer@va.gov","Desk",,"2025-12-03T05:00:00Z","Super User Training","147",,,,"Bldg. 9, RM206","True",,,,,,,"2025-12-19T17:39:15Z","2025-12-19T17:39:15Z","Kyle.Coder@va.gov","Kyle.Coder@va.gov","0","0","0",,,,,
"1100","Learning Labs","Tenneil Zielaskowski – Bldg. 9, RM206, Desk 7 @ 12/03/2025 12:00 AM","Tenneil.Zielaskowski@va.gov","Bldg. 9, RM206, Desk 7","2025-12-04T04:00:00Z","2025-12-03T05:00:00Z",,,"0","0","Learning Labs","HIS","True","Denise.Patterer@va.gov","Desk",,"2025-12-03T05:00:00Z","Super User Training","147",,,,"Bldg. 9, RM206","True",,,,,,,"2025-12-19T17:39:14Z","2025-12-19T17:39:14Z","Kyle.Coder@va.gov","Kyle.Coder@va.gov","0","0","0",,,,,
"1099","Learning Labs","Tenneil Zielaskowski – Bldg. 9, RM206, Desk 6 @ 12/03/2025 12:00 AM","Tenneil.Zielaskowski@va.gov","Bldg. 9, RM206, Desk 6","2025-12-04T04:00:00Z","2025-12-03T05:00:00Z",,,"0","0","Learning Labs","HIS","True","Denise.Patterer@va.gov","Desk",,"2025-12-03T05:00:00Z","Super User Training","147",,,,"Bldg. 9, RM206","True",,,,,,,"2025-12-19T17:39:14Z","2025-12-19T17:39:14Z","Kyle.Coder@va.gov","Kyle.Coder@va.gov","0","0","0",,,,,
"1098","Learning Labs","Tenneil Zielaskowski – Bldg. 9, RM206, Desk 5 @ 12/03/2025 12:00 AM","Tenneil.Zielaskowski@va.gov","Bldg. 9, RM206, Desk 5","2025-12-04T04:00:00Z","2025-12-03T05:00:00Z",,,"0","0","Learning Labs","HIS","True","Denise.Patterer@va.gov","Desk",,"2025-12-03T05:00:00Z","Super User Training","147",,,,"Bldg. 9, RM206","True",,,,,,,"2025-12-19T17:39:14Z","2025-12-19T17:39:14Z","Kyle.Coder@va.gov","Kyle.Coder@va.gov","0","0","0",,,,,
"1097","Learning Labs","Tenneil Zielaskowski – Bldg. 9, RM206, Desk 4 @ 12/03/2025 12:00 AM","Tenneil.Zielaskowski@va.gov","Bldg. 9, RM206, Desk 4","2025-12-04T04:00:00Z","2025-12-03T05:00:00Z",,,"0","0","Learning Labs","HIS","True","Denise.Patterer@va.gov","Desk",,"2025-12-03T05:00:00Z","Super User Training","147",,,,"Bldg. 9, RM206","True",,,,,,,"2025-12-19T17:39:13Z","2025-12-19T17:39:13Z","Kyle.Coder@va.gov","Kyle.Coder@va.gov","0","0","0",,,,,
"1096","Learning Labs","Tenneil Zielaskowski – Bldg. 9, RM206, Desk 3 @ 12/03/2025 12:00 AM","Tenneil.Zielaskowski@va.gov","Bldg. 9, RM206, Desk 3","2025-12-04T04:00:00Z","2025-12-03T05:00:00Z",,,"0","0","Learning Labs","HIS","True","Denise.Patterer@va.gov","Desk",,"2025-12-03T05:00:00Z","Super User Training","147",,,,"Bldg. 9, RM206","True",,,,,,,"2025-12-19T17:39:13Z","2025-12-19T17:39:13Z","Kyle.Coder@va.gov","Kyle.Coder@va.gov","0","0","0",,,,,
"1095","Learning Labs","Tenneil Zielaskowski – Bldg. 9, RM206, Desk 2 @ 12/03/2025 12:00 AM","Tenneil.Zielaskowski@va.gov","Bldg. 9, RM206, Desk 2","2025-12-04T04:00:00Z","2025-12-03T05:00:00Z",,,"0","0","Learning Labs","HIS","True","Denise.Patterer@va.gov","Desk",,"2025-12-03T05:00:00Z","Super User Training","147",,,,"Bldg. 9, RM206","True",,,,,,,"2025-12-19T17:39:13Z","2025-12-19T17:39:13Z","Kyle.Coder@va.gov","Kyle.Coder@va.gov","0","0","0",,,,,
"1094","Learning Labs","Tenneil Zielaskowski – Bldg. 9, RM206, Desk 12 @ 12/03/2025 12:00 AM","Tenneil.Zielaskowski@va.gov","Bldg. 9, RM206, Desk 12","2025-12-04T04:00:00Z","2025-12-03T05:00:00Z",,,"0","0","Learning Labs","HIS","True","Denise.Patterer@va.gov","Desk",,"2025-12-03T05:00:00Z","Super User Training","147",,,,"Bldg. 9, RM206","True",,,,,,,"2025-12-19T17:39:13Z","2025-12-19T17:39:13Z","Kyle.Coder@va.gov","Kyle.Coder@va.gov","0","0","0",,,,,
"1093","Learning Labs","Tenneil Zielaskowski – Bldg. 9, RM206, Desk 11 @ 12/03/2025 12:00 AM","Tenneil.Zielaskowski@va.gov","Bldg. 9, RM206, Desk 11","2025-12-04T04:00:00Z","2025-12-03T05:00:00Z",,,"0","0","Learning Labs","HIS","True","Denise.Patterer@va.gov","Desk",,"2025-12-03T05:00:00Z","Super User Training","147",,,,"Bldg. 9, RM206","True",,,,,,,"2025-12-19T17:39:13Z","2025-12-19T17:39:13Z","Kyle.Coder@va.gov","Kyle.Coder@va.gov","0","0","0",,,,,
"1092","Learning Labs","Tenneil Zielaskowski – Bldg. 9, RM206, Desk 10 @ 12/03/2025 12:00 AM","Tenneil.Zielaskowski@va.gov","Bldg. 9, RM206, Desk 10","2025-12-04T04:00:00Z","2025-12-03T05:00:00Z",,,"0","0","Learning Labs","HIS","True","Denise.Patterer@va.gov","Desk",,"2025-12-03T05:00:00Z","Super User Training","147",,,,"Bldg. 9, RM206","True",,,,,,,"2025-12-19T17:39:12Z","2025-12-19T17:39:12Z","Kyle.Coder@va.gov","Kyle.Coder@va.gov","0","0","0",,,,,
"1091","Learning Labs","Tenneil Zielaskowski – Bldg. 9, RM206, Desk 1  @ 12/03/2025 12:00 AM","Tenneil.Zielaskowski@va.gov","Bldg. 9, RM206, Desk 1 ","2025-12-04T04:00:00Z","2025-12-03T05:00:00Z",,,"0","0","Learning Labs","HIS","True","Denise.Patterer@va.gov","Desk",,"2025-12-03T05:00:00Z","Super User Training","147",,,,"Bldg. 9, RM206","True",,,,,,,"2025-12-19T17:39:12Z","2025-12-19T17:39:12Z","Kyle.Coder@va.gov","Kyle.Coder@va.gov","0","0","0",,,,,
"1090","Learning Labs","Tenneil Zielaskowski – Bldg. 9, RM206, Desk 9 @ 12/02/2025 12:00 AM","Tenneil.Zielaskowski@va.gov","Bldg. 9, RM206, Desk 9","2025-12-03T04:00:00Z","2025-12-02T05:00:00Z",,,"0","0","Learning Labs","HIS","True","Denise.Patterer@va.gov","Desk",,"2025-12-02T05:00:00Z","Super User Training","146",,,,"Bldg. 9, RM206","True",,,,,,,"2025-12-19T17:39:12Z","2025-12-19T17:39:12Z","Kyle.Coder@va.gov","Kyle.Coder@va.gov","0","0","0",,,,,
"1089","Learning Labs","Tenneil Zielaskowski – Bldg. 9, RM206, Desk 8 @ 12/02/2025 12:00 AM","Tenneil.Zielaskowski@va.gov","Bldg. 9, RM206, Desk 8","2025-12-03T04:00:00Z","2025-12-02T05:00:00Z",,,"0","0","Learning Labs","HIS","True","Denise.Patterer@va.gov","Desk",,"2025-12-02T05:00:00Z","Super User Training","146",,,,"Bldg. 9, RM206","True",,,,,,,"2025-12-19T17:39:12Z","2025-12-19T17:39:12Z","Kyle.Coder@va.gov","Kyle.Coder@va.gov","0","0","0",,,,,
"1088","Learning Labs","Tenneil Zielaskowski – Bldg. 9, RM206, Desk 7 @ 12/02/2025 12:00 AM","Tenneil.Zielaskowski@va.gov","Bldg. 9, RM206, Desk 7","2025-12-03T04:00:00Z","2025-12-02T05:00:00Z",,,"0","0","Learning Labs","HIS","True","Denise.Patterer@va.gov","Desk",,"2025-12-02T05:00:00Z","Super User Training","146",,,,"Bldg. 9, RM206","True",,,,,,,"2025-12-19T17:39:12Z","2025-12-19T17:39:12Z","Kyle.Coder@va.gov","Kyle.Coder@va.gov","0","0","0",,,,,
"1087","Learning Labs","Tenneil Zielaskowski – Bldg. 9, RM206, Desk 6 @ 12/02/2025 12:00 AM","Tenneil.Zielaskowski@va.gov","Bldg. 9, RM206, Desk 6","2025-12-03T04:00:00Z","2025-12-02T05:00:00Z",,,"0","0","Learning Labs","HIS","True","Denise.Patterer@va.gov","Desk",,"2025-12-02T05:00:00Z","Super User Training","146",,,,"Bldg. 9, RM206","True",,,,,,,"2025-12-19T17:39:11Z","2025-12-19T17:39:11Z","Kyle.Coder@va.gov","Kyle.Coder@va.gov","0","0","0",,,,,
"1086","Learning Labs","Tenneil Zielaskowski – Bldg. 9, RM206, Desk 5 @ 12/02/2025 12:00 AM","Tenneil.Zielaskowski@va.gov","Bldg. 9, RM206, Desk 5","2025-12-03T04:00:00Z","2025-12-02T05:00:00Z",,,"0","0","Learning Labs","HIS","True","Denise.Patterer@va.gov","Desk",,"2025-12-02T05:00:00Z","Super User Training","146",,,,"Bldg. 9, RM206","True",,,,,,,"2025-12-19T17:39:11Z","2025-12-19T17:39:11Z","Kyle.Coder@va.gov","Kyle.Coder@va.gov","0","0","0",,,,,
"1085","Learning Labs","Tenneil Zielaskowski – Bldg. 9, RM206, Desk 4 @ 12/02/2025 12:00 AM","Tenneil.Zielaskowski@va.gov","Bldg. 9, RM206, Desk 4","2025-12-03T04:00:00Z","2025-12-02T05:00:00Z",,,"0","0","Learning Labs","HIS","True","Denise.Patterer@va.gov","Desk",,"2025-12-02T05:00:00Z","Super User Training","146",,,,"Bldg. 9, RM206","True",,,,,,,"2025-12-19T17:39:11Z","2025-12-19T17:39:11Z","Kyle.Coder@va.gov","Kyle.Coder@va.gov","0","0","0",,,,,
"1084","Learning Labs","Tenneil Zielaskowski – Bldg. 9, RM206, Desk 3 @ 12/02/2025 12:00 AM","Tenneil.Zielaskowski@va.gov","Bldg. 9, RM206, Desk 3","2025-12-03T04:00:00Z","2025-12-02T05:00:00Z",,,"0","0","Learning Labs","HIS","True","Denise.Patterer@va.gov","Desk",,"2025-12-02T05:00:00Z","Super User Training","146",,,,"Bldg. 9, RM206","True",,,,,,,"2025-12-19T17:39:11Z","2025-12-19T17:39:11Z","Kyle.Coder@va.gov","Kyle.Coder@va.gov","0","0","0",,,,,
"1083","Learning Labs","Tenneil Zielaskowski – Bldg. 9, RM206, Desk 2 @ 12/02/2025 12:00 AM","Tenneil.Zielaskowski@va.gov","Bldg. 9, RM206, Desk 2","2025-12-03T04:00:00Z","2025-12-02T05:00:00Z",,,"0","0","Learning Labs","HIS","True","Denise.Patterer@va.gov","Desk",,"2025-12-02T05:00:00Z","Super User Training","146",,,,"Bldg. 9, RM206","True",,,,,,,"2025-12-19T17:39:11Z","2025-12-19T17:39:11Z","Kyle.Coder@va.gov","Kyle.Coder@va.gov","0","0","0",,,,,
"1082","Learning Labs","Tenneil Zielaskowski – Bldg. 9, RM206, Desk 12 @ 12/02/2025 12:00 AM","Tenneil.Zielaskowski@va.gov","Bldg. 9, RM206, Desk 12","2025-12-03T04:00:00Z","2025-12-02T05:00:00Z",,,"0","0","Learning Labs","HIS","True","Denise.Patterer@va.gov","Desk",,"2025-12-02T05:00:00Z","Super User Training","146",,,,"Bldg. 9, RM206","True",,,,,,,"2025-12-19T17:39:10Z","2025-12-19T17:39:10Z","Kyle.Coder@va.gov","Kyle.Coder@va.gov","0","0","0",,,,,
"1081","Learning Labs","Tenneil Zielaskowski – Bldg. 9, RM206, Desk 11 @ 12/02/2025 12:00 AM","Tenneil.Zielaskowski@va.gov","Bldg. 9, RM206, Desk 11","2025-12-03T04:00:00Z","2025-12-02T05:00:00Z",,,"0","0","Learning Labs","HIS","True","Denise.Patterer@va.gov","Desk",,"2025-12-02T05:00:00Z","Super User Training","146",,,,"Bldg. 9, RM206","True",,,,,,,"2025-12-19T17:39:10Z","2025-12-19T17:39:10Z","Kyle.Coder@va.gov","Kyle.Coder@va.gov","0","0","0",,,,,
"1080","Learning Labs","Tenneil Zielaskowski – Bldg. 9, RM206, Desk 10 @ 12/02/2025 12:00 AM","Tenneil.Zielaskowski@va.gov","Bldg. 9, RM206, Desk 10","2025-12-03T04:00:00Z","2025-12-02T05:00:00Z",,,"0","0","Learning Labs","HIS","True","Denise.Patterer@va.gov","Desk",,"2025-12-02T05:00:00Z","Super User Training","146",,,,"Bldg. 9, RM206","True",,,,,,,"2025-12-19T17:39:10Z","2025-12-19T17:39:10Z","Kyle.Coder@va.gov","Kyle.Coder@va.gov","0","0","0",,,,,
"1079","Learning Labs","Tenneil Zielaskowski – Bldg. 9, RM206, Desk 1  @ 12/02/2025 12:00 AM","Tenneil.Zielaskowski@va.gov","Bldg. 9, RM206, Desk 1 ","2025-12-03T04:00:00Z","2025-12-02T05:00:00Z",,,"0","0","Learning Labs","HIS","True","Denise.Patterer@va.gov","Desk",,"2025-12-02T05:00:00Z","Super User Training","146",,,,"Bldg. 9, RM206","True",,,,,,,"2025-12-19T17:39:10Z","2025-12-19T17:39:10Z","Kyle.Coder@va.gov","Kyle.Coder@va.gov","0","0","0",,,,,
"1078","Learning Labs","Tenneil Zielaskowski – Bldg. 9, RM206, Desk 6 @ 12/02/2025 12:00 AM","Tenneil.Zielaskowski@va.gov","Bldg. 9, RM206, Desk 6","2025-12-03T04:00:00Z","2025-12-02T05:00:00Z",,,"0","0","Learning Labs","HIS","True","Denise.Patterer@va.gov","Desk",,"2025-12-02T05:00:00Z","Super User Training","146",,,,"Bldg. 9, RM206","True",,,,,,,"2025-12-19T17:39:09Z","2025-12-19T17:39:09Z","Kyle.Coder@va.gov","Kyle.Coder@va.gov","0","0","0",,,,,
"1077","Learning Labs","Tenneil Zielaskowski – Bldg. 9, RM206, Desk 9 @ 11/20/2025 12:00 AM","Tenneil.Zielaskowski@va.gov","Bldg. 9, RM206, Desk 9","2025-11-21T04:00:00Z","2025-11-20T05:00:00Z",,,"0","0","Learning Labs","HIS","True","Denise.Patterer@va.gov","Desk",,"2025-11-20T05:00:00Z","Super User Training","145",,,,"Bldg. 9, RM206","True",,,,,,,"2025-12-19T17:39:09Z","2025-12-19T17:39:09Z","Kyle.Coder@va.gov","Kyle.Coder@va.gov","0","0","0",,,,,
"1076","Learning Labs","Tenneil Zielaskowski – Bldg. 9, RM206, Desk 8 @ 11/20/2025 12:00 AM","Tenneil.Zielaskowski@va.gov","Bldg. 9, RM206, Desk 8","2025-11-21T04:00:00Z","2025-11-20T05:00:00Z",,,"0","0","Learning Labs","HIS","True","Denise.Patterer@va.gov","Desk",,"2025-11-20T05:00:00Z","Super User Training","145",,,,"Bldg. 9, RM206","True",,,,,,,"2025-12-19T17:39:09Z","2025-12-19T17:39:09Z","Kyle.Coder@va.gov","Kyle.Coder@va.gov","0","0","0",,,,,
"1075","Learning Labs","Tenneil Zielaskowski – Bldg. 9, RM206, Desk 7 @ 11/20/2025 12:00 AM","Tenneil.Zielaskowski@va.gov","Bldg. 9, RM206, Desk 7","2025-11-21T04:00:00Z","2025-11-20T05:00:00Z",,,"0","0","Learning Labs","HIS","True","Denise.Patterer@va.gov","Desk",,"2025-11-20T05:00:00Z","Super User Training","145",,,,"Bldg. 9, RM206","True",,,,,,,"2025-12-19T17:39:09Z","2025-12-19T17:39:09Z","Kyle.Coder@va.gov","Kyle.Coder@va.gov","0","0","0",,,,,
"1074","Learning Labs","Tenneil Zielaskowski – Bldg. 9, RM206, Desk 6 @ 11/20/2025 12:00 AM","Tenneil.Zielaskowski@va.gov","Bldg. 9, RM206, Desk 6","2025-11-21T04:00:00Z","2025-11-20T05:00:00Z",,,"0","0","Learning Labs","HIS","True","Denise.Patterer@va.gov","Desk",,"2025-11-20T05:00:00Z","Super User Training","145",,,,"Bldg. 9, RM206","True",,,,,,,"2025-12-19T17:39:09Z","2025-12-19T17:39:09Z","Kyle.Coder@va.gov","Kyle.Coder@va.gov","0","0","0",,,,,
"1073","Learning Labs","Tenneil Zielaskowski – Bldg. 9, RM206, Desk 5 @ 11/20/2025 12:00 AM","Tenneil.Zielaskowski@va.gov","Bldg. 9, RM206, Desk 5","2025-11-21T04:00:00Z","2025-11-20T05:00:00Z",,,"0","0","Learning Labs","HIS","True","Denise.Patterer@va.gov","Desk",,"2025-11-20T05:00:00Z","Super User Training","145",,,,"Bldg. 9, RM206","True",,,,,,,"2025-12-19T17:39:08Z","2025-12-19T17:39:08Z","Kyle.Coder@va.gov","Kyle.Coder@va.gov","0","0","0",,,,,
"1072","Learning Labs","Tenneil Zielaskowski – Bldg. 9, RM206, Desk 4 @ 11/20/2025 12:00 AM","Tenneil.Zielaskowski@va.gov","Bldg. 9, RM206, Desk 4","2025-11-21T04:00:00Z","2025-11-20T05:00:00Z",,,"0","0","Learning Labs","HIS","True","Denise.Patterer@va.gov","Desk",,"2025-11-20T05:00:00Z","Super User Training","145",,,,"Bldg. 9, RM206","True",,,,,,,"2025-12-19T17:39:08Z","2025-12-19T17:39:08Z","Kyle.Coder@va.gov","Kyle.Coder@va.gov","0","0","0",,,,,
"1071","Learning Labs","Tenneil Zielaskowski – Bldg. 9, RM206, Desk 3 @ 11/20/2025 12:00 AM","Tenneil.Zielaskowski@va.gov","Bldg. 9, RM206, Desk 3","2025-11-21T04:00:00Z","2025-11-20T05:00:00Z",,,"0","0","Learning Labs","HIS","True","Denise.Patterer@va.gov","Desk",,"2025-11-20T05:00:00Z","Super User Training","145",,,,"Bldg. 9, RM206","True",,,,,,,"2025-12-19T17:39:08Z","2025-12-19T17:39:08Z","Kyle.Coder@va.gov","Kyle.Coder@va.gov","0","0","0",,,,,
"1070","Learning Labs","Tenneil Zielaskowski – Bldg. 9, RM206, Desk 2 @ 11/20/2025 12:00 AM","Tenneil.Zielaskowski@va.gov","Bldg. 9, RM206, Desk 2","2025-11-21T04:00:00Z","2025-11-20T05:00:00Z",,,"0","0","Learning Labs","HIS","True","Denise.Patterer@va.gov","Desk",,"2025-11-20T05:00:00Z","Super User Training","145",,,,"Bldg. 9, RM206","True",,,,,,,"2025-12-19T17:39:08Z","2025-12-19T17:39:08Z","Kyle.Coder@va.gov","Kyle.Coder@va.gov","0","0","0",,,,,
"1069","Learning Labs","Tenneil Zielaskowski – Bldg. 9, RM206, Desk 12 @ 11/20/2025 12:00 AM","Tenneil.Zielaskowski@va.gov","Bldg. 9, RM206, Desk 12","2025-11-21T04:00:00Z","2025-11-20T05:00:00Z",,,"0","0","Learning Labs","HIS","True","Denise.Patterer@va.gov","Desk",,"2025-11-20T05:00:00Z","Super User Training","145",,,,"Bldg. 9, RM206","True",,,,,,,"2025-12-19T17:39:07Z","2025-12-19T17:39:07Z","Kyle.Coder@va.gov","Kyle.Coder@va.gov","0","0","0",,,,,
"1068","Learning Labs","Tenneil Zielaskowski – Bldg. 9, RM206, Desk 11 @ 11/20/2025 12:00 AM","Tenneil.Zielaskowski@va.gov","Bldg. 9, RM206, Desk 11","2025-11-21T04:00:00Z","2025-11-20T05:00:00Z",,,"0","0","Learning Labs","HIS","True","Denise.Patterer@va.gov","Desk",,"2025-11-20T05:00:00Z","Super User Training","145",,,,"Bldg. 9, RM206","True",,,,,,,"2025-12-19T17:39:07Z","2025-12-19T17:39:07Z","Kyle.Coder@va.gov","Kyle.Coder@va.gov","0","0","0",,,,,
"1067","Learning Labs","Tenneil Zielaskowski – Bldg. 9, RM206, Desk 10 @ 11/20/2025 12:00 AM","Tenneil.Zielaskowski@va.gov","Bldg. 9, RM206, Desk 10","2025-11-21T04:00:00Z","2025-11-20T05:00:00Z",,,"0","0","Learning Labs","HIS","True","Denise.Patterer@va.gov","Desk",,"2025-11-20T05:00:00Z","Super User Training","145",,,,"Bldg. 9, RM206","True",,,,,,,"2025-12-19T17:39:07Z","2025-12-19T17:39:07Z","Kyle.Coder@va.gov","Kyle.Coder@va.gov","0","0","0",,,,,
"1066","Learning Labs","Tenneil Zielaskowski – Bldg. 9, RM206, Desk 1  @ 11/20/2025 12:00 AM","Tenneil.Zielaskowski@va.gov","Bldg. 9, RM206, Desk 1 ","2025-11-21T04:00:00Z","2025-11-20T05:00:00Z",,,"0","0","Learning Labs","HIS","True","Denise.Patterer@va.gov","Desk",,"2025-11-20T05:00:00Z","Super User Training","145",,,,"Bldg. 9, RM206","True",,,,,,,"2025-12-19T17:39:07Z","2025-12-19T17:39:07Z","Kyle.Coder@va.gov","Kyle.Coder@va.gov","0","0","0",,,,,
"1065","Learning Labs","Tenneil Zielaskowski – Bldg. 9, RM206, Desk 9 @ 11/19/2025 12:00 AM","Tenneil.Zielaskowski@va.gov","Bldg. 9, RM206, Desk 9","2025-11-20T04:00:00Z","2025-11-19T05:00:00Z",,,"0","0","Learning Labs","HIS","True","Denise.Patterer@va.gov","Desk",,"2025-11-19T05:00:00Z","Super User Training","144",,,,"Bldg. 9, RM206","True",,,,,,,"2025-12-19T17:39:07Z","2025-12-19T17:39:07Z","Kyle.Coder@va.gov","Kyle.Coder@va.gov","0","0","0",,,,,
"1064","Learning Labs","Tenneil Zielaskowski – Bldg. 9, RM206, Desk 8 @ 11/19/2025 12:00 AM","Tenneil.Zielaskowski@va.gov","Bldg. 9, RM206, Desk 8","2025-11-20T04:00:00Z","2025-11-19T05:00:00Z",,,"0","0","Learning Labs","HIS","True","Denise.Patterer@va.gov","Desk",,"2025-11-19T05:00:00Z","Super User Training","144",,,,"Bldg. 9, RM206","True",,,,,,,"2025-12-19T17:39:06Z","2025-12-19T17:39:06Z","Kyle.Coder@va.gov","Kyle.Coder@va.gov","0","0","0",,,,,
"1063","Learning Labs","Tenneil Zielaskowski – Bldg. 9, RM206, Desk 7 @ 11/19/2025 12:00 AM","Tenneil.Zielaskowski@va.gov","Bldg. 9, RM206, Desk 7","2025-11-20T04:00:00Z","2025-11-19T05:00:00Z",,,"0","0","Learning Labs","HIS","True","Denise.Patterer@va.gov","Desk",,"2025-11-19T05:00:00Z","Super User Training","144",,,,"Bldg. 9, RM206","True",,,,,,,"2025-12-19T17:39:06Z","2025-12-19T17:39:06Z","Kyle.Coder@va.gov","Kyle.Coder@va.gov","0","0","0",,,,,
"1062","Learning Labs","Tenneil Zielaskowski – Bldg. 9, RM206, Desk 6 @ 11/19/2025 12:00 AM","Tenneil.Zielaskowski@va.gov","Bldg. 9, RM206, Desk 6","2025-11-20T04:00:00Z","2025-11-19T05:00:00Z",,,"0","0","Learning Labs","HIS","True","Denise.Patterer@va.gov","Desk",,"2025-11-19T05:00:00Z","Super User Training","144",,,,"Bldg. 9, RM206","True",,,,,,,"2025-12-19T17:39:06Z","2025-12-19T17:39:06Z","Kyle.Coder@va.gov","Kyle.Coder@va.gov","0","0","0",,,,,
"1061","Learning Labs","Tenneil Zielaskowski – Bldg. 9, RM206, Desk 5 @ 11/19/2025 12:00 AM","Tenneil.Zielaskowski@va.gov","Bldg. 9, RM206, Desk 5","2025-11-20T04:00:00Z","2025-11-19T05:00:00Z",,,"0","0","Learning Labs","HIS","True","Denise.Patterer@va.gov","Desk",,"2025-11-19T05:00:00Z","Super User Training","144",,,,"Bldg. 9, RM206","True",,,,,,,"2025-12-19T17:39:06Z","2025-12-19T17:39:06Z","Kyle.Coder@va.gov","Kyle.Coder@va.gov","0","0","0",,,,,
"1060","Learning Labs","Tenneil Zielaskowski – Bldg. 9, RM206, Desk 4 @ 11/19/2025 12:00 AM","Tenneil.Zielaskowski@va.gov","Bldg. 9, RM206, Desk 4","2025-11-20T04:00:00Z","2025-11-19T05:00:00Z",,,"0","0","Learning Labs","HIS","True","Denise.Patterer@va.gov","Desk",,"2025-11-19T05:00:00Z","Super User Training","144",,,,"Bldg. 9, RM206","True",,,,,,,"2025-12-19T17:39:06Z","2025-12-19T17:39:06Z","Kyle.Coder@va.gov","Kyle.Coder@va.gov","0","0","0",,,,,
"1059","Learning Labs","Tenneil Zielaskowski – Bldg. 9, RM206, Desk 3 @ 11/19/2025 12:00 AM","Tenneil.Zielaskowski@va.gov","Bldg. 9, RM206, Desk 3","2025-11-20T04:00:00Z","2025-11-19T05:00:00Z",,,"0","0","Learning Labs","HIS","True","Denise.Patterer@va.gov","Desk",,"2025-11-19T05:00:00Z","Super User Training","144",,,,"Bldg. 9, RM206","True",,,,,,,"2025-12-19T17:39:05Z","2025-12-19T17:39:05Z","Kyle.Coder@va.gov","Kyle.Coder@va.gov","0","0","0",,,,,
"1058","Learning Labs","Tenneil Zielaskowski – Bldg. 9, RM206, Desk 2 @ 11/19/2025 12:00 AM","Tenneil.Zielaskowski@va.gov","Bldg. 9, RM206, Desk 2","2025-11-20T04:00:00Z","2025-11-19T05:00:00Z",,,"0","0","Learning Labs","HIS","True","Denise.Patterer@va.gov","Desk",,"2025-11-19T05:00:00Z","Super User Training","144",,,,"Bldg. 9, RM206","True",,,,,,,"2025-12-19T17:39:05Z","2025-12-19T17:39:05Z","Kyle.Coder@va.gov","Kyle.Coder@va.gov","0","0","0",,,,,
"1057","Learning Labs","Tenneil Zielaskowski – Bldg. 9, RM206, Desk 12 @ 11/19/2025 12:00 AM","Tenneil.Zielaskowski@va.gov","Bldg. 9, RM206, Desk 12","2025-11-20T04:00:00Z","2025-11-19T05:00:00Z",,,"0","0","Learning Labs","HIS","True","Denise.Patterer@va.gov","Desk",,"2025-11-19T05:00:00Z","Super User Training","144",,,,"Bldg. 9, RM206","True",,,,,,,"2025-12-19T17:39:05Z","2025-12-19T17:39:05Z","Kyle.Coder@va.gov","Kyle.Coder@va.gov","0","0","0",,,,,
"1056","Learning Labs","Tenneil Zielaskowski – Bldg. 9, RM206, Desk 11 @ 11/19/2025 12:00 AM","Tenneil.Zielaskowski@va.gov","Bldg. 9, RM206, Desk 11","2025-11-20T04:00:00Z","2025-11-19T05:00:00Z",,,"0","0","Learning Labs","HIS","True","Denise.Patterer@va.gov","Desk",,"2025-11-19T05:00:00Z","Super User Training","144",,,,"Bldg. 9, RM206","True",,,,,,,"2025-12-19T17:39:05Z","2025-12-19T17:39:05Z","Kyle.Coder@va.gov","Kyle.Coder@va.gov","0","0","0",,,,,
"1055","Learning Labs","Tenneil Zielaskowski – Bldg. 9, RM206, Desk 10 @ 11/19/2025 12:00 AM","Tenneil.Zielaskowski@va.gov","Bldg. 9, RM206, Desk 10","2025-11-20T04:00:00Z","2025-11-19T05:00:00Z",,,"0","0","Learning Labs","HIS","True","Denise.Patterer@va.gov","Desk",,"2025-11-19T05:00:00Z","Super User Training","144",,,,"Bldg. 9, RM206","True",,,,,,,"2025-12-19T17:39:05Z","2025-12-19T17:39:05Z","Kyle.Coder@va.gov","Kyle.Coder@va.gov","0","0","0",,,,,
"1054","Learning Labs","Tenneil Zielaskowski – Bldg. 9, RM206, Desk 1  @ 11/19/2025 12:00 AM","Tenneil.Zielaskowski@va.gov","Bldg. 9, RM206, Desk 1 ","2025-11-20T04:00:00Z","2025-11-19T05:00:00Z",,,"0","0","Learning Labs","HIS","True","Denise.Patterer@va.gov","Desk",,"2025-11-19T05:00:00Z","Super User Training","144",,,,"Bldg. 9, RM206","True",,,,,,,"2025-12-19T17:39:04Z","2025-12-19T17:39:04Z","Kyle.Coder@va.gov","Kyle.Coder@va.gov","0","0","0",,,,,
"1053","Learning Labs","Tenneil Zielaskowski – Bldg. 9, RM206, Desk 9 @ 11/18/2025 12:00 AM","Tenneil.Zielaskowski@va.gov","Bldg. 9, RM206, Desk 9","2025-11-19T04:00:00Z","2025-11-18T05:00:00Z",,,"0","0","Learning Labs","HIS","True","Denise.Patterer@va.gov","Desk",,"2025-11-18T05:00:00Z","Super User Training","143",,,,"Bldg. 9, RM206","True",,,,,,,"2025-12-19T17:39:04Z","2025-12-19T17:39:04Z","Kyle.Coder@va.gov","Kyle.Coder@va.gov","0","0","0",,,,,
"1052","Learning Labs","Tenneil Zielaskowski – Bldg. 9, RM206, Desk 8 @ 11/18/2025 12:00 AM","Tenneil.Zielaskowski@va.gov","Bldg. 9, RM206, Desk 8","2025-11-19T04:00:00Z","2025-11-18T05:00:00Z",,,"0","0","Learning Labs","HIS","True","Denise.Patterer@va.gov","Desk",,"2025-11-18T05:00:00Z","Super User Training","143",,,,"Bldg. 9, RM206","True",,,,,,,"2025-12-19T17:39:04Z","2025-12-19T17:39:04Z","Kyle.Coder@va.gov","Kyle.Coder@va.gov","0","0","0",,,,,
"1051","Learning Labs","Tenneil Zielaskowski – Bldg. 9, RM206, Desk 7 @ 11/18/2025 12:00 AM","Tenneil.Zielaskowski@va.gov","Bldg. 9, RM206, Desk 7","2025-11-19T04:00:00Z","2025-11-18T05:00:00Z",,,"0","0","Learning Labs","HIS","True","Denise.Patterer@va.gov","Desk",,"2025-11-18T05:00:00Z","Super User Training","143",,,,"Bldg. 9, RM206","True",,,,,,,"2025-12-19T17:39:04Z","2025-12-19T17:39:04Z","Kyle.Coder@va.gov","Kyle.Coder@va.gov","0","0","0",,,,,
"1050","Learning Labs","Tenneil Zielaskowski – Bldg. 9, RM206, Desk 6 @ 11/18/2025 12:00 AM","Tenneil.Zielaskowski@va.gov","Bldg. 9, RM206, Desk 6","2025-11-19T04:00:00Z","2025-11-18T05:00:00Z",,,"0","0","Learning Labs","HIS","True","Denise.Patterer@va.gov","Desk",,"2025-11-18T05:00:00Z","Super User Training","143",,,,"Bldg. 9, RM206","True",,,,,,,"2025-12-19T17:39:03Z","2025-12-19T17:39:03Z","Kyle.Coder@va.gov","Kyle.Coder@va.gov","0","0","0",,,,,
"1049","Learning Labs","Tenneil Zielaskowski – Bldg. 9, RM206, Desk 5 @ 11/18/2025 12:00 AM","Tenneil.Zielaskowski@va.gov","Bldg. 9, RM206, Desk 5","2025-11-19T04:00:00Z","2025-11-18T05:00:00Z",,,"0","0","Learning Labs","HIS","True","Denise.Patterer@va.gov","Desk",,"2025-11-18T05:00:00Z","Super User Training","143",,,,"Bldg. 9, RM206","True",,,,,,,"2025-12-19T17:39:03Z","2025-12-19T17:39:03Z","Kyle.Coder@va.gov","Kyle.Coder@va.gov","0","0","0",,,,,
"1048","Learning Labs","Tenneil Zielaskowski – Bldg. 9, RM206, Desk 4 @ 11/18/2025 12:00 AM","Tenneil.Zielaskowski@va.gov","Bldg. 9, RM206, Desk 4","2025-11-19T04:00:00Z","2025-11-18T05:00:00Z",,,"0","0","Learning Labs","HIS","True","Denise.Patterer@va.gov","Desk",,"2025-11-18T05:00:00Z","Super User Training","143",,,,"Bldg. 9, RM206","True",,,,,,,"2025-12-19T17:39:03Z","2025-12-19T17:39:03Z","Kyle.Coder@va.gov","Kyle.Coder@va.gov","0","0","0",,,,,
"1047","Learning Labs","Tenneil Zielaskowski – Bldg. 9, RM206, Desk 3 @ 11/18/2025 12:00 AM","Tenneil.Zielaskowski@va.gov","Bldg. 9, RM206, Desk 3","2025-11-19T04:00:00Z","2025-11-18T05:00:00Z",,,"0","0","Learning Labs","HIS","True","Denise.Patterer@va.gov","Desk",,"2025-11-18T05:00:00Z","Super User Training","143",,,,"Bldg. 9, RM206","True",,,,,,,"2025-12-19T17:39:03Z","2025-12-19T17:39:03Z","Kyle.Coder@va.gov","Kyle.Coder@va.gov","0","0","0",,,,,
"1046","Learning Labs","Tenneil Zielaskowski – Bldg. 9, RM206, Desk 2 @ 11/18/2025 12:00 AM","Tenneil.Zielaskowski@va.gov","Bldg. 9, RM206, Desk 2","2025-11-19T04:00:00Z","2025-11-18T05:00:00Z",,,"0","0","Learning Labs","HIS","True","Denise.Patterer@va.gov","Desk",,"2025-11-18T05:00:00Z","Super User Training","143",,,,"Bldg. 9, RM206","True",,,,,,,"2025-12-19T17:39:02Z","2025-12-19T17:39:02Z","Kyle.Coder@va.gov","Kyle.Coder@va.gov","0","0","0",,,,,
"1045","Learning Labs","Tenneil Zielaskowski – Bldg. 9, RM206, Desk 12 @ 11/18/2025 12:00 AM","Tenneil.Zielaskowski@va.gov","Bldg. 9, RM206, Desk 12","2025-11-19T04:00:00Z","2025-11-18T05:00:00Z",,,"0","0","Learning Labs","HIS","True","Denise.Patterer@va.gov","Desk",,"2025-11-18T05:00:00Z","Super User Training","143",,,,"Bldg. 9, RM206","True",,,,,,,"2025-12-19T17:39:02Z","2025-12-19T17:39:02Z","Kyle.Coder@va.gov","Kyle.Coder@va.gov","0","0","0",,,,,
"1044","Learning Labs","Tenneil Zielaskowski – Bldg. 9, RM206, Desk 11 @ 11/18/2025 12:00 AM","Tenneil.Zielaskowski@va.gov","Bldg. 9, RM206, Desk 11","2025-11-19T04:00:00Z","2025-11-18T05:00:00Z",,,"0","0","Learning Labs","HIS","True","Denise.Patterer@va.gov","Desk",,"2025-11-18T05:00:00Z","Super User Training","143",,,,"Bldg. 9, RM206","True",,,,,,,"2025-12-19T17:39:02Z","2025-12-19T17:39:02Z","Kyle.Coder@va.gov","Kyle.Coder@va.gov","0","0","0",,,,,
"1043","Learning Labs","Tenneil Zielaskowski – Bldg. 9, RM206, Desk 10 @ 11/18/2025 12:00 AM","Tenneil.Zielaskowski@va.gov","Bldg. 9, RM206, Desk 10","2025-11-19T04:00:00Z","2025-11-18T05:00:00Z",,,"0","0","Learning Labs","HIS","True","Denise.Patterer@va.gov","Desk",,"2025-11-18T05:00:00Z","Super User Training","143",,,,"Bldg. 9, RM206","True",,,,,,,"2025-12-19T17:39:02Z","2025-12-19T17:39:02Z","Kyle.Coder@va.gov","Kyle.Coder@va.gov","0","0","0",,,,,
"1042","Learning Labs","Tenneil Zielaskowski – Bldg. 9, RM206, Desk 1  @ 11/18/2025 12:00 AM","Tenneil.Zielaskowski@va.gov","Bldg. 9, RM206, Desk 1 ","2025-11-19T04:00:00Z","2025-11-18T05:00:00Z",,,"0","0","Learning Labs","HIS","True","Denise.Patterer@va.gov","Desk",,"2025-11-18T05:00:00Z","Super User Training","143",,,,"Bldg. 9, RM206","True",,,,,,,"2025-12-19T17:39:02Z","2025-12-19T17:39:02Z","Kyle.Coder@va.gov","Kyle.Coder@va.gov","0","0","0",,,,,
"1041","Learning Lab","Tenneil Zielaskowski – Bldg. 6, RM317, Desk 1  @ 12/18/2025 12:00 AM","Tenneil.Zielaskowski@va.gov","Bldg. 6, RM317, Desk 1 ","2025-12-19T04:00:00Z","2025-12-18T05:00:00Z",,,"0","0","Learning Lab","HIS","True","Denise.Patterer@va.gov","Desk",,"2025-12-18T05:00:00Z","Super User Training","142",,,,"Bldg. 6, RM317 ","True",,,,,,,"2025-12-19T17:39:01Z","2025-12-19T17:39:01Z","Kyle.Coder@va.gov","Kyle.Coder@va.gov","0","0","0",,,,,
"1040","Learning Lab","Tenneil Zielaskowski – Bldg. 6, RM317, Desk 1  @ 12/17/2025 12:00 AM","Tenneil.Zielaskowski@va.gov","Bldg. 6, RM317, Desk 1 ","2025-12-18T04:00:00Z","2025-12-17T05:00:00Z",,,"0","0","Learning Lab","HIS","True","Denise.Patterer@va.gov","Desk",,"2025-12-17T05:00:00Z","End User Training","141",,,,"Bldg. 6, RM317 ","True",,,,,,,"2025-12-19T17:39:01Z","2025-12-19T17:39:01Z","Kyle.Coder@va.gov","Kyle.Coder@va.gov","0","0","0",,,,,
"1039","Learning Lab","Tenneil Zielaskowski – Bldg. 6, RM317, Desk 1  @ 12/16/2025 12:00 AM","Tenneil.Zielaskowski@va.gov","Bldg. 6, RM317, Desk 1 ","2025-12-17T04:00:00Z","2025-12-16T05:00:00Z",,,"0","0","Learning Lab","HIS","True","Denise.Patterer@va.gov","Desk",,"2025-12-16T05:00:00Z","Super User Training","140",,,,"Bldg. 6, RM317 ","True",,,,,,,"2025-12-19T17:39:01Z","2025-12-19T17:39:01Z","Kyle.Coder@va.gov","Kyle.Coder@va.gov","0","0","0",,,,,
"1038","Learning Lab","Tenneil Zielaskowski – Bldg. 6, RM317, Desk 1  @ 12/15/2025 12:00 AM","Tenneil.Zielaskowski@va.gov","Bldg. 6, RM317, Desk 1 ","2025-12-16T04:00:00Z","2025-12-15T05:00:00Z",,,"0","0","Learning Lab","HIS","True","Denise.Patterer@va.gov","Desk",,"2025-12-15T05:00:00Z","Super User Training","139",,,,"Bldg. 6, RM317 ","True",,,,,,,"2025-12-19T17:39:01Z","2025-12-19T17:39:01Z","Kyle.Coder@va.gov","Kyle.Coder@va.gov","0","0","0",,,,,
"1037","Learning Labs","Tenneil Zielaskowski – Bldg. 6, RM317, Desk 1  @ 12/11/2025 12:00 AM","Tenneil.Zielaskowski@va.gov","Bldg. 6, RM317, Desk 1 ","2025-12-12T04:00:00Z","2025-12-11T05:00:00Z",,,"0","0","Learning Labs","HIS","True","Denise.Patterer@va.gov","Desk",,"2025-12-11T05:00:00Z","Super User Training","138",,,,"Bldg. 6, RM317 ","True",,,,,,,"2025-12-19T17:39:00Z","2025-12-19T17:39:00Z","Kyle.Coder@va.gov","Kyle.Coder@va.gov","0","0","0",,,,,
"1036","Learning Lab","Tenneil Zielaskowski – Bldg. 6, RM317, Desk 1  @ 12/10/2025 12:00 AM","Tenneil.Zielaskowski@va.gov","Bldg. 6, RM317, Desk 1 ","2025-12-11T04:00:00Z","2025-12-10T05:00:00Z",,,"0","0","Learning Lab","HIS","True","Denise.Patterer@va.gov","Desk",,"2025-12-10T05:00:00Z","Super User Training","137",,,,"Bldg. 6, RM317 ","True",,,,,,,"2025-12-19T17:39:00Z","2025-12-19T17:39:00Z","Kyle.Coder@va.gov","Kyle.Coder@va.gov","0","0","0",,,,,
"1035","Learning Lab","Tenneil Zielaskowski – Bldg. 6, RM317, Desk 1  @ 12/09/2025 12:00 AM","Tenneil.Zielaskowski@va.gov","Bldg. 6, RM317, Desk 1 ","2025-12-10T04:00:00Z","2025-12-09T05:00:00Z",,,"0","0","Learning Lab","HIS","True","Denise.Patterer@va.gov","Desk",,"2025-12-09T05:00:00Z","Super User Training","136",,,,"Bldg. 6, RM317 ","True",,,,,,,"2025-12-19T17:39:00Z","2025-12-19T17:39:00Z","Kyle.Coder@va.gov","Kyle.Coder@va.gov","0","0","0",,,,,
"1034","Learning Labs","Tenneil Zielaskowski – Bldg. 6, RM317, Desk 1  @ 12/08/2025 12:00 AM","Tenneil.Zielaskowski@va.gov","Bldg. 6, RM317, Desk 1 ","2025-12-09T04:00:00Z","2025-12-08T05:00:00Z",,,"0","0","Learning Labs","HIS","True","Denise.Patterer@va.gov","Desk",,"2025-12-08T05:00:00Z","Super User Training","135",,,,"Bldg. 6, RM317 ","True",,,,,,,"2025-12-19T17:38:59Z","2025-12-19T17:38:59Z","Kyle.Coder@va.gov","Kyle.Coder@va.gov","0","0","0",,,,,
"1033","Learning Labs","Tenneil Zielaskowski – Bldg. 6, RM317, Desk 1  @ 12/05/2025 12:00 AM","Tenneil.Zielaskowski@va.gov","Bldg. 6, RM317, Desk 1 ","2025-12-06T04:00:00Z","2025-12-05T05:00:00Z",,,"0","0","Learning Labs","HIS","True","Denise.Patterer@va.gov","Desk",,"2025-12-05T05:00:00Z","Super User Training","134",,,,"Bldg. 6, RM317 ","True",,,,,,,"2025-12-19T17:38:59Z","2025-12-19T17:38:59Z","Kyle.Coder@va.gov","Kyle.Coder@va.gov","0","0","0",,,,,
"1032","Learning Labs","Tenneil Zielaskowski – Bldg. 6, RM317, Desk 1  @ 12/04/2025 12:00 AM","Tenneil.Zielaskowski@va.gov","Bldg. 6, RM317, Desk 1 ","2025-12-05T04:00:00Z","2025-12-04T05:00:00Z",,,"0","0","Learning Labs","HIS","True","Denise.Patterer@va.gov","Desk",,"2025-12-04T05:00:00Z","Super User Training","133",,,,"Bldg. 6, RM317 ","True",,,,,,,"2025-12-19T17:38:59Z","2025-12-19T17:38:59Z","Kyle.Coder@va.gov","Kyle.Coder@va.gov","0","0","0",,,,,
"1031","Learning Labs","Tenneil Zielaskowski – Bldg. 6, RM317, Desk 1  @ 12/03/2025 12:00 AM","Tenneil.Zielaskowski@va.gov","Bldg. 6, RM317, Desk 1 ","2025-12-04T04:00:00Z","2025-12-03T05:00:00Z",,,"0","0","Learning Labs","HIS","True","Denise.Patterer@va.gov","Desk",,"2025-12-03T05:00:00Z","Super User Training","132",,,,"Bldg. 6, RM317 ","True",,,,,,,"2025-12-19T17:38:59Z","2025-12-19T17:38:59Z","Kyle.Coder@va.gov","Kyle.Coder@va.gov","0","0","0",,,,,
"1030","Learning Labs","Tenneil Zielaskowski – Bldg. 6, RM317, Desk 1  @ 12/02/2025 12:00 AM","Tenneil.Zielaskowski@va.gov","Bldg. 6, RM317, Desk 1 ","2025-12-03T04:00:00Z","2025-12-02T05:00:00Z",,,"0","0","Learning Labs","HIS","True","Denise.Patterer@va.gov","Desk",,"2025-12-02T05:00:00Z","Super User Training","131",,,,"Bldg. 6, RM317 ","True",,,,,,,"2025-12-19T17:38:58Z","2025-12-19T17:38:58Z","Kyle.Coder@va.gov","Kyle.Coder@va.gov","0","0","0",,,,,
"1029","Learning Labs","Tenneil Zielaskowski – Bldg. 6, RM317, Desk 1  @ 12/01/2025 12:00 AM","Tenneil.Zielaskowski@va.gov","Bldg. 6, RM317, Desk 1 ","2025-12-02T04:00:00Z","2025-12-01T05:00:00Z",,,"0","0","Learning Labs","HIS","True","Denise.Patterer@va.gov","Desk",,"2025-12-01T05:00:00Z","Super User Training","130",,,,"Bldg. 6, RM317 ","True",,,,,,,"2025-12-19T17:38:58Z","2025-12-19T17:38:58Z","Kyle.Coder@va.gov","Kyle.Coder@va.gov","0","0","0",,,,,
"1028","Learning Labs","Tenneil Zielaskowski – Bldg. 6, RM317, Desk 1  @ 11/20/2025 12:00 AM","Tenneil.Zielaskowski@va.gov","Bldg. 6, RM317, Desk 1 ","2025-11-21T04:00:00Z","2025-11-20T05:00:00Z",,,"0","0","Learning Labs","HIS","True","Denise.Patterer@va.gov","Desk",,"2025-11-20T05:00:00Z","Super User Training","129",,,,"Bldg. 6, RM317 ","True",,,,,,,"2025-12-19T17:38:58Z","2025-12-19T17:38:58Z","Kyle.Coder@va.gov","Kyle.Coder@va.gov","0","0","0",,,,,
"1027","Learning Lab","Tenneil Zielaskowski – Bldg. 6, RM317, Desk 1  @ 11/19/2025 12:00 AM","Tenneil.Zielaskowski@va.gov","Bldg. 6, RM317, Desk 1 ","2025-11-20T04:00:00Z","2025-11-19T05:00:00Z",,,"0","0","Learning Lab","HIS","True","Denise.Patterer@va.gov","Desk",,"2025-11-19T05:00:00Z","Super User Training","128",,,,"Bldg. 6, RM317 ","True",,,,,,,"2025-12-19T17:38:58Z","2025-12-19T17:38:58Z","Kyle.Coder@va.gov","Kyle.Coder@va.gov","0","0","0",,,,,
"1026","Learning Labs","Tenneil Zielaskowski – Bldg. 6, RM317, Desk 1  @ 11/18/2025 12:00 AM","Tenneil.Zielaskowski@va.gov","Bldg. 6, RM317, Desk 1 ","2025-11-19T04:00:00Z","2025-11-18T05:00:00Z",,,"0","0","Learning Labs","HIS","True","Denise.Patterer@va.gov","Desk",,"2025-11-18T05:00:00Z","Super User Training","127",,,,"Bldg. 6, RM317 ","True",,,,,,,"2025-12-19T17:38:58Z","2025-12-19T17:38:58Z","Kyle.Coder@va.gov","Kyle.Coder@va.gov","0","0","0",,,,,
"1025","Learning Labs","Tenneil Zielaskowski – Muskegon CBOC, RM153, Desk 8 @ 12/08/2025 12:00 AM","Tenneil.Zielaskowski@va.gov","Muskegon CBOC, RM153, Desk 8","2025-12-09T04:00:00Z","2025-12-08T05:00:00Z",,,"0","0","Learning Labs","HIS","True","Denise.Patterer@va.gov","Desk",,"2025-12-08T05:00:00Z","Super User Training","126",,,,"Muskegon CBOC, RM153","True",,,,,,,"2025-12-19T17:38:57Z","2025-12-19T17:38:57Z","Kyle.Coder@va.gov","Kyle.Coder@va.gov","0","0","0",,,,,
"1024","Learning Labs","Tenneil Zielaskowski – Muskegon CBOC, RM153, Desk 7 @ 12/08/2025 12:00 AM","Tenneil.Zielaskowski@va.gov","Muskegon CBOC, RM153, Desk 7","2025-12-09T04:00:00Z","2025-12-08T05:00:00Z",,,"0","0","Learning Labs","HIS","True","Denise.Patterer@va.gov","Desk",,"2025-12-08T05:00:00Z","Super User Training","126",,,,"Muskegon CBOC, RM153","True",,,,,,,"2025-12-19T17:38:57Z","2025-12-19T17:38:57Z","Kyle.Coder@va.gov","Kyle.Coder@va.gov","0","0","0",,,,,
"1023","Learning Labs","Tenneil Zielaskowski – Muskegon CBOC, RM153, Desk 4 @ 12/08/2025 12:00 AM","Tenneil.Zielaskowski@va.gov","Muskegon CBOC, RM153, Desk 4","2025-12-09T04:00:00Z","2025-12-08T05:00:00Z",,,"0","0","Learning Labs","HIS","True","Denise.Patterer@va.gov","Desk",,"2025-12-08T05:00:00Z","Super User Training","126",,,,"Muskegon CBOC, RM153","True",,,,,,,"2025-12-19T17:38:57Z","2025-12-19T17:38:57Z","Kyle.Coder@va.gov","Kyle.Coder@va.gov","0","0","0",,,,,
"1022","Learning Labs","Tenneil Zielaskowski – Muskegon CBOC, RM153, Desk 3 @ 12/08/2025 12:00 AM","Tenneil.Zielaskowski@va.gov","Muskegon CBOC, RM153, Desk 3","2025-12-09T04:00:00Z","2025-12-08T05:00:00Z",,,"0","0","Learning Labs","HIS","True","Denise.Patterer@va.gov","Desk",,"2025-12-08T05:00:00Z","Super User Training","126",,,,"Muskegon CBOC, RM153","True",,,,,,,"2025-12-19T17:38:57Z","2025-12-19T17:38:57Z","Kyle.Coder@va.gov","Kyle.Coder@va.gov","0","0","0",,,,,
"1021",,"Timothy Kimball – Bldg. 9, RM205, Desk 1  @ 11/06/2025 01:00 PM","Timothy.Kimball@va.gov","Bldg. 9, RM205, Desk 1 ","2025-11-06T20:00:00Z","2025-11-06T18:00:00Z",,,"0","0",,"HIMS","True","Daniel.Avis@va.gov","Desk",,"2025-11-06T05:00:00Z","Super User Training","125",,,,"Bldg. 9, RM205","True",,,,,,,"2025-12-19T17:38:56Z","2025-12-19T17:38:56Z","Kyle.Coder@va.gov","Kyle.Coder@va.gov","0","0","0",,,,,
"1020","Learning Labs","Tenneil Zielaskowski – Muskegon CBOC, RM153, Desk 2 @ 12/11/2025 12:00 AM","Tenneil.Zielaskowski@va.gov","Muskegon CBOC, RM153, Desk 2","2025-12-12T04:00:00Z","2025-12-11T05:00:00Z",,,"0","0","Learning Labs","HIS","True","Denise.Patterer@va.gov","Desk",,"2025-12-11T05:00:00Z","Super User Training","124",,,,"Muskegon CBOC, RM153","True",,,,,,,"2025-12-19T17:38:56Z","2025-12-19T17:38:56Z","Kyle.Coder@va.gov","Kyle.Coder@va.gov","0","0","0",,,,,
"1019","Learning Labs","Tenneil Zielaskowski – Muskegon CBOC, RM153, Desk 10 @ 12/11/2025 12:00 AM","Tenneil.Zielaskowski@va.gov","Muskegon CBOC, RM153, Desk 10","2025-12-12T04:00:00Z","2025-12-11T05:00:00Z",,,"0","0","Learning Labs","HIS","True","Denise.Patterer@va.gov","Desk",,"2025-12-11T05:00:00Z","Super User Training","124",,,,"Muskegon CBOC, RM153","True",,,,,,,"2025-12-19T17:38:56Z","2025-12-19T17:38:56Z","Kyle.Coder@va.gov","Kyle.Coder@va.gov","0","0","0",,,,,
"1018","Learning Labs","Tenneil Zielaskowski – Muskegon CBOC, RM153, Desk 1 @ 12/11/2025 12:00 AM","Tenneil.Zielaskowski@va.gov","Muskegon CBOC, RM153, Desk 1","2025-12-12T04:00:00Z","2025-12-11T05:00:00Z",,,"0","0","Learning Labs","HIS","True","Denise.Patterer@va.gov","Desk",,"2025-12-11T05:00:00Z","Super User Training","124",,,,"Muskegon CBOC, RM153","True",,,,,,,"2025-12-19T17:38:56Z","2025-12-19T17:38:56Z","Kyle.Coder@va.gov","Kyle.Coder@va.gov","0","0","0",,,,,
"1017","Learning Labs","Tenneil Zielaskowski – Muskegon CBOC, RM153, Desk 8 @ 12/11/2025 12:00 AM","Tenneil.Zielaskowski@va.gov","Muskegon CBOC, RM153, Desk 8","2025-12-12T04:00:00Z","2025-12-11T05:00:00Z",,,"0","0","Learning Labs","HIS","True","Denise.Patterer@va.gov","Desk",,"2025-12-11T05:00:00Z","Super User Training","124",,,,"Muskegon CBOC, RM153","True",,,,,,,"2025-12-19T17:38:56Z","2025-12-19T17:38:56Z","Kyle.Coder@va.gov","Kyle.Coder@va.gov","0","0","0",,,,,
"1016","Learning Labs","Tenneil Zielaskowski – Muskegon CBOC, RM153, Desk 7 @ 12/11/2025 12:00 AM","Tenneil.Zielaskowski@va.gov","Muskegon CBOC, RM153, Desk 7","2025-12-12T04:00:00Z","2025-12-11T05:00:00Z",,,"0","0","Learning Labs","HIS","True","Denise.Patterer@va.gov","Desk",,"2025-12-11T05:00:00Z","Super User Training","124",,,,"Muskegon CBOC, RM153","True",,,,,,,"2025-12-19T17:38:55Z","2025-12-19T17:38:55Z","Kyle.Coder@va.gov","Kyle.Coder@va.gov","0","0","0",,,,,
"1015","Learning Labs","Tenneil Zielaskowski – Muskegon CBOC, RM153, Desk 4 @ 12/11/2025 12:00 AM","Tenneil.Zielaskowski@va.gov","Muskegon CBOC, RM153, Desk 4","2025-12-12T04:00:00Z","2025-12-11T05:00:00Z",,,"0","0","Learning Labs","HIS","True","Denise.Patterer@va.gov","Desk",,"2025-12-11T05:00:00Z","Super User Training","124",,,,"Muskegon CBOC, RM153","True",,,,,,,"2025-12-19T17:38:55Z","2025-12-19T17:38:55Z","Kyle.Coder@va.gov","Kyle.Coder@va.gov","0","0","0",,,,,
"1014","Learning Labs","Tenneil Zielaskowski – Muskegon CBOC, RM153, Desk 3 @ 12/11/2025 12:00 AM","Tenneil.Zielaskowski@va.gov","Muskegon CBOC, RM153, Desk 3","2025-12-12T04:00:00Z","2025-12-11T05:00:00Z",,,"0","0","Learning Labs","HIS","True","Denise.Patterer@va.gov","Desk",,"2025-12-11T05:00:00Z","Super User Training","124",,,,"Muskegon CBOC, RM153","True",,,,,,,"2025-12-19T17:38:55Z","2025-12-19T17:38:55Z","Kyle.Coder@va.gov","Kyle.Coder@va.gov","0","0","0",,,,,
"1013","Learning Labs","Tenneil Zielaskowski – Muskegon CBOC, RM153, Desk 8 @ 12/10/2025 12:00 AM","Tenneil.Zielaskowski@va.gov","Muskegon CBOC, RM153, Desk 8","2025-12-11T04:00:00Z","2025-12-10T05:00:00Z",,,"0","0","Learning Labs","HIS","True","Denise.Patterer@va.gov","Desk",,"2025-12-10T05:00:00Z","Super User Training","123",,,,"Muskegon CBOC, RM153","True",,,,,,,"2025-12-19T17:38:55Z","2025-12-19T17:38:55Z","Kyle.Coder@va.gov","Kyle.Coder@va.gov","0","0","0",,,,,
"1012","Learning Labs","Tenneil Zielaskowski – Muskegon CBOC, RM153, Desk 7 @ 12/10/2025 12:00 AM","Tenneil.Zielaskowski@va.gov","Muskegon CBOC, RM153, Desk 7","2025-12-11T04:00:00Z","2025-12-10T05:00:00Z",,,"0","0","Learning Labs","HIS","True","Denise.Patterer@va.gov","Desk",,"2025-12-10T05:00:00Z","Super User Training","123",,,,"Muskegon CBOC, RM153","True",,,,,,,"2025-12-19T17:38:54Z","2025-12-19T17:38:54Z","Kyle.Coder@va.gov","Kyle.Coder@va.gov","0","0","0",,,,,
"1011","Learning Labs","Tenneil Zielaskowski – Muskegon CBOC, RM153, Desk 4 @ 12/10/2025 12:00 AM","Tenneil.Zielaskowski@va.gov","Muskegon CBOC, RM153, Desk 4","2025-12-11T04:00:00Z","2025-12-10T05:00:00Z",,,"0","0","Learning Labs","HIS","True","Denise.Patterer@va.gov","Desk",,"2025-12-10T05:00:00Z","Super User Training","123",,,,"Muskegon CBOC, RM153","True",,,,,,,"2025-12-19T17:38:54Z","2025-12-19T17:38:54Z","Kyle.Coder@va.gov","Kyle.Coder@va.gov","0","0","0",,,,,
"1010","Learning Labs","Tenneil Zielaskowski – Muskegon CBOC, RM153, Desk 3 @ 12/10/2025 12:00 AM","Tenneil.Zielaskowski@va.gov","Muskegon CBOC, RM153, Desk 3","2025-12-11T04:00:00Z","2025-12-10T05:00:00Z",,,"0","0","Learning Labs","HIS","True","Denise.Patterer@va.gov","Desk",,"2025-12-10T05:00:00Z","Super User Training","123",,,,"Muskegon CBOC, RM153","True",,,,,,,"2025-12-19T17:38:54Z","2025-12-19T17:38:54Z","Kyle.Coder@va.gov","Kyle.Coder@va.gov","0","0","0",,,,,
"1009","Learning Labs","Tenneil Zielaskowski – Muskegon CBOC, RM153, Desk 2 @ 12/10/2025 12:00 AM","Tenneil.Zielaskowski@va.gov","Muskegon CBOC, RM153, Desk 2","2025-12-11T04:00:00Z","2025-12-10T05:00:00Z",,,"0","0","Learning Labs","HIS","True","Denise.Patterer@va.gov","Desk",,"2025-12-10T05:00:00Z","Super User Training","123",,,,"Muskegon CBOC, RM153","True",,,,,,,"2025-12-19T17:38:54Z","2025-12-19T17:38:54Z","Kyle.Coder@va.gov","Kyle.Coder@va.gov","0","0","0",,,,,
"1008","Learning Labs","Tenneil Zielaskowski – Muskegon CBOC, RM153, Desk 10 @ 12/10/2025 12:00 AM","Tenneil.Zielaskowski@va.gov","Muskegon CBOC, RM153, Desk 10","2025-12-11T04:00:00Z","2025-12-10T05:00:00Z",,,"0","0","Learning Labs","HIS","True","Denise.Patterer@va.gov","Desk",,"2025-12-10T05:00:00Z","Super User Training","123",,,,"Muskegon CBOC, RM153","True",,,,,,,"2025-12-19T17:38:54Z","2025-12-19T17:38:54Z","Kyle.Coder@va.gov","Kyle.Coder@va.gov","0","0","0",,,,,
"1007","Learning Labs","Tenneil Zielaskowski – Muskegon CBOC, RM153, Desk 1 @ 12/10/2025 12:00 AM","Tenneil.Zielaskowski@va.gov","Muskegon CBOC, RM153, Desk 1","2025-12-11T04:00:00Z","2025-12-10T05:00:00Z",,,"0","0","Learning Labs","HIS","True","Denise.Patterer@va.gov","Desk",,"2025-12-10T05:00:00Z","Super User Training","123",,,,"Muskegon CBOC, RM153","True",,,,,,,"2025-12-19T17:38:53Z","2025-12-19T17:38:53Z","Kyle.Coder@va.gov","Kyle.Coder@va.gov","0","0","0",,,,,
"1006","Learning Labs","Tenneil Zielaskowski – Muskegon CBOC, RM153, Desk 8 @ 12/09/2025 12:00 AM","Tenneil.Zielaskowski@va.gov","Muskegon CBOC, RM153, Desk 8","2025-12-10T04:00:00Z","2025-12-09T05:00:00Z",,,"0","0","Learning Labs","HIS","True","Denise.Patterer@va.gov","Desk",,"2025-12-09T05:00:00Z","Super User Training","122",,,,"Muskegon CBOC, RM153","True",,,,,,,"2025-12-19T17:38:53Z","2025-12-19T17:38:53Z","Kyle.Coder@va.gov","Kyle.Coder@va.gov","0","0","0",,,,,
"1005","Learning Labs","Tenneil Zielaskowski – Muskegon CBOC, RM153, Desk 7 @ 12/09/2025 12:00 AM","Tenneil.Zielaskowski@va.gov","Muskegon CBOC, RM153, Desk 7","2025-12-10T04:00:00Z","2025-12-09T05:00:00Z",,,"0","0","Learning Labs","HIS","True","Denise.Patterer@va.gov","Desk",,"2025-12-09T05:00:00Z","Super User Training","122",,,,"Muskegon CBOC, RM153","True",,,,,,,"2025-12-19T17:38:53Z","2025-12-19T17:38:53Z","Kyle.Coder@va.gov","Kyle.Coder@va.gov","0","0","0",,,,,
"1004","Learning Labs","Tenneil Zielaskowski – Muskegon CBOC, RM153, Desk 4 @ 12/09/2025 12:00 AM","Tenneil.Zielaskowski@va.gov","Muskegon CBOC, RM153, Desk 4","2025-12-10T04:00:00Z","2025-12-09T05:00:00Z",,,"0","0","Learning Labs","HIS","True","Denise.Patterer@va.gov","Desk",,"2025-12-09T05:00:00Z","Super User Training","122",,,,"Muskegon CBOC, RM153","True",,,,,,,"2025-12-19T17:38:53Z","2025-12-19T17:38:53Z","Kyle.Coder@va.gov","Kyle.Coder@va.gov","0","0","0",,,,,
"1003","Learning Labs","Tenneil Zielaskowski – Muskegon CBOC, RM153, Desk 3 @ 12/09/2025 12:00 AM","Tenneil.Zielaskowski@va.gov","Muskegon CBOC, RM153, Desk 3","2025-12-10T04:00:00Z","2025-12-09T05:00:00Z",,,"0","0","Learning Labs","HIS","True","Denise.Patterer@va.gov","Desk",,"2025-12-09T05:00:00Z","Super User Training","122",,,,"Muskegon CBOC, RM153","True",,,,,,,"2025-12-19T17:38:53Z","2025-12-19T17:38:53Z","Kyle.Coder@va.gov","Kyle.Coder@va.gov","0","0","0",,,,,
"1002","Learning Labs","Tenneil Zielaskowski – Muskegon CBOC, RM153, Desk 2 @ 12/09/2025 12:00 AM","Tenneil.Zielaskowski@va.gov","Muskegon CBOC, RM153, Desk 2","2025-12-10T04:00:00Z","2025-12-09T05:00:00Z",,,"0","0","Learning Labs","HIS","True","Denise.Patterer@va.gov","Desk",,"2025-12-09T05:00:00Z","Super User Training","122",,,,"Muskegon CBOC, RM153","True",,,,,,,"2025-12-19T17:38:52Z","2025-12-19T17:38:52Z","Kyle.Coder@va.gov","Kyle.Coder@va.gov","0","0","0",,,,,
"1001","Learning Labs","Tenneil Zielaskowski – Muskegon CBOC, RM153, Desk 10 @ 12/09/2025 12:00 AM","Tenneil.Zielaskowski@va.gov","Muskegon CBOC, RM153, Desk 10","2025-12-10T04:00:00Z","2025-12-09T05:00:00Z",,,"0","0","Learning Labs","HIS","True","Denise.Patterer@va.gov","Desk",,"2025-12-09T05:00:00Z","Super User Training","122",,,,"Muskegon CBOC, RM153","True",,,,,,,"2025-12-19T17:38:52Z","2025-12-19T17:38:52Z","Kyle.Coder@va.gov","Kyle.Coder@va.gov","0","0","0",,,,,
"1000","Learning Labs","Tenneil Zielaskowski – Muskegon CBOC, RM153, Desk 1 @ 12/09/2025 12:00 AM","Tenneil.Zielaskowski@va.gov","Muskegon CBOC, RM153, Desk 1","2025-12-10T04:00:00Z","2025-12-09T05:00:00Z",,,"0","0","Learning Labs","HIS","True","Denise.Patterer@va.gov","Desk",,"2025-12-09T05:00:00Z","Super User Training","122",,,,"Muskegon CBOC, RM153","True",,,,,,,"2025-12-19T17:38:53Z","2025-12-19T17:38:53Z","Kyle.Coder@va.gov","Kyle.Coder@va.gov","0","0","0",,,,,
"999","Learning Labs","Tenneil Zielaskowski – Muskegon CBOC, RM153, Desk 2 @ 12/08/2025 12:00 AM","Tenneil.Zielaskowski@va.gov","Muskegon CBOC, RM153, Desk 2","2025-12-09T04:00:00Z","2025-12-08T05:00:00Z",,,"0","0","Learning Labs","HIS","True","Denise.Patterer@va.gov","Desk",,"2025-12-08T05:00:00Z","Super User Training","121",,,,"Muskegon CBOC, RM153","True",,,,,,,"2025-12-19T17:38:52Z","2025-12-19T17:38:52Z","Kyle.Coder@va.gov","Kyle.Coder@va.gov","0","0","0",,,,,
"998","Learning Labs","Tenneil Zielaskowski – Muskegon CBOC, RM153, Desk 10 @ 12/08/2025 12:00 AM","Tenneil.Zielaskowski@va.gov","Muskegon CBOC, RM153, Desk 10","2025-12-09T04:00:00Z","2025-12-08T05:00:00Z",,,"0","0","Learning Labs","HIS","True","Denise.Patterer@va.gov","Desk",,"2025-12-08T05:00:00Z","Super User Training","121",,,,"Muskegon CBOC, RM153","True",,,,,,,"2025-12-19T17:38:52Z","2025-12-19T17:38:52Z","Kyle.Coder@va.gov","Kyle.Coder@va.gov","0","0","0",,,,,
"997","Learning Labs","Tenneil Zielaskowski – Muskegon CBOC, RM153, Desk 1 @ 12/08/2025 12:00 AM","Tenneil.Zielaskowski@va.gov","Muskegon CBOC, RM153, Desk 1","2025-12-09T04:00:00Z","2025-12-08T05:00:00Z",,,"0","0","Learning Labs","HIS","True","Denise.Patterer@va.gov","Desk",,"2025-12-08T05:00:00Z","Super User Training","121",,,,"Muskegon CBOC, RM153","True",,,,,,,"2025-12-19T17:38:52Z","2025-12-19T17:38:52Z","Kyle.Coder@va.gov","Kyle.Coder@va.gov","0","0","0",,,,,
"996","Learning Labs","Tenneil Zielaskowski – Lansing CBOC, RM110, Desk 1 @ 12/08/2025 12:00 AM","Tenneil.Zielaskowski@va.gov","Lansing CBOC, RM110, Desk 1","2025-12-09T04:00:00Z","2025-12-08T05:00:00Z",,,"0","0","Learning Labs","HIS","True","Denise.Patterer@va.gov","Desk",,"2025-12-08T05:00:00Z","Super User Training","121",,,,"Lansing CBOC, RM110","True",,,,,,,"2025-12-19T17:38:52Z","2025-12-19T17:38:52Z","Kyle.Coder@va.gov","Kyle.Coder@va.gov","0","0","0",,,,,
"995","Learning Labs","Tenneil Zielaskowski – Lansing CBOC, RM110, Desk 4 @ 12/17/2025 12:00 AM","Tenneil.Zielaskowski@va.gov","Lansing CBOC, RM110, Desk 4","2025-12-18T04:00:00Z","2025-12-17T05:00:00Z",,,"0","0","Learning Labs","HIS","True","Denise.Patterer@va.gov","Desk",,"2025-12-17T05:00:00Z","Super User Training","120",,,,"Lansing CBOC, RM110","True",,,,,,,"2025-12-19T17:38:51Z","2025-12-19T17:38:51Z","Kyle.Coder@va.gov","Kyle.Coder@va.gov","0","0","0",,,,,
"994","Learning Labs","Tenneil Zielaskowski – Lansing CBOC, RM110, Desk 1 @ 12/17/2025 12:00 AM","Tenneil.Zielaskowski@va.gov","Lansing CBOC, RM110, Desk 1","2025-12-18T04:00:00Z","2025-12-17T05:00:00Z",,,"0","0","Learning Labs","HIS","True","Denise.Patterer@va.gov","Desk",,"2025-12-17T05:00:00Z","Super User Training","120",,,,"Lansing CBOC, RM110","True",,,,,,,"2025-12-19T17:38:51Z","2025-12-19T17:38:51Z","Kyle.Coder@va.gov","Kyle.Coder@va.gov","0","0","0",,,,,
"993","Learning Labs","Tenneil Zielaskowski – Lansing CBOC, RM110, Desk 4 @ 12/16/2025 12:00 AM","Tenneil.Zielaskowski@va.gov","Lansing CBOC, RM110, Desk 4","2025-12-17T04:00:00Z","2025-12-16T05:00:00Z",,,"0","0","Learning Labs","HIS","True","Denise.Patterer@va.gov","Desk",,"2025-12-16T05:00:00Z","Super User Training","119",,,,"Lansing CBOC, RM110","True",,,,,,,"2025-12-19T17:38:51Z","2025-12-19T17:38:51Z","Kyle.Coder@va.gov","Kyle.Coder@va.gov","0","0","0",,,,,
"992","Learning Labs","Tenneil Zielaskowski – Lansing CBOC, RM110, Desk 1 @ 12/16/2025 12:00 AM","Tenneil.Zielaskowski@va.gov","Lansing CBOC, RM110, Desk 1","2025-12-17T04:00:00Z","2025-12-16T05:00:00Z",,,"0","0","Learning Labs","HIS","True","Denise.Patterer@va.gov","Desk",,"2025-12-16T05:00:00Z","Super User Training","119",,,,"Lansing CBOC, RM110","True",,,,,,,"2025-12-19T17:38:51Z","2025-12-19T17:38:51Z","Kyle.Coder@va.gov","Kyle.Coder@va.gov","0","0","0",,,,,
"991","Learning Labs","Tenneil Zielaskowski – Lansing CBOC, RM110, Desk 4 @ 12/15/2025 12:00 AM","Tenneil.Zielaskowski@va.gov","Lansing CBOC, RM110, Desk 4","2025-12-16T04:00:00Z","2025-12-15T05:00:00Z",,,"0","0","Learning Labs","HIS","True","Denise.Patterer@va.gov","Desk",,"2025-12-15T05:00:00Z","Super User Training","118",,,,"Lansing CBOC, RM110","True",,,,,,,"2025-12-19T17:38:50Z","2025-12-19T17:38:50Z","Kyle.Coder@va.gov","Kyle.Coder@va.gov","0","0","0",,,,,
"990","Learning Labs","Tenneil Zielaskowski – Lansing CBOC, RM110, Desk 1 @ 12/15/2025 12:00 AM","Tenneil.Zielaskowski@va.gov","Lansing CBOC, RM110, Desk 1","2025-12-16T04:00:00Z","2025-12-15T05:00:00Z",,,"0","0","Learning Labs","HIS","True","Denise.Patterer@va.gov","Desk",,"2025-12-15T05:00:00Z","Super User Training","118",,,,"Lansing CBOC, RM110","True",,,,,,,"2025-12-19T17:38:50Z","2025-12-19T17:38:50Z","Kyle.Coder@va.gov","Kyle.Coder@va.gov","0","0","0",,,,,
"989","Learning Labs","Tenneil Zielaskowski – Benton Harbor CBOC, RM118, Desk 3 @ 12/04/2025 12:00 AM","Tenneil.Zielaskowski@va.gov","Benton Harbor CBOC, RM118, Desk 3","2025-12-05T04:00:00Z","2025-12-04T05:00:00Z",,,"0","0","Learning Labs","HIS","True","Denise.Patterer@va.gov","Desk",,"2025-12-04T05:00:00Z","Super User Training","116",,,,"Benton Harbor CBOC, RM118","True",,,,,,,"2025-12-19T17:38:50Z","2025-12-19T17:38:50Z","Kyle.Coder@va.gov","Kyle.Coder@va.gov","0","0","0",,,,,
"988","Learning Labs","Tenneil Zielaskowski – Benton Harbor CBOC, RM118, Desk 2 @ 12/04/2025 12:00 AM","Tenneil.Zielaskowski@va.gov","Benton Harbor CBOC, RM118, Desk 2","2025-12-05T04:00:00Z","2025-12-04T05:00:00Z",,,"0","0","Learning Labs","HIS","True","Denise.Patterer@va.gov","Desk",,"2025-12-04T05:00:00Z","Super User Training","116",,,,"Benton Harbor CBOC, RM118","True",,,,,,,"2025-12-19T17:38:50Z","2025-12-19T17:38:50Z","Kyle.Coder@va.gov","Kyle.Coder@va.gov","0","0","0",,,,,
"987","Learning Labs","Tenneil Zielaskowski – Benton Harbor CBOC, RM118, Desk 1 @ 12/04/2025 12:00 AM","Tenneil.Zielaskowski@va.gov","Benton Harbor CBOC, RM118, Desk 1","2025-12-05T04:00:00Z","2025-12-04T05:00:00Z",,,"0","0","Learning Labs","HIS","True","Denise.Patterer@va.gov","Desk",,"2025-12-04T05:00:00Z","Super User Training","116",,,,"Benton Harbor CBOC, RM118","True",,,,,,,"2025-12-19T17:38:50Z","2025-12-19T17:38:50Z","Kyle.Coder@va.gov","Kyle.Coder@va.gov","0","0","0",,,,,
"986","Learning Labs","Tenneil Zielaskowski – Benton Harbor CBOC, RM118, Desk 3 @ 12/03/2025 12:00 AM","Tenneil.Zielaskowski@va.gov","Benton Harbor CBOC, RM118, Desk 3","2025-12-04T04:00:00Z","2025-12-03T05:00:00Z",,,"0","0","Learning Labs","HIS","True","Denise.Patterer@va.gov","Desk",,"2025-12-03T05:00:00Z","Super User Training","115",,,,"Benton Harbor CBOC, RM118","True",,,,,,,"2025-12-19T17:38:49Z","2025-12-19T17:38:49Z","Kyle.Coder@va.gov","Kyle.Coder@va.gov","0","0","0",,,,,
"985","Learning Labs","Tenneil Zielaskowski – Benton Harbor CBOC, RM118, Desk 2 @ 12/03/2025 12:00 AM","Tenneil.Zielaskowski@va.gov","Benton Harbor CBOC, RM118, Desk 2","2025-12-04T04:00:00Z","2025-12-03T05:00:00Z",,,"0","0","Learning Labs","HIS","True","Denise.Patterer@va.gov","Desk",,"2025-12-03T05:00:00Z","Super User Training","115",,,,"Benton Harbor CBOC, RM118","True",,,,,,,"2025-12-19T17:38:49Z","2025-12-19T17:38:49Z","Kyle.Coder@va.gov","Kyle.Coder@va.gov","0","0","0",,,,,
"984","Learning Labs","Tenneil Zielaskowski – Benton Harbor CBOC, RM118, Desk 1 @ 12/03/2025 12:00 AM","Tenneil.Zielaskowski@va.gov","Benton Harbor CBOC, RM118, Desk 1","2025-12-04T04:00:00Z","2025-12-03T05:00:00Z",,,"0","0","Learning Labs","HIS","True","Denise.Patterer@va.gov","Desk",,"2025-12-03T05:00:00Z","Super User Training","115",,,,"Benton Harbor CBOC, RM118","True",,,,,,,"2025-12-19T17:38:49Z","2025-12-19T17:38:49Z","Kyle.Coder@va.gov","Kyle.Coder@va.gov","0","0","0",,,,,
"983","Learning Labs","Tenneil Zielaskowski – Benton Harbor CBOC, RM118, Desk 3 @ 12/02/2025 12:00 AM","Tenneil.Zielaskowski@va.gov","Benton Harbor CBOC, RM118, Desk 3","2025-12-03T04:00:00Z","2025-12-02T05:00:00Z",,,"0","0","Learning Labs","HIS","True","Denise.Patterer@va.gov","Desk",,"2025-12-02T05:00:00Z","Super User Training","114",,,,"Benton Harbor CBOC, RM118","True",,,,,,,"2025-12-19T17:38:49Z","2025-12-19T17:38:49Z","Kyle.Coder@va.gov","Kyle.Coder@va.gov","0","0","0",,,,,
"982","Learning Labs","Tenneil Zielaskowski – Benton Harbor CBOC, RM118, Desk 2 @ 12/02/2025 12:00 AM","Tenneil.Zielaskowski@va.gov","Benton Harbor CBOC, RM118, Desk 2","2025-12-03T04:00:00Z","2025-12-02T05:00:00Z",,,"0","0","Learning Labs","HIS","True","Denise.Patterer@va.gov","Desk",,"2025-12-02T05:00:00Z","Super User Training","114",,,,"Benton Harbor CBOC, RM118","True",,,,,,,"2025-12-19T17:38:48Z","2025-12-19T17:38:48Z","Kyle.Coder@va.gov","Kyle.Coder@va.gov","0","0","0",,,,,
"981","Learning Labs","Tenneil Zielaskowski – Benton Harbor CBOC, RM118, Desk 1 @ 12/02/2025 12:00 AM","Tenneil.Zielaskowski@va.gov","Benton Harbor CBOC, RM118, Desk 1","2025-12-03T04:00:00Z","2025-12-02T05:00:00Z",,,"0","0","Learning Labs","HIS","True","Denise.Patterer@va.gov","Desk",,"2025-12-02T05:00:00Z","Super User Training","114",,,,"Benton Harbor CBOC, RM118","True",,,,,,,"2025-12-19T17:38:48Z","2025-12-19T17:38:48Z","Kyle.Coder@va.gov","Kyle.Coder@va.gov","0","0","0",,,,,
"980","Learning Labs","Tenneil Zielaskowski – Benton Harbor CBOC, RM118, Desk 3 @ 12/01/2025 12:00 AM","Tenneil.Zielaskowski@va.gov","Benton Harbor CBOC, RM118, Desk 3","2025-12-02T04:00:00Z","2025-12-01T05:00:00Z",,,"0","0","Learning Labs","HIS","True","Denise.Patterer@va.gov","Desk",,"2025-12-01T05:00:00Z","Super User Training","113",,,,"Benton Harbor CBOC, RM118","True",,,,,,,"2025-12-19T17:38:47Z","2025-12-19T17:38:47Z","Kyle.Coder@va.gov","Kyle.Coder@va.gov","0","0","0",,,,,
"979","Learning Labs","Tenneil Zielaskowski – Benton Harbor CBOC, RM118, Desk 2 @ 12/01/2025 12:00 AM","Tenneil.Zielaskowski@va.gov","Benton Harbor CBOC, RM118, Desk 2","2025-12-02T04:00:00Z","2025-12-01T05:00:00Z",,,"0","0","Learning Labs","HIS","True","Denise.Patterer@va.gov","Desk",,"2025-12-01T05:00:00Z","Super User Training","113",,,,"Benton Harbor CBOC, RM118","True",,,,,,,"2025-12-19T17:38:47Z","2025-12-19T17:38:47Z","Kyle.Coder@va.gov","Kyle.Coder@va.gov","0","0","0",,,,,
"978","Learning Labs","Tenneil Zielaskowski – Benton Harbor CBOC, RM118, Desk 1 @ 12/01/2025 12:00 AM","Tenneil.Zielaskowski@va.gov","Benton Harbor CBOC, RM118, Desk 1","2025-12-02T04:00:00Z","2025-12-01T05:00:00Z",,,"0","0","Learning Labs","HIS","True","Denise.Patterer@va.gov","Desk",,"2025-12-01T05:00:00Z","Super User Training","113",,,,"Benton Harbor CBOC, RM118","True",,,,,,,"2025-12-19T17:38:47Z","2025-12-19T17:38:47Z","Kyle.Coder@va.gov","Kyle.Coder@va.gov","0","0","0",,,,,
"977","Learning Labs","Tenneil Zielaskowski – Bldg. 9, RM205, Desk 9 @ 12/18/2025 12:00 AM","Tenneil.Zielaskowski@va.gov","Bldg. 9, RM205, Desk 9","2025-12-19T04:00:00Z","2025-12-18T05:00:00Z",,,"0","0","Learning Labs","HIS","True","Denise.Patterer@va.gov","Desk",,"2025-12-18T05:00:00Z","Super User Training","112",,,,"Bldg. 9, RM205","True",,,,,,,"2025-12-19T17:38:47Z","2025-12-19T17:38:47Z","Kyle.Coder@va.gov","Kyle.Coder@va.gov","0","0","0",,,,,
"976","Learning Labs","Tenneil Zielaskowski – Bldg. 9, RM205, Desk 8 @ 12/18/2025 12:00 AM","Tenneil.Zielaskowski@va.gov","Bldg. 9, RM205, Desk 8","2025-12-19T04:00:00Z","2025-12-18T05:00:00Z",,,"0","0","Learning Labs","HIS","True","Denise.Patterer@va.gov","Desk",,"2025-12-18T05:00:00Z","Super User Training","112",,,,"Bldg. 9, RM205","True",,,,,,,"2025-12-19T17:38:47Z","2025-12-19T17:38:47Z","Kyle.Coder@va.gov","Kyle.Coder@va.gov","0","0","0",,,,,
"975","Learning Labs","Tenneil Zielaskowski – Bldg. 9, RM205, Desk 7 @ 12/18/2025 12:00 AM","Tenneil.Zielaskowski@va.gov","Bldg. 9, RM205, Desk 7","2025-12-19T04:00:00Z","2025-12-18T05:00:00Z",,,"0","0","Learning Labs","HIS","True","Denise.Patterer@va.gov","Desk",,"2025-12-18T05:00:00Z","Super User Training","112",,,,"Bldg. 9, RM205","True",,,,,,,"2025-12-19T17:38:46Z","2025-12-19T17:38:46Z","Kyle.Coder@va.gov","Kyle.Coder@va.gov","0","0","0",,,,,
"974","Learning Labs","Tenneil Zielaskowski – Bldg. 9, RM205, Desk 6 @ 12/18/2025 12:00 AM","Tenneil.Zielaskowski@va.gov","Bldg. 9, RM205, Desk 6","2025-12-19T04:00:00Z","2025-12-18T05:00:00Z",,,"0","0","Learning Labs","HIS","True","Denise.Patterer@va.gov","Desk",,"2025-12-18T05:00:00Z","Super User Training","112",,,,"Bldg. 9, RM205","True",,,,,,,"2025-12-19T17:38:46Z","2025-12-19T17:38:46Z","Kyle.Coder@va.gov","Kyle.Coder@va.gov","0","0","0",,,,,
"973","Learning Labs","Tenneil Zielaskowski – Bldg. 9, RM205, Desk 5 @ 12/18/2025 12:00 AM","Tenneil.Zielaskowski@va.gov","Bldg. 9, RM205, Desk 5","2025-12-19T04:00:00Z","2025-12-18T05:00:00Z",,,"0","0","Learning Labs","HIS","True","Denise.Patterer@va.gov","Desk",,"2025-12-18T05:00:00Z","Super User Training","112",,,,"Bldg. 9, RM205","True",,,,,,,"2025-12-19T17:38:46Z","2025-12-19T17:38:46Z","Kyle.Coder@va.gov","Kyle.Coder@va.gov","0","0","0",,,,,
"972","Learning Labs","Tenneil Zielaskowski – Bldg. 9, RM205, Desk 4 @ 12/18/2025 12:00 AM","Tenneil.Zielaskowski@va.gov","Bldg. 9, RM205, Desk 4","2025-12-19T04:00:00Z","2025-12-18T05:00:00Z",,,"0","0","Learning Labs","HIS","True","Denise.Patterer@va.gov","Desk",,"2025-12-18T05:00:00Z","Super User Training","112",,,,"Bldg. 9, RM205","True",,,,,,,"2025-12-19T17:38:46Z","2025-12-19T17:38:46Z","Kyle.Coder@va.gov","Kyle.Coder@va.gov","0","0","0",,,,,
"971","Learning Labs","Tenneil Zielaskowski – Bldg. 9, RM205, Desk 3 @ 12/18/2025 12:00 AM","Tenneil.Zielaskowski@va.gov","Bldg. 9, RM205, Desk 3","2025-12-19T04:00:00Z","2025-12-18T05:00:00Z",,,"0","0","Learning Labs","HIS","True","Denise.Patterer@va.gov","Desk",,"2025-12-18T05:00:00Z","Super User Training","112",,,,"Bldg. 9, RM205","True",,,,,,,"2025-12-19T17:38:45Z","2025-12-19T17:38:45Z","Kyle.Coder@va.gov","Kyle.Coder@va.gov","0","0","0",,,,,
"970","Learning Labs","Tenneil Zielaskowski – Bldg. 9, RM205, Desk 2 @ 12/18/2025 12:00 AM","Tenneil.Zielaskowski@va.gov","Bldg. 9, RM205, Desk 2","2025-12-19T04:00:00Z","2025-12-18T05:00:00Z",,,"0","0","Learning Labs","HIS","True","Denise.Patterer@va.gov","Desk",,"2025-12-18T05:00:00Z","Super User Training","112",,,,"Bldg. 9, RM205","True",,,,,,,"2025-12-19T17:38:45Z","2025-12-19T17:38:45Z","Kyle.Coder@va.gov","Kyle.Coder@va.gov","0","0","0",,,,,
"969","Learning Labs","Tenneil Zielaskowski – Bldg. 9, RM205, Desk 16 @ 12/18/2025 12:00 AM","Tenneil.Zielaskowski@va.gov","Bldg. 9, RM205, Desk 16","2025-12-19T04:00:00Z","2025-12-18T05:00:00Z",,,"0","0","Learning Labs","HIS","True","Denise.Patterer@va.gov","Desk",,"2025-12-18T05:00:00Z","Super User Training","112",,,,"Bldg. 9, RM205","True",,,,,,,"2025-12-19T17:38:45Z","2025-12-19T17:38:45Z","Kyle.Coder@va.gov","Kyle.Coder@va.gov","0","0","0",,,,,
"968","Learning Labs","Tenneil Zielaskowski – Bldg. 9, RM205, Desk 15 @ 12/18/2025 12:00 AM","Tenneil.Zielaskowski@va.gov","Bldg. 9, RM205, Desk 15","2025-12-19T04:00:00Z","2025-12-18T05:00:00Z",,,"0","0","Learning Labs","HIS","True","Denise.Patterer@va.gov","Desk",,"2025-12-18T05:00:00Z","Super User Training","112",,,,"Bldg. 9, RM205","True",,,,,,,"2025-12-19T17:38:45Z","2025-12-19T17:38:45Z","Kyle.Coder@va.gov","Kyle.Coder@va.gov","0","0","0",,,,,
"967","Learning Labs","Tenneil Zielaskowski – Bldg. 9, RM205, Desk 14 @ 12/18/2025 12:00 AM","Tenneil.Zielaskowski@va.gov","Bldg. 9, RM205, Desk 14","2025-12-19T04:00:00Z","2025-12-18T05:00:00Z",,,"0","0","Learning Labs","HIS","True","Denise.Patterer@va.gov","Desk",,"2025-12-18T05:00:00Z","Super User Training","112",,,,"Bldg. 9, RM205","True",,,,,,,"2025-12-19T17:38:45Z","2025-12-19T17:38:45Z","Kyle.Coder@va.gov","Kyle.Coder@va.gov","0","0","0",,,,,
"966","Learning Labs","Tenneil Zielaskowski – Bldg. 9, RM205, Desk 13 @ 12/18/2025 12:00 AM","Tenneil.Zielaskowski@va.gov","Bldg. 9, RM205, Desk 13","2025-12-19T04:00:00Z","2025-12-18T05:00:00Z",,,"0","0","Learning Labs","HIS","True","Denise.Patterer@va.gov","Desk",,"2025-12-18T05:00:00Z","Super User Training","112",,,,"Bldg. 9, RM205","True",,,,,,,"2025-12-19T17:38:44Z","2025-12-19T17:38:44Z","Kyle.Coder@va.gov","Kyle.Coder@va.gov","0","0","0",,,,,
"965","Learning Labs","Tenneil Zielaskowski – Bldg. 9, RM205, Desk 12 @ 12/18/2025 12:00 AM","Tenneil.Zielaskowski@va.gov","Bldg. 9, RM205, Desk 12","2025-12-19T04:00:00Z","2025-12-18T05:00:00Z",,,"0","0","Learning Labs","HIS","True","Denise.Patterer@va.gov","Desk",,"2025-12-18T05:00:00Z","Super User Training","112",,,,"Bldg. 9, RM205","True",,,,,,,"2025-12-19T17:38:44Z","2025-12-19T17:38:44Z","Kyle.Coder@va.gov","Kyle.Coder@va.gov","0","0","0",,,,,
"964","Learning Labs","Tenneil Zielaskowski – Bldg. 9, RM205, Desk 11 @ 12/18/2025 12:00 AM","Tenneil.Zielaskowski@va.gov","Bldg. 9, RM205, Desk 11","2025-12-19T04:00:00Z","2025-12-18T05:00:00Z",,,"0","0","Learning Labs","HIS","True","Denise.Patterer@va.gov","Desk",,"2025-12-18T05:00:00Z","Super User Training","112",,,,"Bldg. 9, RM205","True",,,,,,,"2025-12-19T17:38:44Z","2025-12-19T17:38:44Z","Kyle.Coder@va.gov","Kyle.Coder@va.gov","0","0","0",,,,,
"963","Learning Labs","Tenneil Zielaskowski – Bldg. 9, RM205, Desk 10 @ 12/18/2025 12:00 AM","Tenneil.Zielaskowski@va.gov","Bldg. 9, RM205, Desk 10","2025-12-19T04:00:00Z","2025-12-18T05:00:00Z",,,"0","0","Learning Labs","HIS","True","Denise.Patterer@va.gov","Desk",,"2025-12-18T05:00:00Z","Super User Training","112",,,,"Bldg. 9, RM205","True",,,,,,,"2025-12-19T17:38:44Z","2025-12-19T17:38:44Z","Kyle.Coder@va.gov","Kyle.Coder@va.gov","0","0","0",,,,,
"962","Learning Labs","Tenneil Zielaskowski – Bldg. 9, RM205, Desk 1  @ 12/18/2025 12:00 AM","Tenneil.Zielaskowski@va.gov","Bldg. 9, RM205, Desk 1 ","2025-12-19T04:00:00Z","2025-12-18T05:00:00Z",,,"0","0","Learning Labs","HIS","True","Denise.Patterer@va.gov","Desk",,"2025-12-18T05:00:00Z","Super User Training","112",,,,"Bldg. 9, RM205","True",,,,,,,"2025-12-19T17:38:44Z","2025-12-19T17:38:44Z","Kyle.Coder@va.gov","Kyle.Coder@va.gov","0","0","0",,,,,
"961","Learning Labs","Tenneil Zielaskowski – Bldg. 9, RM205, Desk 9 @ 12/17/2025 12:00 AM","Tenneil.Zielaskowski@va.gov","Bldg. 9, RM205, Desk 9","2025-12-18T04:00:00Z","2025-12-17T05:00:00Z",,,"0","0","Learning Labs","HIS","True","Denise.Patterer@va.gov","Desk",,"2025-12-17T05:00:00Z","Super User Training","111",,,,"Bldg. 9, RM205","True",,,,,,,"2025-12-19T17:38:43Z","2025-12-19T17:38:43Z","Kyle.Coder@va.gov","Kyle.Coder@va.gov","0","0","0",,,,,
"960","Learning Labs","Tenneil Zielaskowski – Bldg. 9, RM205, Desk 8 @ 12/17/2025 12:00 AM","Tenneil.Zielaskowski@va.gov","Bldg. 9, RM205, Desk 8","2025-12-18T04:00:00Z","2025-12-17T05:00:00Z",,,"0","0","Learning Labs","HIS","True","Denise.Patterer@va.gov","Desk",,"2025-12-17T05:00:00Z","Super User Training","111",,,,"Bldg. 9, RM205","True",,,,,,,"2025-12-19T17:38:43Z","2025-12-19T17:38:43Z","Kyle.Coder@va.gov","Kyle.Coder@va.gov","0","0","0",,,,,
"959","Learning Labs","Tenneil Zielaskowski – Bldg. 9, RM205, Desk 7 @ 12/17/2025 12:00 AM","Tenneil.Zielaskowski@va.gov","Bldg. 9, RM205, Desk 7","2025-12-18T04:00:00Z","2025-12-17T05:00:00Z",,,"0","0","Learning Labs","HIS","True","Denise.Patterer@va.gov","Desk",,"2025-12-17T05:00:00Z","Super User Training","111",,,,"Bldg. 9, RM205","True",,,,,,,"2025-12-19T17:38:43Z","2025-12-19T17:38:43Z","Kyle.Coder@va.gov","Kyle.Coder@va.gov","0","0","0",,,,,
"958","Learning Labs","Tenneil Zielaskowski – Bldg. 9, RM205, Desk 6 @ 12/17/2025 12:00 AM","Tenneil.Zielaskowski@va.gov","Bldg. 9, RM205, Desk 6","2025-12-18T04:00:00Z","2025-12-17T05:00:00Z",,,"0","0","Learning Labs","HIS","True","Denise.Patterer@va.gov","Desk",,"2025-12-17T05:00:00Z","Super User Training","111",,,,"Bldg. 9, RM205","True",,,,,,,"2025-12-19T17:38:43Z","2025-12-19T17:38:43Z","Kyle.Coder@va.gov","Kyle.Coder@va.gov","0","0","0",,,,,
"957","Learning Labs","Tenneil Zielaskowski – Bldg. 9, RM205, Desk 5 @ 12/17/2025 12:00 AM","Tenneil.Zielaskowski@va.gov","Bldg. 9, RM205, Desk 5","2025-12-18T04:00:00Z","2025-12-17T05:00:00Z",,,"0","0","Learning Labs","HIS","True","Denise.Patterer@va.gov","Desk",,"2025-12-17T05:00:00Z","Super User Training","111",,,,"Bldg. 9, RM205","True",,,,,,,"2025-12-19T17:38:42Z","2025-12-19T17:38:42Z","Kyle.Coder@va.gov","Kyle.Coder@va.gov","0","0","0",,,,,
"956","Learning Labs","Tenneil Zielaskowski – Bldg. 9, RM205, Desk 4 @ 12/17/2025 12:00 AM","Tenneil.Zielaskowski@va.gov","Bldg. 9, RM205, Desk 4","2025-12-18T04:00:00Z","2025-12-17T05:00:00Z",,,"0","0","Learning Labs","HIS","True","Denise.Patterer@va.gov","Desk",,"2025-12-17T05:00:00Z","Super User Training","111",,,,"Bldg. 9, RM205","True",,,,,,,"2025-12-19T17:38:42Z","2025-12-19T17:38:42Z","Kyle.Coder@va.gov","Kyle.Coder@va.gov","0","0","0",,,,,
"955","Learning Labs","Tenneil Zielaskowski – Bldg. 9, RM205, Desk 3 @ 12/17/2025 12:00 AM","Tenneil.Zielaskowski@va.gov","Bldg. 9, RM205, Desk 3","2025-12-18T04:00:00Z","2025-12-17T05:00:00Z",,,"0","0","Learning Labs","HIS","True","Denise.Patterer@va.gov","Desk",,"2025-12-17T05:00:00Z","Super User Training","111",,,,"Bldg. 9, RM205","True",,,,,,,"2025-12-19T17:38:42Z","2025-12-19T17:38:42Z","Kyle.Coder@va.gov","Kyle.Coder@va.gov","0","0","0",,,,,
"954","Learning Labs","Tenneil Zielaskowski – Bldg. 9, RM205, Desk 2 @ 12/17/2025 12:00 AM","Tenneil.Zielaskowski@va.gov","Bldg. 9, RM205, Desk 2","2025-12-18T04:00:00Z","2025-12-17T05:00:00Z",,,"0","0","Learning Labs","HIS","True","Denise.Patterer@va.gov","Desk",,"2025-12-17T05:00:00Z","Super User Training","111",,,,"Bldg. 9, RM205","True",,,,,,,"2025-12-19T17:38:42Z","2025-12-19T17:38:42Z","Kyle.Coder@va.gov","Kyle.Coder@va.gov","0","0","0",,,,,
"953","Learning Labs","Tenneil Zielaskowski – Bldg. 9, RM205, Desk 16 @ 12/17/2025 12:00 AM","Tenneil.Zielaskowski@va.gov","Bldg. 9, RM205, Desk 16","2025-12-18T04:00:00Z","2025-12-17T05:00:00Z",,,"0","0","Learning Labs","HIS","True","Denise.Patterer@va.gov","Desk",,"2025-12-17T05:00:00Z","Super User Training","111",,,,"Bldg. 9, RM205","True",,,,,,,"2025-12-19T17:38:41Z","2025-12-19T17:38:41Z","Kyle.Coder@va.gov","Kyle.Coder@va.gov","0","0","0",,,,,
"952","Learning Labs","Tenneil Zielaskowski – Bldg. 9, RM205, Desk 15 @ 12/17/2025 12:00 AM","Tenneil.Zielaskowski@va.gov","Bldg. 9, RM205, Desk 15","2025-12-18T04:00:00Z","2025-12-17T05:00:00Z",,,"0","0","Learning Labs","HIS","True","Denise.Patterer@va.gov","Desk",,"2025-12-17T05:00:00Z","Super User Training","111",,,,"Bldg. 9, RM205","True",,,,,,,"2025-12-19T17:38:41Z","2025-12-19T17:38:41Z","Kyle.Coder@va.gov","Kyle.Coder@va.gov","0","0","0",,,,,
"951","Learning Labs","Tenneil Zielaskowski – Bldg. 9, RM205, Desk 14 @ 12/17/2025 12:00 AM","Tenneil.Zielaskowski@va.gov","Bldg. 9, RM205, Desk 14","2025-12-18T04:00:00Z","2025-12-17T05:00:00Z",,,"0","0","Learning Labs","HIS","True","Denise.Patterer@va.gov","Desk",,"2025-12-17T05:00:00Z","Super User Training","111",,,,"Bldg. 9, RM205","True",,,,,,,"2025-12-19T17:38:41Z","2025-12-19T17:38:41Z","Kyle.Coder@va.gov","Kyle.Coder@va.gov","0","0","0",,,,,
"950","Learning Labs","Tenneil Zielaskowski – Bldg. 9, RM205, Desk 13 @ 12/17/2025 12:00 AM","Tenneil.Zielaskowski@va.gov","Bldg. 9, RM205, Desk 13","2025-12-18T04:00:00Z","2025-12-17T05:00:00Z",,,"0","0","Learning Labs","HIS","True","Denise.Patterer@va.gov","Desk",,"2025-12-17T05:00:00Z","Super User Training","111",,,,"Bldg. 9, RM205","True",,,,,,,"2025-12-19T17:38:39Z","2025-12-19T17:38:39Z","Kyle.Coder@va.gov","Kyle.Coder@va.gov","0","0","0",,,,,
"949","Learning Labs","Tenneil Zielaskowski – Bldg. 9, RM205, Desk 12 @ 12/17/2025 12:00 AM","Tenneil.Zielaskowski@va.gov","Bldg. 9, RM205, Desk 12","2025-12-18T04:00:00Z","2025-12-17T05:00:00Z",,,"0","0","Learning Labs","HIS","True","Denise.Patterer@va.gov","Desk",,"2025-12-17T05:00:00Z","Super User Training","111",,,,"Bldg. 9, RM205","True",,,,,,,"2025-12-19T17:38:39Z","2025-12-19T17:38:39Z","Kyle.Coder@va.gov","Kyle.Coder@va.gov","0","0","0",,,,,
"948","Learning Labs","Tenneil Zielaskowski – Bldg. 9, RM205, Desk 11 @ 12/17/2025 12:00 AM","Tenneil.Zielaskowski@va.gov","Bldg. 9, RM205, Desk 11","2025-12-18T04:00:00Z","2025-12-17T05:00:00Z",,,"0","0","Learning Labs","HIS","True","Denise.Patterer@va.gov","Desk",,"2025-12-17T05:00:00Z","Super User Training","111",,,,"Bldg. 9, RM205","True",,,,,,,"2025-12-19T17:38:38Z","2025-12-19T17:38:38Z","Kyle.Coder@va.gov","Kyle.Coder@va.gov","0","0","0",,,,,
"947","Learning Labs","Tenneil Zielaskowski – Bldg. 9, RM205, Desk 10 @ 12/17/2025 12:00 AM","Tenneil.Zielaskowski@va.gov","Bldg. 9, RM205, Desk 10","2025-12-18T04:00:00Z","2025-12-17T05:00:00Z",,,"0","0","Learning Labs","HIS","True","Denise.Patterer@va.gov","Desk",,"2025-12-17T05:00:00Z","Super User Training","111",,,,"Bldg. 9, RM205","True",,,,,,,"2025-12-19T17:38:38Z","2025-12-19T17:38:38Z","Kyle.Coder@va.gov","Kyle.Coder@va.gov","0","0","0",,,,,
"946","Learning Labs","Tenneil Zielaskowski – Bldg. 9, RM205, Desk 1  @ 12/17/2025 12:00 AM","Tenneil.Zielaskowski@va.gov","Bldg. 9, RM205, Desk 1 ","2025-12-18T04:00:00Z","2025-12-17T05:00:00Z",,,"0","0","Learning Labs","HIS","True","Denise.Patterer@va.gov","Desk",,"2025-12-17T05:00:00Z","Super User Training","111",,,,"Bldg. 9, RM205","True",,,,,,,"2025-12-19T17:38:38Z","2025-12-19T17:38:38Z","Kyle.Coder@va.gov","Kyle.Coder@va.gov","0","0","0",,,,,
"945","Learning Labs","Tenneil Zielaskowski – Bldg. 9, RM205, Desk 9 @ 12/16/2025 12:00 AM","Tenneil.Zielaskowski@va.gov","Bldg. 9, RM205, Desk 9","2025-12-17T04:00:00Z","2025-12-16T05:00:00Z",,,"0","0","Learning Labs","HIS","True","Denise.Patterer@va.gov","Desk",,"2025-12-16T05:00:00Z","Super User Training","110",,,,"Bldg. 9, RM205","True",,,,,,,"2025-12-19T17:38:38Z","2025-12-19T17:38:38Z","Kyle.Coder@va.gov","Kyle.Coder@va.gov","0","0","0",,,,,
"944","Learning Labs","Tenneil Zielaskowski – Bldg. 9, RM205, Desk 8 @ 12/16/2025 12:00 AM","Tenneil.Zielaskowski@va.gov","Bldg. 9, RM205, Desk 8","2025-12-17T04:00:00Z","2025-12-16T05:00:00Z",,,"0","0","Learning Labs","HIS","True","Denise.Patterer@va.gov","Desk",,"2025-12-16T05:00:00Z","Super User Training","110",,,,"Bldg. 9, RM205","True",,,,,,,"2025-12-19T17:38:37Z","2025-12-19T17:38:37Z","Kyle.Coder@va.gov","Kyle.Coder@va.gov","0","0","0",,,,,
"943","Learning Labs","Tenneil Zielaskowski – Bldg. 9, RM205, Desk 7 @ 12/16/2025 12:00 AM","Tenneil.Zielaskowski@va.gov","Bldg. 9, RM205, Desk 7","2025-12-17T04:00:00Z","2025-12-16T05:00:00Z",,,"0","0","Learning Labs","HIS","True","Denise.Patterer@va.gov","Desk",,"2025-12-16T05:00:00Z","Super User Training","110",,,,"Bldg. 9, RM205","True",,,,,,,"2025-12-19T17:38:37Z","2025-12-19T17:38:37Z","Kyle.Coder@va.gov","Kyle.Coder@va.gov","0","0","0",,,,,
"942","Learning Labs","Tenneil Zielaskowski – Bldg. 9, RM205, Desk 6 @ 12/16/2025 12:00 AM","Tenneil.Zielaskowski@va.gov","Bldg. 9, RM205, Desk 6","2025-12-17T04:00:00Z","2025-12-16T05:00:00Z",,,"0","0","Learning Labs","HIS","True","Denise.Patterer@va.gov","Desk",,"2025-12-16T05:00:00Z","Super User Training","110",,,,"Bldg. 9, RM205","True",,,,,,,"2025-12-19T17:38:37Z","2025-12-19T17:38:37Z","Kyle.Coder@va.gov","Kyle.Coder@va.gov","0","0","0",,,,,
"941","Learning Labs","Tenneil Zielaskowski – Bldg. 9, RM205, Desk 5 @ 12/16/2025 12:00 AM","Tenneil.Zielaskowski@va.gov","Bldg. 9, RM205, Desk 5","2025-12-17T04:00:00Z","2025-12-16T05:00:00Z",,,"0","0","Learning Labs","HIS","True","Denise.Patterer@va.gov","Desk",,"2025-12-16T05:00:00Z","Super User Training","110",,,,"Bldg. 9, RM205","True",,,,,,,"2025-12-19T17:38:37Z","2025-12-19T17:38:37Z","Kyle.Coder@va.gov","Kyle.Coder@va.gov","0","0","0",,,,,
"940","Learning Labs","Tenneil Zielaskowski – Bldg. 9, RM205, Desk 4 @ 12/16/2025 12:00 AM","Tenneil.Zielaskowski@va.gov","Bldg. 9, RM205, Desk 4","2025-12-17T04:00:00Z","2025-12-16T05:00:00Z",,,"0","0","Learning Labs","HIS","True","Denise.Patterer@va.gov","Desk",,"2025-12-16T05:00:00Z","Super User Training","110",,,,"Bldg. 9, RM205","True",,,,,,,"2025-12-19T17:38:36Z","2025-12-19T17:38:36Z","Kyle.Coder@va.gov","Kyle.Coder@va.gov","0","0","0",,,,,
"939","Learning Labs","Tenneil Zielaskowski – Bldg. 9, RM205, Desk 3 @ 12/16/2025 12:00 AM","Tenneil.Zielaskowski@va.gov","Bldg. 9, RM205, Desk 3","2025-12-17T04:00:00Z","2025-12-16T05:00:00Z",,,"0","0","Learning Labs","HIS","True","Denise.Patterer@va.gov","Desk",,"2025-12-16T05:00:00Z","Super User Training","110",,,,"Bldg. 9, RM205","True",,,,,,,"2025-12-19T17:38:36Z","2025-12-19T17:38:36Z","Kyle.Coder@va.gov","Kyle.Coder@va.gov","0","0","0",,,,,
"938","Learning Labs","Tenneil Zielaskowski – Bldg. 9, RM205, Desk 2 @ 12/16/2025 12:00 AM","Tenneil.Zielaskowski@va.gov","Bldg. 9, RM205, Desk 2","2025-12-17T04:00:00Z","2025-12-16T05:00:00Z",,,"0","0","Learning Labs","HIS","True","Denise.Patterer@va.gov","Desk",,"2025-12-16T05:00:00Z","Super User Training","110",,,,"Bldg. 9, RM205","True",,,,,,,"2025-12-19T17:38:36Z","2025-12-19T17:38:36Z","Kyle.Coder@va.gov","Kyle.Coder@va.gov","0","0","0",,,,,
"937","Learning Labs","Tenneil Zielaskowski – Bldg. 9, RM205, Desk 16 @ 12/16/2025 12:00 AM","Tenneil.Zielaskowski@va.gov","Bldg. 9, RM205, Desk 16","2025-12-17T04:00:00Z","2025-12-16T05:00:00Z",,,"0","0","Learning Labs","HIS","True","Denise.Patterer@va.gov","Desk",,"2025-12-16T05:00:00Z","Super User Training","110",,,,"Bldg. 9, RM205","True",,,,,,,"2025-12-19T17:38:36Z","2025-12-19T17:38:36Z","Kyle.Coder@va.gov","Kyle.Coder@va.gov","0","0","0",,,,,
"936","Learning Labs","Tenneil Zielaskowski – Bldg. 9, RM205, Desk 15 @ 12/16/2025 12:00 AM","Tenneil.Zielaskowski@va.gov","Bldg. 9, RM205, Desk 15","2025-12-17T04:00:00Z","2025-12-16T05:00:00Z",,,"0","0","Learning Labs","HIS","True","Denise.Patterer@va.gov","Desk",,"2025-12-16T05:00:00Z","Super User Training","110",,,,"Bldg. 9, RM205","True",,,,,,,"2025-12-19T17:38:35Z","2025-12-19T17:38:35Z","Kyle.Coder@va.gov","Kyle.Coder@va.gov","0","0","0",,,,,
"935","Learning Labs","Tenneil Zielaskowski – Bldg. 9, RM205, Desk 14 @ 12/16/2025 12:00 AM","Tenneil.Zielaskowski@va.gov","Bldg. 9, RM205, Desk 14","2025-12-17T04:00:00Z","2025-12-16T05:00:00Z",,,"0","0","Learning Labs","HIS","True","Denise.Patterer@va.gov","Desk",,"2025-12-16T05:00:00Z","Super User Training","110",,,,"Bldg. 9, RM205","True",,,,,,,"2025-12-19T17:38:35Z","2025-12-19T17:38:35Z","Kyle.Coder@va.gov","Kyle.Coder@va.gov","0","0","0",,,,,
"934","Learning Labs","Tenneil Zielaskowski – Bldg. 9, RM205, Desk 13 @ 12/16/2025 12:00 AM","Tenneil.Zielaskowski@va.gov","Bldg. 9, RM205, Desk 13","2025-12-17T04:00:00Z","2025-12-16T05:00:00Z",,,"0","0","Learning Labs","HIS","True","Denise.Patterer@va.gov","Desk",,"2025-12-16T05:00:00Z","Super User Training","110",,,,"Bldg. 9, RM205","True",,,,,,,"2025-12-19T17:38:35Z","2025-12-19T17:38:35Z","Kyle.Coder@va.gov","Kyle.Coder@va.gov","0","0","0",,,,,
"933","Learning Labs","Tenneil Zielaskowski – Bldg. 9, RM205, Desk 12 @ 12/16/2025 12:00 AM","Tenneil.Zielaskowski@va.gov","Bldg. 9, RM205, Desk 12","2025-12-17T04:00:00Z","2025-12-16T05:00:00Z",,,"0","0","Learning Labs","HIS","True","Denise.Patterer@va.gov","Desk",,"2025-12-16T05:00:00Z","Super User Training","110",,,,"Bldg. 9, RM205","True",,,,,,,"2025-12-19T17:38:35Z","2025-12-19T17:38:35Z","Kyle.Coder@va.gov","Kyle.Coder@va.gov","0","0","0",,,,,
"932","Learning Labs","Tenneil Zielaskowski – Bldg. 9, RM205, Desk 11 @ 12/16/2025 12:00 AM","Tenneil.Zielaskowski@va.gov","Bldg. 9, RM205, Desk 11","2025-12-17T04:00:00Z","2025-12-16T05:00:00Z",,,"0","0","Learning Labs","HIS","True","Denise.Patterer@va.gov","Desk",,"2025-12-16T05:00:00Z","Super User Training","110",,,,"Bldg. 9, RM205","True",,,,,,,"2025-12-19T17:38:34Z","2025-12-19T17:38:34Z","Kyle.Coder@va.gov","Kyle.Coder@va.gov","0","0","0",,,,,
"931","Learning Labs","Tenneil Zielaskowski – Bldg. 9, RM205, Desk 10 @ 12/16/2025 12:00 AM","Tenneil.Zielaskowski@va.gov","Bldg. 9, RM205, Desk 10","2025-12-17T04:00:00Z","2025-12-16T05:00:00Z",,,"0","0","Learning Labs","HIS","True","Denise.Patterer@va.gov","Desk",,"2025-12-16T05:00:00Z","Super User Training","110",,,,"Bldg. 9, RM205","True",,,,,,,"2025-12-19T17:38:34Z","2025-12-19T17:38:34Z","Kyle.Coder@va.gov","Kyle.Coder@va.gov","0","0","0",,,,,
"930","Learning Labs","Tenneil Zielaskowski – Bldg. 9, RM205, Desk 1  @ 12/16/2025 12:00 AM","Tenneil.Zielaskowski@va.gov","Bldg. 9, RM205, Desk 1 ","2025-12-17T04:00:00Z","2025-12-16T05:00:00Z",,,"0","0","Learning Labs","HIS","True","Denise.Patterer@va.gov","Desk",,"2025-12-16T05:00:00Z","Super User Training","110",,,,"Bldg. 9, RM205","True",,,,,,,"2025-12-19T17:38:34Z","2025-12-19T17:38:34Z","Kyle.Coder@va.gov","Kyle.Coder@va.gov","0","0","0",,,,,
"929","Learning Labs","Tenneil Zielaskowski – Bldg. 9, RM205, Desk 9 @ 12/15/2025 12:00 AM","Tenneil.Zielaskowski@va.gov","Bldg. 9, RM205, Desk 9","2025-12-16T04:00:00Z","2025-12-15T05:00:00Z",,,"0","0","Learning Labs","HIS","True","Denise.Patterer@va.gov","Desk",,"2025-12-15T05:00:00Z","Super User Training","109",,,,"Bldg. 9, RM205","True",,,,,,,"2025-12-19T17:38:34Z","2025-12-19T17:38:34Z","Kyle.Coder@va.gov","Kyle.Coder@va.gov","0","0","0",,,,,
"928","Learning Labs","Tenneil Zielaskowski – Bldg. 9, RM205, Desk 8 @ 12/15/2025 12:00 AM","Tenneil.Zielaskowski@va.gov","Bldg. 9, RM205, Desk 8","2025-12-16T04:00:00Z","2025-12-15T05:00:00Z",,,"0","0","Learning Labs","HIS","True","Denise.Patterer@va.gov","Desk",,"2025-12-15T05:00:00Z","Super User Training","109",,,,"Bldg. 9, RM205","True",,,,,,,"2025-12-19T17:38:33Z","2025-12-19T17:38:33Z","Kyle.Coder@va.gov","Kyle.Coder@va.gov","0","0","0",,,,,
"927","Learning Labs","Tenneil Zielaskowski – Bldg. 9, RM205, Desk 7 @ 12/15/2025 12:00 AM","Tenneil.Zielaskowski@va.gov","Bldg. 9, RM205, Desk 7","2025-12-16T04:00:00Z","2025-12-15T05:00:00Z",,,"0","0","Learning Labs","HIS","True","Denise.Patterer@va.gov","Desk",,"2025-12-15T05:00:00Z","Super User Training","109",,,,"Bldg. 9, RM205","True",,,,,,,"2025-12-19T17:38:33Z","2025-12-19T17:38:33Z","Kyle.Coder@va.gov","Kyle.Coder@va.gov","0","0","0",,,,,
"926","Learning Labs","Tenneil Zielaskowski – Bldg. 9, RM205, Desk 6 @ 12/15/2025 12:00 AM","Tenneil.Zielaskowski@va.gov","Bldg. 9, RM205, Desk 6","2025-12-16T04:00:00Z","2025-12-15T05:00:00Z",,,"0","0","Learning Labs","HIS","True","Denise.Patterer@va.gov","Desk",,"2025-12-15T05:00:00Z","Super User Training","109",,,,"Bldg. 9, RM205","True",,,,,,,"2025-12-19T17:38:33Z","2025-12-19T17:38:33Z","Kyle.Coder@va.gov","Kyle.Coder@va.gov","0","0","0",,,,,
"925","Learning Labs","Tenneil Zielaskowski – Bldg. 9, RM205, Desk 5 @ 12/15/2025 12:00 AM","Tenneil.Zielaskowski@va.gov","Bldg. 9, RM205, Desk 5","2025-12-16T04:00:00Z","2025-12-15T05:00:00Z",,,"0","0","Learning Labs","HIS","True","Denise.Patterer@va.gov","Desk",,"2025-12-15T05:00:00Z","Super User Training","109",,,,"Bldg. 9, RM205","True",,,,,,,"2025-12-19T17:38:33Z","2025-12-19T17:38:33Z","Kyle.Coder@va.gov","Kyle.Coder@va.gov","0","0","0",,,,,
"924","Learning Labs","Tenneil Zielaskowski – Bldg. 9, RM205, Desk 4 @ 12/15/2025 12:00 AM","Tenneil.Zielaskowski@va.gov","Bldg. 9, RM205, Desk 4","2025-12-16T04:00:00Z","2025-12-15T05:00:00Z",,,"0","0","Learning Labs","HIS","True","Denise.Patterer@va.gov","Desk",,"2025-12-15T05:00:00Z","Super User Training","109",,,,"Bldg. 9, RM205","True",,,,,,,"2025-12-19T17:38:33Z","2025-12-19T17:38:33Z","Kyle.Coder@va.gov","Kyle.Coder@va.gov","0","0","0",,,,,
"923","Learning Labs","Tenneil Zielaskowski – Bldg. 9, RM205, Desk 3 @ 12/15/2025 12:00 AM","Tenneil.Zielaskowski@va.gov","Bldg. 9, RM205, Desk 3","2025-12-16T04:00:00Z","2025-12-15T05:00:00Z",,,"0","0","Learning Labs","HIS","True","Denise.Patterer@va.gov","Desk",,"2025-12-15T05:00:00Z","Super User Training","109",,,,"Bldg. 9, RM205","True",,,,,,,"2025-12-19T17:38:32Z","2025-12-19T17:38:32Z","Kyle.Coder@va.gov","Kyle.Coder@va.gov","0","0","0",,,,,
"922","Learning Labs","Tenneil Zielaskowski – Bldg. 9, RM205, Desk 2 @ 12/15/2025 12:00 AM","Tenneil.Zielaskowski@va.gov","Bldg. 9, RM205, Desk 2","2025-12-16T04:00:00Z","2025-12-15T05:00:00Z",,,"0","0","Learning Labs","HIS","True","Denise.Patterer@va.gov","Desk",,"2025-12-15T05:00:00Z","Super User Training","109",,,,"Bldg. 9, RM205","True",,,,,,,"2025-12-19T17:38:32Z","2025-12-19T17:38:32Z","Kyle.Coder@va.gov","Kyle.Coder@va.gov","0","0","0",,,,,
"921","Learning Labs","Tenneil Zielaskowski – Bldg. 9, RM205, Desk 16 @ 12/15/2025 12:00 AM","Tenneil.Zielaskowski@va.gov","Bldg. 9, RM205, Desk 16","2025-12-16T04:00:00Z","2025-12-15T05:00:00Z",,,"0","0","Learning Labs","HIS","True","Denise.Patterer@va.gov","Desk",,"2025-12-15T05:00:00Z","Super User Training","109",,,,"Bldg. 9, RM205","True",,,,,,,"2025-12-19T17:38:32Z","2025-12-19T17:38:32Z","Kyle.Coder@va.gov","Kyle.Coder@va.gov","0","0","0",,,,,
"920","Learning Labs","Tenneil Zielaskowski – Bldg. 9, RM205, Desk 15 @ 12/15/2025 12:00 AM","Tenneil.Zielaskowski@va.gov","Bldg. 9, RM205, Desk 15","2025-12-16T04:00:00Z","2025-12-15T05:00:00Z",,,"0","0","Learning Labs","HIS","True","Denise.Patterer@va.gov","Desk",,"2025-12-15T05:00:00Z","Super User Training","109",,,,"Bldg. 9, RM205","True",,,,,,,"2025-12-19T17:38:32Z","2025-12-19T17:38:32Z","Kyle.Coder@va.gov","Kyle.Coder@va.gov","0","0","0",,,,,
"919","Learning Labs","Tenneil Zielaskowski – Bldg. 9, RM205, Desk 14 @ 12/15/2025 12:00 AM","Tenneil.Zielaskowski@va.gov","Bldg. 9, RM205, Desk 14","2025-12-16T04:00:00Z","2025-12-15T05:00:00Z",,,"0","0","Learning Labs","HIS","True","Denise.Patterer@va.gov","Desk",,"2025-12-15T05:00:00Z","Super User Training","109",,,,"Bldg. 9, RM205","True",,,,,,,"2025-12-19T17:38:32Z","2025-12-19T17:38:32Z","Kyle.Coder@va.gov","Kyle.Coder@va.gov","0","0","0",,,,,
"918","Learning Labs","Tenneil Zielaskowski – Bldg. 9, RM205, Desk 13 @ 12/15/2025 12:00 AM","Tenneil.Zielaskowski@va.gov","Bldg. 9, RM205, Desk 13","2025-12-16T04:00:00Z","2025-12-15T05:00:00Z",,,"0","0","Learning Labs","HIS","True","Denise.Patterer@va.gov","Desk",,"2025-12-15T05:00:00Z","Super User Training","109",,,,"Bldg. 9, RM205","True",,,,,,,"2025-12-19T17:38:31Z","2025-12-19T17:38:31Z","Kyle.Coder@va.gov","Kyle.Coder@va.gov","0","0","0",,,,,
"917","Learning Labs","Tenneil Zielaskowski – Bldg. 9, RM205, Desk 12 @ 12/15/2025 12:00 AM","Tenneil.Zielaskowski@va.gov","Bldg. 9, RM205, Desk 12","2025-12-16T04:00:00Z","2025-12-15T05:00:00Z",,,"0","0","Learning Labs","HIS","True","Denise.Patterer@va.gov","Desk",,"2025-12-15T05:00:00Z","Super User Training","109",,,,"Bldg. 9, RM205","True",,,,,,,"2025-12-19T17:38:31Z","2025-12-19T17:38:31Z","Kyle.Coder@va.gov","Kyle.Coder@va.gov","0","0","0",,,,,
"916","Learning Labs","Tenneil Zielaskowski – Bldg. 9, RM205, Desk 11 @ 12/15/2025 12:00 AM","Tenneil.Zielaskowski@va.gov","Bldg. 9, RM205, Desk 11","2025-12-16T04:00:00Z","2025-12-15T05:00:00Z",,,"0","0","Learning Labs","HIS","True","Denise.Patterer@va.gov","Desk",,"2025-12-15T05:00:00Z","Super User Training","109",,,,"Bldg. 9, RM205","True",,,,,,,"2025-12-19T17:38:31Z","2025-12-19T17:38:31Z","Kyle.Coder@va.gov","Kyle.Coder@va.gov","0","0","0",,,,,
"915","Learning Labs","Tenneil Zielaskowski – Bldg. 9, RM205, Desk 10 @ 12/15/2025 12:00 AM","Tenneil.Zielaskowski@va.gov","Bldg. 9, RM205, Desk 10","2025-12-16T04:00:00Z","2025-12-15T05:00:00Z",,,"0","0","Learning Labs","HIS","True","Denise.Patterer@va.gov","Desk",,"2025-12-15T05:00:00Z","Super User Training","109",,,,"Bldg. 9, RM205","True",,,,,,,"2025-12-19T17:38:31Z","2025-12-19T17:38:31Z","Kyle.Coder@va.gov","Kyle.Coder@va.gov","0","0","0",,,,,
"914","Learning Labs","Tenneil Zielaskowski – Bldg. 9, RM205, Desk 1  @ 12/15/2025 12:00 AM","Tenneil.Zielaskowski@va.gov","Bldg. 9, RM205, Desk 1 ","2025-12-16T04:00:00Z","2025-12-15T05:00:00Z",,,"0","0","Learning Labs","HIS","True","Denise.Patterer@va.gov","Desk",,"2025-12-15T05:00:00Z","Super User Training","109",,,,"Bldg. 9, RM205","True",,,,,,,"2025-12-19T17:38:31Z","2025-12-19T17:38:31Z","Kyle.Coder@va.gov","Kyle.Coder@va.gov","0","0","0",,,,,
"913","Learning Labs","Tenneil Zielaskowski – Bldg. 9, RM205, Desk 9 @ 12/11/2025 12:00 AM","Tenneil.Zielaskowski@va.gov","Bldg. 9, RM205, Desk 9","2025-12-12T04:00:00Z","2025-12-11T05:00:00Z",,,"0","0","Learning Labs","HIS","True","Denise.Patterer@va.gov","Desk",,"2025-12-11T05:00:00Z","Super User Training","108",,,,"Bldg. 9, RM205","True",,,,,,,"2025-12-19T17:38:30Z","2025-12-19T17:38:30Z","Kyle.Coder@va.gov","Kyle.Coder@va.gov","0","0","0",,,,,
"912","Learning Labs","Tenneil Zielaskowski – Bldg. 9, RM205, Desk 8 @ 12/11/2025 12:00 AM","Tenneil.Zielaskowski@va.gov","Bldg. 9, RM205, Desk 8","2025-12-12T04:00:00Z","2025-12-11T05:00:00Z",,,"0","0","Learning Labs","HIS","True","Denise.Patterer@va.gov","Desk",,"2025-12-11T05:00:00Z","Super User Training","108",,,,"Bldg. 9, RM205","True",,,,,,,"2025-12-19T17:38:30Z","2025-12-19T17:38:30Z","Kyle.Coder@va.gov","Kyle.Coder@va.gov","0","0","0",,,,,
"911","Learning Labs","Tenneil Zielaskowski – Bldg. 9, RM205, Desk 7 @ 12/11/2025 12:00 AM","Tenneil.Zielaskowski@va.gov","Bldg. 9, RM205, Desk 7","2025-12-12T04:00:00Z","2025-12-11T05:00:00Z",,,"0","0","Learning Labs","HIS","True","Denise.Patterer@va.gov","Desk",,"2025-12-11T05:00:00Z","Super User Training","108",,,,"Bldg. 9, RM205","True",,,,,,,"2025-12-19T17:38:30Z","2025-12-19T17:38:30Z","Kyle.Coder@va.gov","Kyle.Coder@va.gov","0","0","0",,,,,
"910","Learning Labs","Tenneil Zielaskowski – Bldg. 9, RM205, Desk 6 @ 12/11/2025 12:00 AM","Tenneil.Zielaskowski@va.gov","Bldg. 9, RM205, Desk 6","2025-12-12T04:00:00Z","2025-12-11T05:00:00Z",,,"0","0","Learning Labs","HIS","True","Denise.Patterer@va.gov","Desk",,"2025-12-11T05:00:00Z","Super User Training","108",,,,"Bldg. 9, RM205","True",,,,,,,"2025-12-19T17:38:30Z","2025-12-19T17:38:30Z","Kyle.Coder@va.gov","Kyle.Coder@va.gov","0","0","0",,,,,
"909","Learning Labs","Tenneil Zielaskowski – Bldg. 9, RM205, Desk 5 @ 12/11/2025 12:00 AM","Tenneil.Zielaskowski@va.gov","Bldg. 9, RM205, Desk 5","2025-12-12T04:00:00Z","2025-12-11T05:00:00Z",,,"0","0","Learning Labs","HIS","True","Denise.Patterer@va.gov","Desk",,"2025-12-11T05:00:00Z","Super User Training","108",,,,"Bldg. 9, RM205","True",,,,,,,"2025-12-19T17:38:30Z","2025-12-19T17:38:30Z","Kyle.Coder@va.gov","Kyle.Coder@va.gov","0","0","0",,,,,
"908","Learning Labs","Tenneil Zielaskowski – Bldg. 9, RM205, Desk 4 @ 12/11/2025 12:00 AM","Tenneil.Zielaskowski@va.gov","Bldg. 9, RM205, Desk 4","2025-12-12T04:00:00Z","2025-12-11T05:00:00Z",,,"0","0","Learning Labs","HIS","True","Denise.Patterer@va.gov","Desk",,"2025-12-11T05:00:00Z","Super User Training","108",,,,"Bldg. 9, RM205","True",,,,,,,"2025-12-19T17:38:29Z","2025-12-19T17:38:29Z","Kyle.Coder@va.gov","Kyle.Coder@va.gov","0","0","0",,,,,
"907","Learning Labs","Tenneil Zielaskowski – Bldg. 9, RM205, Desk 3 @ 12/11/2025 12:00 AM","Tenneil.Zielaskowski@va.gov","Bldg. 9, RM205, Desk 3","2025-12-12T04:00:00Z","2025-12-11T05:00:00Z",,,"0","0","Learning Labs","HIS","True","Denise.Patterer@va.gov","Desk",,"2025-12-11T05:00:00Z","Super User Training","108",,,,"Bldg. 9, RM205","True",,,,,,,"2025-12-19T17:38:29Z","2025-12-19T17:38:29Z","Kyle.Coder@va.gov","Kyle.Coder@va.gov","0","0","0",,,,,
"906","Learning Labs","Tenneil Zielaskowski – Bldg. 9, RM205, Desk 2 @ 12/11/2025 12:00 AM","Tenneil.Zielaskowski@va.gov","Bldg. 9, RM205, Desk 2","2025-12-12T04:00:00Z","2025-12-11T05:00:00Z",,,"0","0","Learning Labs","HIS","True","Denise.Patterer@va.gov","Desk",,"2025-12-11T05:00:00Z","Super User Training","108",,,,"Bldg. 9, RM205","True",,,,,,,"2025-12-19T17:38:29Z","2025-12-19T17:38:29Z","Kyle.Coder@va.gov","Kyle.Coder@va.gov","0","0","0",,,,,
"905","Learning Labs","Tenneil Zielaskowski – Bldg. 9, RM205, Desk 16 @ 12/11/2025 12:00 AM","Tenneil.Zielaskowski@va.gov","Bldg. 9, RM205, Desk 16","2025-12-12T04:00:00Z","2025-12-11T05:00:00Z",,,"0","0","Learning Labs","HIS","True","Denise.Patterer@va.gov","Desk",,"2025-12-11T05:00:00Z","Super User Training","108",,,,"Bldg. 9, RM205","True",,,,,,,"2025-12-19T17:38:29Z","2025-12-19T17:38:29Z","Kyle.Coder@va.gov","Kyle.Coder@va.gov","0","0","0",,,,,
"904","Learning Labs","Tenneil Zielaskowski – Bldg. 9, RM205, Desk 15 @ 12/11/2025 12:00 AM","Tenneil.Zielaskowski@va.gov","Bldg. 9, RM205, Desk 15","2025-12-12T04:00:00Z","2025-12-11T05:00:00Z",,,"0","0","Learning Labs","HIS","True","Denise.Patterer@va.gov","Desk",,"2025-12-11T05:00:00Z","Super User Training","108",,,,"Bldg. 9, RM205","True",,,,,,,"2025-12-19T17:38:29Z","2025-12-19T17:38:29Z","Kyle.Coder@va.gov","Kyle.Coder@va.gov","0","0","0",,,,,
"903","Learning Labs","Tenneil Zielaskowski – Bldg. 9, RM205, Desk 14 @ 12/11/2025 12:00 AM","Tenneil.Zielaskowski@va.gov","Bldg. 9, RM205, Desk 14","2025-12-12T04:00:00Z","2025-12-11T05:00:00Z",,,"0","0","Learning Labs","HIS","True","Denise.Patterer@va.gov","Desk",,"2025-12-11T05:00:00Z","Super User Training","108",,,,"Bldg. 9, RM205","True",,,,,,,"2025-12-19T17:38:28Z","2025-12-19T17:38:28Z","Kyle.Coder@va.gov","Kyle.Coder@va.gov","0","0","0",,,,,
"902","Learning Labs","Tenneil Zielaskowski – Bldg. 9, RM205, Desk 13 @ 12/11/2025 12:00 AM","Tenneil.Zielaskowski@va.gov","Bldg. 9, RM205, Desk 13","2025-12-12T04:00:00Z","2025-12-11T05:00:00Z",,,"0","0","Learning Labs","HIS","True","Denise.Patterer@va.gov","Desk",,"2025-12-11T05:00:00Z","Super User Training","108",,,,"Bldg. 9, RM205","True",,,,,,,"2025-12-19T17:38:28Z","2025-12-19T17:38:28Z","Kyle.Coder@va.gov","Kyle.Coder@va.gov","0","0","0",,,,,
"901","Learning Labs","Tenneil Zielaskowski – Bldg. 9, RM205, Desk 12 @ 12/11/2025 12:00 AM","Tenneil.Zielaskowski@va.gov","Bldg. 9, RM205, Desk 12","2025-12-12T04:00:00Z","2025-12-11T05:00:00Z",,,"0","0","Learning Labs","HIS","True","Denise.Patterer@va.gov","Desk",,"2025-12-11T05:00:00Z","Super User Training","108",,,,"Bldg. 9, RM205","True",,,,,,,"2025-12-19T17:38:28Z","2025-12-19T17:38:28Z","Kyle.Coder@va.gov","Kyle.Coder@va.gov","0","0","0",,,,,
"900","Learning Labs","Tenneil Zielaskowski – Bldg. 9, RM205, Desk 11 @ 12/11/2025 12:00 AM","Tenneil.Zielaskowski@va.gov","Bldg. 9, RM205, Desk 11","2025-12-12T04:00:00Z","2025-12-11T05:00:00Z",,,"0","0","Learning Labs","HIS","True","Denise.Patterer@va.gov","Desk",,"2025-12-11T05:00:00Z","Super User Training","108",,,,"Bldg. 9, RM205","True",,,,,,,"2025-12-19T17:38:27Z","2025-12-19T17:38:27Z","Kyle.Coder@va.gov","Kyle.Coder@va.gov","0","0","0",,,,,
"899","Learning Labs","Tenneil Zielaskowski – Bldg. 9, RM205, Desk 10 @ 12/11/2025 12:00 AM","Tenneil.Zielaskowski@va.gov","Bldg. 9, RM205, Desk 10","2025-12-12T04:00:00Z","2025-12-11T05:00:00Z",,,"0","0","Learning Labs","HIS","True","Denise.Patterer@va.gov","Desk",,"2025-12-11T05:00:00Z","Super User Training","108",,,,"Bldg. 9, RM205","True",,,,,,,"2025-12-19T17:38:27Z","2025-12-19T17:38:27Z","Kyle.Coder@va.gov","Kyle.Coder@va.gov","0","0","0",,,,,
"898","Learning Labs","Tenneil Zielaskowski – Bldg. 9, RM205, Desk 1  @ 12/11/2025 12:00 AM","Tenneil.Zielaskowski@va.gov","Bldg. 9, RM205, Desk 1 ","2025-12-12T04:00:00Z","2025-12-11T05:00:00Z",,,"0","0","Learning Labs","HIS","True","Denise.Patterer@va.gov","Desk",,"2025-12-11T05:00:00Z","Super User Training","108",,,,"Bldg. 9, RM205","True",,,,,,,"2025-12-19T17:38:27Z","2025-12-19T17:38:27Z","Kyle.Coder@va.gov","Kyle.Coder@va.gov","0","0","0",,,,,
"897","Learning Labs","Tenneil Zielaskowski – Bldg. 9, RM205, Desk 9 @ 12/10/2025 12:00 AM","Tenneil.Zielaskowski@va.gov","Bldg. 9, RM205, Desk 9","2025-12-11T04:00:00Z","2025-12-10T05:00:00Z",,,"0","0","Learning Labs","HIMS","True","Denise.Patterer@va.gov","Desk",,"2025-12-10T05:00:00Z","Super User Training","107",,,,"Bldg. 9, RM205","True",,,,,,,"2025-12-19T17:38:27Z","2025-12-19T17:38:27Z","Kyle.Coder@va.gov","Kyle.Coder@va.gov","0","0","0",,,,,
"896","Learning Labs","Tenneil Zielaskowski – Bldg. 9, RM205, Desk 8 @ 12/10/2025 12:00 AM","Tenneil.Zielaskowski@va.gov","Bldg. 9, RM205, Desk 8","2025-12-11T04:00:00Z","2025-12-10T05:00:00Z",,,"0","0","Learning Labs","HIMS","True","Denise.Patterer@va.gov","Desk",,"2025-12-10T05:00:00Z","Super User Training","107",,,,"Bldg. 9, RM205","True",,,,,,,"2025-12-19T17:38:27Z","2025-12-19T17:38:27Z","Kyle.Coder@va.gov","Kyle.Coder@va.gov","0","0","0",,,,,
"895","Learning Labs","Tenneil Zielaskowski – Bldg. 9, RM205, Desk 7 @ 12/10/2025 12:00 AM","Tenneil.Zielaskowski@va.gov","Bldg. 9, RM205, Desk 7","2025-12-11T04:00:00Z","2025-12-10T05:00:00Z",,,"0","0","Learning Labs","HIMS","True","Denise.Patterer@va.gov","Desk",,"2025-12-10T05:00:00Z","Super User Training","107",,,,"Bldg. 9, RM205","True",,,,,,,"2025-12-19T17:38:26Z","2025-12-19T17:38:26Z","Kyle.Coder@va.gov","Kyle.Coder@va.gov","0","0","0",,,,,
"894","Learning Labs","Tenneil Zielaskowski – Bldg. 9, RM205, Desk 6 @ 12/10/2025 12:00 AM","Tenneil.Zielaskowski@va.gov","Bldg. 9, RM205, Desk 6","2025-12-11T04:00:00Z","2025-12-10T05:00:00Z",,,"0","0","Learning Labs","HIMS","True","Denise.Patterer@va.gov","Desk",,"2025-12-10T05:00:00Z","Super User Training","107",,,,"Bldg. 9, RM205","True",,,,,,,"2025-12-19T17:38:26Z","2025-12-19T17:38:26Z","Kyle.Coder@va.gov","Kyle.Coder@va.gov","0","0","0",,,,,
"893","Learning Labs","Tenneil Zielaskowski – Bldg. 9, RM205, Desk 5 @ 12/10/2025 12:00 AM","Tenneil.Zielaskowski@va.gov","Bldg. 9, RM205, Desk 5","2025-12-11T04:00:00Z","2025-12-10T05:00:00Z",,,"0","0","Learning Labs","HIMS","True","Denise.Patterer@va.gov","Desk",,"2025-12-10T05:00:00Z","Super User Training","107",,,,"Bldg. 9, RM205","True",,,,,,,"2025-12-19T17:38:26Z","2025-12-19T17:38:26Z","Kyle.Coder@va.gov","Kyle.Coder@va.gov","0","0","0",,,,,
"892","Learning Labs","Tenneil Zielaskowski – Bldg. 9, RM205, Desk 4 @ 12/10/2025 12:00 AM","Tenneil.Zielaskowski@va.gov","Bldg. 9, RM205, Desk 4","2025-12-11T04:00:00Z","2025-12-10T05:00:00Z",,,"0","0","Learning Labs","HIMS","True","Denise.Patterer@va.gov","Desk",,"2025-12-10T05:00:00Z","Super User Training","107",,,,"Bldg. 9, RM205","True",,,,,,,"2025-12-19T17:38:26Z","2025-12-19T17:38:26Z","Kyle.Coder@va.gov","Kyle.Coder@va.gov","0","0","0",,,,,
"891","Learning Labs","Tenneil Zielaskowski – Bldg. 9, RM205, Desk 3 @ 12/10/2025 12:00 AM","Tenneil.Zielaskowski@va.gov","Bldg. 9, RM205, Desk 3","2025-12-11T04:00:00Z","2025-12-10T05:00:00Z",,,"0","0","Learning Labs","HIMS","True","Denise.Patterer@va.gov","Desk",,"2025-12-10T05:00:00Z","Super User Training","107",,,,"Bldg. 9, RM205","True",,,,,,,"2025-12-19T17:38:26Z","2025-12-19T17:38:26Z","Kyle.Coder@va.gov","Kyle.Coder@va.gov","0","0","0",,,,,
"890","Learning Labs","Tenneil Zielaskowski – Bldg. 9, RM205, Desk 2 @ 12/10/2025 12:00 AM","Tenneil.Zielaskowski@va.gov","Bldg. 9, RM205, Desk 2","2025-12-11T04:00:00Z","2025-12-10T05:00:00Z",,,"0","0","Learning Labs","HIMS","True","Denise.Patterer@va.gov","Desk",,"2025-12-10T05:00:00Z","Super User Training","107",,,,"Bldg. 9, RM205","True",,,,,,,"2025-12-19T17:38:25Z","2025-12-19T17:38:25Z","Kyle.Coder@va.gov","Kyle.Coder@va.gov","0","0","0",,,,,
"889","Learning Labs","Tenneil Zielaskowski – Bldg. 9, RM205, Desk 16 @ 12/10/2025 12:00 AM","Tenneil.Zielaskowski@va.gov","Bldg. 9, RM205, Desk 16","2025-12-11T04:00:00Z","2025-12-10T05:00:00Z",,,"0","0","Learning Labs","HIMS","True","Denise.Patterer@va.gov","Desk",,"2025-12-10T05:00:00Z","Super User Training","107",,,,"Bldg. 9, RM205","True",,,,,,,"2025-12-19T17:38:25Z","2025-12-19T17:38:25Z","Kyle.Coder@va.gov","Kyle.Coder@va.gov","0","0","0",,,,,
"888","Learning Labs","Tenneil Zielaskowski – Bldg. 9, RM205, Desk 15 @ 12/10/2025 12:00 AM","Tenneil.Zielaskowski@va.gov","Bldg. 9, RM205, Desk 15","2025-12-11T04:00:00Z","2025-12-10T05:00:00Z",,,"0","0","Learning Labs","HIMS","True","Denise.Patterer@va.gov","Desk",,"2025-12-10T05:00:00Z","Super User Training","107",,,,"Bldg. 9, RM205","True",,,,,,,"2025-12-19T17:38:25Z","2025-12-19T17:38:25Z","Kyle.Coder@va.gov","Kyle.Coder@va.gov","0","0","0",,,,,
"887","Learning Labs","Tenneil Zielaskowski – Bldg. 9, RM205, Desk 14 @ 12/10/2025 12:00 AM","Tenneil.Zielaskowski@va.gov","Bldg. 9, RM205, Desk 14","2025-12-11T04:00:00Z","2025-12-10T05:00:00Z",,,"0","0","Learning Labs","HIMS","True","Denise.Patterer@va.gov","Desk",,"2025-12-10T05:00:00Z","Super User Training","107",,,,"Bldg. 9, RM205","True",,,,,,,"2025-12-19T17:38:25Z","2025-12-19T17:38:25Z","Kyle.Coder@va.gov","Kyle.Coder@va.gov","0","0","0",,,,,
"886","Learning Labs","Tenneil Zielaskowski – Bldg. 9, RM205, Desk 13 @ 12/10/2025 12:00 AM","Tenneil.Zielaskowski@va.gov","Bldg. 9, RM205, Desk 13","2025-12-11T04:00:00Z","2025-12-10T05:00:00Z",,,"0","0","Learning Labs","HIMS","True","Denise.Patterer@va.gov","Desk",,"2025-12-10T05:00:00Z","Super User Training","107",,,,"Bldg. 9, RM205","True",,,,,,,"2025-12-19T17:38:25Z","2025-12-19T17:38:25Z","Kyle.Coder@va.gov","Kyle.Coder@va.gov","0","0","0",,,,,
"885","Learning Labs","Tenneil Zielaskowski – Bldg. 9, RM205, Desk 12 @ 12/10/2025 12:00 AM","Tenneil.Zielaskowski@va.gov","Bldg. 9, RM205, Desk 12","2025-12-11T04:00:00Z","2025-12-10T05:00:00Z",,,"0","0","Learning Labs","HIMS","True","Denise.Patterer@va.gov","Desk",,"2025-12-10T05:00:00Z","Super User Training","107",,,,"Bldg. 9, RM205","True",,,,,,,"2025-12-19T17:38:24Z","2025-12-19T17:38:24Z","Kyle.Coder@va.gov","Kyle.Coder@va.gov","0","0","0",,,,,
"884","Learning Labs","Tenneil Zielaskowski – Bldg. 9, RM205, Desk 11 @ 12/10/2025 12:00 AM","Tenneil.Zielaskowski@va.gov","Bldg. 9, RM205, Desk 11","2025-12-11T04:00:00Z","2025-12-10T05:00:00Z",,,"0","0","Learning Labs","HIMS","True","Denise.Patterer@va.gov","Desk",,"2025-12-10T05:00:00Z","Super User Training","107",,,,"Bldg. 9, RM205","True",,,,,,,"2025-12-19T17:38:24Z","2025-12-19T17:38:24Z","Kyle.Coder@va.gov","Kyle.Coder@va.gov","0","0","0",,,,,
"883","Learning Labs","Tenneil Zielaskowski – Bldg. 9, RM205, Desk 10 @ 12/10/2025 12:00 AM","Tenneil.Zielaskowski@va.gov","Bldg. 9, RM205, Desk 10","2025-12-11T04:00:00Z","2025-12-10T05:00:00Z",,,"0","0","Learning Labs","HIMS","True","Denise.Patterer@va.gov","Desk",,"2025-12-10T05:00:00Z","Super User Training","107",,,,"Bldg. 9, RM205","True",,,,,,,"2025-12-19T17:38:24Z","2025-12-19T17:38:24Z","Kyle.Coder@va.gov","Kyle.Coder@va.gov","0","0","0",,,,,
"882","Learning Labs","Tenneil Zielaskowski – Bldg. 9, RM205, Desk 1  @ 12/10/2025 12:00 AM","Tenneil.Zielaskowski@va.gov","Bldg. 9, RM205, Desk 1 ","2025-12-11T04:00:00Z","2025-12-10T05:00:00Z",,,"0","0","Learning Labs","HIMS","True","Denise.Patterer@va.gov","Desk",,"2025-12-10T05:00:00Z","Super User Training","107",,,,"Bldg. 9, RM205","True",,,,,,,"2025-12-19T17:38:24Z","2025-12-19T17:38:24Z","Kyle.Coder@va.gov","Kyle.Coder@va.gov","0","0","0",,,,,
"881","Learning Labs","Tenneil Zielaskowski – Bldg. 9, RM205, Desk 9 @ 12/09/2025 12:00 AM","Tenneil.Zielaskowski@va.gov","Bldg. 9, RM205, Desk 9","2025-12-10T04:00:00Z","2025-12-09T05:00:00Z",,,"0","0","Learning Labs","HIS","True","Denise.Patterer@va.gov","Desk",,"2025-12-09T05:00:00Z","Super User Training","106",,,,"Bldg. 9, RM205","True",,,,,,,"2025-12-19T17:38:24Z","2025-12-19T17:38:24Z","Kyle.Coder@va.gov","Kyle.Coder@va.gov","0","0","0",,,,,
"880","Learning Labs","Tenneil Zielaskowski – Bldg. 9, RM205, Desk 8 @ 12/09/2025 12:00 AM","Tenneil.Zielaskowski@va.gov","Bldg. 9, RM205, Desk 8","2025-12-10T04:00:00Z","2025-12-09T05:00:00Z",,,"0","0","Learning Labs","HIS","True","Denise.Patterer@va.gov","Desk",,"2025-12-09T05:00:00Z","Super User Training","106",,,,"Bldg. 9, RM205","True",,,,,,,"2025-12-19T17:38:23Z","2025-12-19T17:38:23Z","Kyle.Coder@va.gov","Kyle.Coder@va.gov","0","0","0",,,,,
"879","Learning Labs","Tenneil Zielaskowski – Bldg. 9, RM205, Desk 7 @ 12/09/2025 12:00 AM","Tenneil.Zielaskowski@va.gov","Bldg. 9, RM205, Desk 7","2025-12-10T04:00:00Z","2025-12-09T05:00:00Z",,,"0","0","Learning Labs","HIS","True","Denise.Patterer@va.gov","Desk",,"2025-12-09T05:00:00Z","Super User Training","106",,,,"Bldg. 9, RM205","True",,,,,,,"2025-12-19T17:38:23Z","2025-12-19T17:38:23Z","Kyle.Coder@va.gov","Kyle.Coder@va.gov","0","0","0",,,,,
"878","Learning Labs","Tenneil Zielaskowski – Bldg. 9, RM205, Desk 6 @ 12/09/2025 12:00 AM","Tenneil.Zielaskowski@va.gov","Bldg. 9, RM205, Desk 6","2025-12-10T04:00:00Z","2025-12-09T05:00:00Z",,,"0","0","Learning Labs","HIS","True","Denise.Patterer@va.gov","Desk",,"2025-12-09T05:00:00Z","Super User Training","106",,,,"Bldg. 9, RM205","True",,,,,,,"2025-12-19T17:38:23Z","2025-12-19T17:38:23Z","Kyle.Coder@va.gov","Kyle.Coder@va.gov","0","0","0",,,,,
"877","Learning Labs","Tenneil Zielaskowski – Bldg. 9, RM205, Desk 5 @ 12/09/2025 12:00 AM","Tenneil.Zielaskowski@va.gov","Bldg. 9, RM205, Desk 5","2025-12-10T04:00:00Z","2025-12-09T05:00:00Z",,,"0","0","Learning Labs","HIS","True","Denise.Patterer@va.gov","Desk",,"2025-12-09T05:00:00Z","Super User Training","106",,,,"Bldg. 9, RM205","True",,,,,,,"2025-12-19T17:38:23Z","2025-12-19T17:38:23Z","Kyle.Coder@va.gov","Kyle.Coder@va.gov","0","0","0",,,,,
"876","Learning Labs","Tenneil Zielaskowski – Bldg. 9, RM205, Desk 4 @ 12/09/2025 12:00 AM","Tenneil.Zielaskowski@va.gov","Bldg. 9, RM205, Desk 4","2025-12-10T04:00:00Z","2025-12-09T05:00:00Z",,,"0","0","Learning Labs","HIS","True","Denise.Patterer@va.gov","Desk",,"2025-12-09T05:00:00Z","Super User Training","106",,,,"Bldg. 9, RM205","True",,,,,,,"2025-12-19T17:38:23Z","2025-12-19T17:38:23Z","Kyle.Coder@va.gov","Kyle.Coder@va.gov","0","0","0",,,,,
"875","Learning Labs","Tenneil Zielaskowski – Bldg. 9, RM205, Desk 3 @ 12/09/2025 12:00 AM","Tenneil.Zielaskowski@va.gov","Bldg. 9, RM205, Desk 3","2025-12-10T04:00:00Z","2025-12-09T05:00:00Z",,,"0","0","Learning Labs","HIS","True","Denise.Patterer@va.gov","Desk",,"2025-12-09T05:00:00Z","Super User Training","106",,,,"Bldg. 9, RM205","True",,,,,,,"2025-12-19T17:38:22Z","2025-12-19T17:38:22Z","Kyle.Coder@va.gov","Kyle.Coder@va.gov","0","0","0",,,,,
"874","Learning Labs","Tenneil Zielaskowski – Bldg. 9, RM205, Desk 2 @ 12/09/2025 12:00 AM","Tenneil.Zielaskowski@va.gov","Bldg. 9, RM205, Desk 2","2025-12-10T04:00:00Z","2025-12-09T05:00:00Z",,,"0","0","Learning Labs","HIS","True","Denise.Patterer@va.gov","Desk",,"2025-12-09T05:00:00Z","Super User Training","106",,,,"Bldg. 9, RM205","True",,,,,,,"2025-12-19T17:38:22Z","2025-12-19T17:38:22Z","Kyle.Coder@va.gov","Kyle.Coder@va.gov","0","0","0",,,,,
"873","Learning Labs","Tenneil Zielaskowski – Bldg. 9, RM205, Desk 16 @ 12/09/2025 12:00 AM","Tenneil.Zielaskowski@va.gov","Bldg. 9, RM205, Desk 16","2025-12-10T04:00:00Z","2025-12-09T05:00:00Z",,,"0","0","Learning Labs","HIS","True","Denise.Patterer@va.gov","Desk",,"2025-12-09T05:00:00Z","Super User Training","106",,,,"Bldg. 9, RM205","True",,,,,,,"2025-12-19T17:38:22Z","2025-12-19T17:38:22Z","Kyle.Coder@va.gov","Kyle.Coder@va.gov","0","0","0",,,,,
"872","Learning Labs","Tenneil Zielaskowski – Bldg. 9, RM205, Desk 15 @ 12/09/2025 12:00 AM","Tenneil.Zielaskowski@va.gov","Bldg. 9, RM205, Desk 15","2025-12-10T04:00:00Z","2025-12-09T05:00:00Z",,,"0","0","Learning Labs","HIS","True","Denise.Patterer@va.gov","Desk",,"2025-12-09T05:00:00Z","Super User Training","106",,,,"Bldg. 9, RM205","True",,,,,,,"2025-12-19T17:38:22Z","2025-12-19T17:38:22Z","Kyle.Coder@va.gov","Kyle.Coder@va.gov","0","0","0",,,,,
"871","Learning Labs","Tenneil Zielaskowski – Bldg. 9, RM205, Desk 14 @ 12/09/2025 12:00 AM","Tenneil.Zielaskowski@va.gov","Bldg. 9, RM205, Desk 14","2025-12-10T04:00:00Z","2025-12-09T05:00:00Z",,,"0","0","Learning Labs","HIS","True","Denise.Patterer@va.gov","Desk",,"2025-12-09T05:00:00Z","Super User Training","106",,,,"Bldg. 9, RM205","True",,,,,,,"2025-12-19T17:38:22Z","2025-12-19T17:38:22Z","Kyle.Coder@va.gov","Kyle.Coder@va.gov","0","0","0",,,,,
"870","Learning Labs","Tenneil Zielaskowski – Bldg. 9, RM205, Desk 13 @ 12/09/2025 12:00 AM","Tenneil.Zielaskowski@va.gov","Bldg. 9, RM205, Desk 13","2025-12-10T04:00:00Z","2025-12-09T05:00:00Z",,,"0","0","Learning Labs","HIS","True","Denise.Patterer@va.gov","Desk",,"2025-12-09T05:00:00Z","Super User Training","106",,,,"Bldg. 9, RM205","True",,,,,,,"2025-12-19T17:38:21Z","2025-12-19T17:38:21Z","Kyle.Coder@va.gov","Kyle.Coder@va.gov","0","0","0",,,,,
"869","Learning Labs","Tenneil Zielaskowski – Bldg. 9, RM205, Desk 12 @ 12/09/2025 12:00 AM","Tenneil.Zielaskowski@va.gov","Bldg. 9, RM205, Desk 12","2025-12-10T04:00:00Z","2025-12-09T05:00:00Z",,,"0","0","Learning Labs","HIS","True","Denise.Patterer@va.gov","Desk",,"2025-12-09T05:00:00Z","Super User Training","106",,,,"Bldg. 9, RM205","True",,,,,,,"2025-12-19T17:38:21Z","2025-12-19T17:38:21Z","Kyle.Coder@va.gov","Kyle.Coder@va.gov","0","0","0",,,,,
"868","Learning Labs","Tenneil Zielaskowski – Bldg. 9, RM205, Desk 11 @ 12/09/2025 12:00 AM","Tenneil.Zielaskowski@va.gov","Bldg. 9, RM205, Desk 11","2025-12-10T04:00:00Z","2025-12-09T05:00:00Z",,,"0","0","Learning Labs","HIS","True","Denise.Patterer@va.gov","Desk",,"2025-12-09T05:00:00Z","Super User Training","106",,,,"Bldg. 9, RM205","True",,,,,,,"2025-12-19T17:38:21Z","2025-12-19T17:38:21Z","Kyle.Coder@va.gov","Kyle.Coder@va.gov","0","0","0",,,,,
"867","Learning Labs","Tenneil Zielaskowski – Bldg. 9, RM205, Desk 10 @ 12/09/2025 12:00 AM","Tenneil.Zielaskowski@va.gov","Bldg. 9, RM205, Desk 10","2025-12-10T04:00:00Z","2025-12-09T05:00:00Z",,,"0","0","Learning Labs","HIS","True","Denise.Patterer@va.gov","Desk",,"2025-12-09T05:00:00Z","Super User Training","106",,,,"Bldg. 9, RM205","True",,,,,,,"2025-12-19T17:38:21Z","2025-12-19T17:38:21Z","Kyle.Coder@va.gov","Kyle.Coder@va.gov","0","0","0",,,,,
"866","Learning Labs","Tenneil Zielaskowski – Bldg. 9, RM205, Desk 1  @ 12/09/2025 12:00 AM","Tenneil.Zielaskowski@va.gov","Bldg. 9, RM205, Desk 1 ","2025-12-10T04:00:00Z","2025-12-09T05:00:00Z",,,"0","0","Learning Labs","HIS","True","Denise.Patterer@va.gov","Desk",,"2025-12-09T05:00:00Z","Super User Training","106",,,,"Bldg. 9, RM205","True",,,,,,,"2025-12-19T17:38:21Z","2025-12-19T17:38:21Z","Kyle.Coder@va.gov","Kyle.Coder@va.gov","0","0","0",,,,,
"865","Learning Labs","Tenneil Zielaskowski – Bldg. 9, RM205, Desk 9 @ 12/02/2025 12:00 AM","Tenneil.Zielaskowski@va.gov","Bldg. 9, RM205, Desk 9","2025-12-03T04:00:00Z","2025-12-02T05:00:00Z",,,"0","0","Learning Labs","HIS","True","Denise.Patterer@va.gov","Desk",,"2025-12-02T05:00:00Z","Super User Training","105",,,,"Bldg. 9, RM205","True",,,,,,,"2025-12-19T17:38:20Z","2025-12-19T17:38:20Z","Kyle.Coder@va.gov","Kyle.Coder@va.gov","0","0","0",,,,,
"864","Learning Labs","Tenneil Zielaskowski – Bldg. 9, RM205, Desk 8 @ 12/02/2025 12:00 AM","Tenneil.Zielaskowski@va.gov","Bldg. 9, RM205, Desk 8","2025-12-03T04:00:00Z","2025-12-02T05:00:00Z",,,"0","0","Learning Labs","HIS","True","Denise.Patterer@va.gov","Desk",,"2025-12-02T05:00:00Z","Super User Training","105",,,,"Bldg. 9, RM205","True",,,,,,,"2025-12-19T17:38:20Z","2025-12-19T17:38:20Z","Kyle.Coder@va.gov","Kyle.Coder@va.gov","0","0","0",,,,,
"863","Learning Labs","Tenneil Zielaskowski – Bldg. 9, RM205, Desk 7 @ 12/02/2025 12:00 AM","Tenneil.Zielaskowski@va.gov","Bldg. 9, RM205, Desk 7","2025-12-03T04:00:00Z","2025-12-02T05:00:00Z",,,"0","0","Learning Labs","HIS","True","Denise.Patterer@va.gov","Desk",,"2025-12-02T05:00:00Z","Super User Training","105",,,,"Bldg. 9, RM205","True",,,,,,,"2025-12-19T17:38:20Z","2025-12-19T17:38:20Z","Kyle.Coder@va.gov","Kyle.Coder@va.gov","0","0","0",,,,,
"862","Learning Labs","Tenneil Zielaskowski – Bldg. 9, RM205, Desk 6 @ 12/02/2025 12:00 AM","Tenneil.Zielaskowski@va.gov","Bldg. 9, RM205, Desk 6","2025-12-03T04:00:00Z","2025-12-02T05:00:00Z",,,"0","0","Learning Labs","HIS","True","Denise.Patterer@va.gov","Desk",,"2025-12-02T05:00:00Z","Super User Training","105",,,,"Bldg. 9, RM205","True",,,,,,,"2025-12-19T17:38:20Z","2025-12-19T17:38:20Z","Kyle.Coder@va.gov","Kyle.Coder@va.gov","0","0","0",,,,,
"861","Learning Labs","Tenneil Zielaskowski – Bldg. 9, RM205, Desk 5 @ 12/02/2025 12:00 AM","Tenneil.Zielaskowski@va.gov","Bldg. 9, RM205, Desk 5","2025-12-03T04:00:00Z","2025-12-02T05:00:00Z",,,"0","0","Learning Labs","HIS","True","Denise.Patterer@va.gov","Desk",,"2025-12-02T05:00:00Z","Super User Training","105",,,,"Bldg. 9, RM205","True",,,,,,,"2025-12-19T17:38:19Z","2025-12-19T17:38:19Z","Kyle.Coder@va.gov","Kyle.Coder@va.gov","0","0","0",,,,,
"860","Learning Labs","Tenneil Zielaskowski – Bldg. 9, RM205, Desk 4 @ 12/02/2025 12:00 AM","Tenneil.Zielaskowski@va.gov","Bldg. 9, RM205, Desk 4","2025-12-03T04:00:00Z","2025-12-02T05:00:00Z",,,"0","0","Learning Labs","HIS","True","Denise.Patterer@va.gov","Desk",,"2025-12-02T05:00:00Z","Super User Training","105",,,,"Bldg. 9, RM205","True",,,,,,,"2025-12-19T17:38:19Z","2025-12-19T17:38:19Z","Kyle.Coder@va.gov","Kyle.Coder@va.gov","0","0","0",,,,,
"859","Learning Labs","Tenneil Zielaskowski – Bldg. 9, RM205, Desk 3 @ 12/02/2025 12:00 AM","Tenneil.Zielaskowski@va.gov","Bldg. 9, RM205, Desk 3","2025-12-03T04:00:00Z","2025-12-02T05:00:00Z",,,"0","0","Learning Labs","HIS","True","Denise.Patterer@va.gov","Desk",,"2025-12-02T05:00:00Z","Super User Training","105",,,,"Bldg. 9, RM205","True",,,,,,,"2025-12-19T17:38:19Z","2025-12-19T17:38:19Z","Kyle.Coder@va.gov","Kyle.Coder@va.gov","0","0","0",,,,,
"858","Learning Labs","Tenneil Zielaskowski – Bldg. 9, RM205, Desk 2 @ 12/02/2025 12:00 AM","Tenneil.Zielaskowski@va.gov","Bldg. 9, RM205, Desk 2","2025-12-03T04:00:00Z","2025-12-02T05:00:00Z",,,"0","0","Learning Labs","HIS","True","Denise.Patterer@va.gov","Desk",,"2025-12-02T05:00:00Z","Super User Training","105",,,,"Bldg. 9, RM205","True",,,,,,,"2025-12-19T17:38:19Z","2025-12-19T17:38:19Z","Kyle.Coder@va.gov","Kyle.Coder@va.gov","0","0","0",,,,,
"857","Learning Labs","Tenneil Zielaskowski – Bldg. 9, RM205, Desk 16 @ 12/02/2025 12:00 AM","Tenneil.Zielaskowski@va.gov","Bldg. 9, RM205, Desk 16","2025-12-03T04:00:00Z","2025-12-02T05:00:00Z",,,"0","0","Learning Labs","HIS","True","Denise.Patterer@va.gov","Desk",,"2025-12-02T05:00:00Z","Super User Training","105",,,,"Bldg. 9, RM205","True",,,,,,,"2025-12-19T17:38:19Z","2025-12-19T17:38:19Z","Kyle.Coder@va.gov","Kyle.Coder@va.gov","0","0","0",,,,,
"856","Learning Labs","Tenneil Zielaskowski – Bldg. 9, RM205, Desk 15 @ 12/02/2025 12:00 AM","Tenneil.Zielaskowski@va.gov","Bldg. 9, RM205, Desk 15","2025-12-03T04:00:00Z","2025-12-02T05:00:00Z",,,"0","0","Learning Labs","HIS","True","Denise.Patterer@va.gov","Desk",,"2025-12-02T05:00:00Z","Super User Training","105",,,,"Bldg. 9, RM205","True",,,,,,,"2025-12-19T17:38:18Z","2025-12-19T17:38:18Z","Kyle.Coder@va.gov","Kyle.Coder@va.gov","0","0","0",,,,,
"855","Learning Labs","Tenneil Zielaskowski – Bldg. 9, RM205, Desk 14 @ 12/02/2025 12:00 AM","Tenneil.Zielaskowski@va.gov","Bldg. 9, RM205, Desk 14","2025-12-03T04:00:00Z","2025-12-02T05:00:00Z",,,"0","0","Learning Labs","HIS","True","Denise.Patterer@va.gov","Desk",,"2025-12-02T05:00:00Z","Super User Training","105",,,,"Bldg. 9, RM205","True",,,,,,,"2025-12-19T17:38:18Z","2025-12-19T17:38:18Z","Kyle.Coder@va.gov","Kyle.Coder@va.gov","0","0","0",,,,,
"854","Learning Labs","Tenneil Zielaskowski – Bldg. 9, RM205, Desk 13 @ 12/02/2025 12:00 AM","Tenneil.Zielaskowski@va.gov","Bldg. 9, RM205, Desk 13","2025-12-03T04:00:00Z","2025-12-02T05:00:00Z",,,"0","0","Learning Labs","HIS","True","Denise.Patterer@va.gov","Desk",,"2025-12-02T05:00:00Z","Super User Training","105",,,,"Bldg. 9, RM205","True",,,,,,,"2025-12-19T17:38:18Z","2025-12-19T17:38:18Z","Kyle.Coder@va.gov","Kyle.Coder@va.gov","0","0","0",,,,,
"853","Learning Labs","Tenneil Zielaskowski – Bldg. 9, RM205, Desk 12 @ 12/02/2025 12:00 AM","Tenneil.Zielaskowski@va.gov","Bldg. 9, RM205, Desk 12","2025-12-03T04:00:00Z","2025-12-02T05:00:00Z",,,"0","0","Learning Labs","HIS","True","Denise.Patterer@va.gov","Desk",,"2025-12-02T05:00:00Z","Super User Training","105",,,,"Bldg. 9, RM205","True",,,,,,,"2025-12-19T17:38:18Z","2025-12-19T17:38:18Z","Kyle.Coder@va.gov","Kyle.Coder@va.gov","0","0","0",,,,,
"852","Learning Labs","Tenneil Zielaskowski – Bldg. 9, RM205, Desk 11 @ 12/02/2025 12:00 AM","Tenneil.Zielaskowski@va.gov","Bldg. 9, RM205, Desk 11","2025-12-03T04:00:00Z","2025-12-02T05:00:00Z",,,"0","0","Learning Labs","HIS","True","Denise.Patterer@va.gov","Desk",,"2025-12-02T05:00:00Z","Super User Training","105",,,,"Bldg. 9, RM205","True",,,,,,,"2025-12-19T17:38:17Z","2025-12-19T17:38:17Z","Kyle.Coder@va.gov","Kyle.Coder@va.gov","0","0","0",,,,,
"851","Learning Labs","Tenneil Zielaskowski – Bldg. 9, RM205, Desk 10 @ 12/02/2025 12:00 AM","Tenneil.Zielaskowski@va.gov","Bldg. 9, RM205, Desk 10","2025-12-03T04:00:00Z","2025-12-02T05:00:00Z",,,"0","0","Learning Labs","HIS","True","Denise.Patterer@va.gov","Desk",,"2025-12-02T05:00:00Z","Super User Training","105",,,,"Bldg. 9, RM205","True",,,,,,,"2025-12-19T17:38:17Z","2025-12-19T17:38:17Z","Kyle.Coder@va.gov","Kyle.Coder@va.gov","0","0","0",,,,,
"850","Learning Labs","Tenneil Zielaskowski – Bldg. 9, RM205, Desk 1  @ 12/02/2025 12:00 AM","Tenneil.Zielaskowski@va.gov","Bldg. 9, RM205, Desk 1 ","2025-12-03T04:00:00Z","2025-12-02T05:00:00Z",,,"0","0","Learning Labs","HIS","True","Denise.Patterer@va.gov","Desk",,"2025-12-02T05:00:00Z","Super User Training","105",,,,"Bldg. 9, RM205","True",,,,,,,"2025-12-19T17:38:17Z","2025-12-19T17:38:17Z","Kyle.Coder@va.gov","Kyle.Coder@va.gov","0","0","0",,,,,
"849","Learning Labs","Tenneil Zielaskowski – Bldg. 9, RM205, Desk 9 @ 12/01/2025 12:00 AM","Tenneil.Zielaskowski@va.gov","Bldg. 9, RM205, Desk 9","2025-12-02T04:00:00Z","2025-12-01T05:00:00Z",,,"0","0","Learning Labs","HIS","True","Denise.Patterer@va.gov","Desk",,"2025-12-01T05:00:00Z","Super User Training","104",,,,"Bldg. 9, RM205","True",,,,,,,"2025-12-19T17:38:16Z","2025-12-19T17:38:16Z","Kyle.Coder@va.gov","Kyle.Coder@va.gov","0","0","0",,,,,
"848","Learning Labs","Tenneil Zielaskowski – Bldg. 9, RM205, Desk 8 @ 12/01/2025 12:00 AM","Tenneil.Zielaskowski@va.gov","Bldg. 9, RM205, Desk 8","2025-12-02T04:00:00Z","2025-12-01T05:00:00Z",,,"0","0","Learning Labs","HIS","True","Denise.Patterer@va.gov","Desk",,"2025-12-01T05:00:00Z","Super User Training","104",,,,"Bldg. 9, RM205","True",,,,,,,"2025-12-19T17:38:16Z","2025-12-19T17:38:16Z","Kyle.Coder@va.gov","Kyle.Coder@va.gov","0","0","0",,,,,
"847","Learning Labs","Tenneil Zielaskowski – Bldg. 9, RM205, Desk 7 @ 12/01/2025 12:00 AM","Tenneil.Zielaskowski@va.gov","Bldg. 9, RM205, Desk 7","2025-12-02T04:00:00Z","2025-12-01T05:00:00Z",,,"0","0","Learning Labs","HIS","True","Denise.Patterer@va.gov","Desk",,"2025-12-01T05:00:00Z","Super User Training","104",,,,"Bldg. 9, RM205","True",,,,,,,"2025-12-19T17:38:16Z","2025-12-19T17:38:16Z","Kyle.Coder@va.gov","Kyle.Coder@va.gov","0","0","0",,,,,
"846","Learning Labs","Tenneil Zielaskowski – Bldg. 9, RM205, Desk 6 @ 12/01/2025 12:00 AM","Tenneil.Zielaskowski@va.gov","Bldg. 9, RM205, Desk 6","2025-12-02T04:00:00Z","2025-12-01T05:00:00Z",,,"0","0","Learning Labs","HIS","True","Denise.Patterer@va.gov","Desk",,"2025-12-01T05:00:00Z","Super User Training","104",,,,"Bldg. 9, RM205","True",,,,,,,"2025-12-19T17:38:16Z","2025-12-19T17:38:16Z","Kyle.Coder@va.gov","Kyle.Coder@va.gov","0","0","0",,,,,
"845","Learning Labs","Tenneil Zielaskowski – Bldg. 9, RM205, Desk 5 @ 12/01/2025 12:00 AM","Tenneil.Zielaskowski@va.gov","Bldg. 9, RM205, Desk 5","2025-12-02T04:00:00Z","2025-12-01T05:00:00Z",,,"0","0","Learning Labs","HIS","True","Denise.Patterer@va.gov","Desk",,"2025-12-01T05:00:00Z","Super User Training","104",,,,"Bldg. 9, RM205","True",,,,,,,"2025-12-19T17:38:16Z","2025-12-19T17:38:16Z","Kyle.Coder@va.gov","Kyle.Coder@va.gov","0","0","0",,,,,
"844","Learning Labs","Tenneil Zielaskowski – Bldg. 9, RM205, Desk 4 @ 12/01/2025 12:00 AM","Tenneil.Zielaskowski@va.gov","Bldg. 9, RM205, Desk 4","2025-12-02T04:00:00Z","2025-12-01T05:00:00Z",,,"0","0","Learning Labs","HIS","True","Denise.Patterer@va.gov","Desk",,"2025-12-01T05:00:00Z","Super User Training","104",,,,"Bldg. 9, RM205","True",,,,,,,"2025-12-19T17:38:15Z","2025-12-19T17:38:15Z","Kyle.Coder@va.gov","Kyle.Coder@va.gov","0","0","0",,,,,
"843","Learning Labs","Tenneil Zielaskowski – Bldg. 9, RM205, Desk 3 @ 12/01/2025 12:00 AM","Tenneil.Zielaskowski@va.gov","Bldg. 9, RM205, Desk 3","2025-12-02T04:00:00Z","2025-12-01T05:00:00Z",,,"0","0","Learning Labs","HIS","True","Denise.Patterer@va.gov","Desk",,"2025-12-01T05:00:00Z","Super User Training","104",,,,"Bldg. 9, RM205","True",,,,,,,"2025-12-19T17:38:15Z","2025-12-19T17:38:15Z","Kyle.Coder@va.gov","Kyle.Coder@va.gov","0","0","0",,,,,
"842","Learning Labs","Tenneil Zielaskowski – Bldg. 9, RM205, Desk 2 @ 12/01/2025 12:00 AM","Tenneil.Zielaskowski@va.gov","Bldg. 9, RM205, Desk 2","2025-12-02T04:00:00Z","2025-12-01T05:00:00Z",,,"0","0","Learning Labs","HIS","True","Denise.Patterer@va.gov","Desk",,"2025-12-01T05:00:00Z","Super User Training","104",,,,"Bldg. 9, RM205","True",,,,,,,"2025-12-19T17:38:15Z","2025-12-19T17:38:15Z","Kyle.Coder@va.gov","Kyle.Coder@va.gov","0","0","0",,,,,
"841","Learning Labs","Tenneil Zielaskowski – Bldg. 9, RM205, Desk 16 @ 12/01/2025 12:00 AM","Tenneil.Zielaskowski@va.gov","Bldg. 9, RM205, Desk 16","2025-12-02T04:00:00Z","2025-12-01T05:00:00Z",,,"0","0","Learning Labs","HIS","True","Denise.Patterer@va.gov","Desk",,"2025-12-01T05:00:00Z","Super User Training","104",,,,"Bldg. 9, RM205","True",,,,,,,"2025-12-19T17:38:15Z","2025-12-19T17:38:15Z","Kyle.Coder@va.gov","Kyle.Coder@va.gov","0","0","0",,,,,
"840","Learning Labs","Tenneil Zielaskowski – Bldg. 9, RM205, Desk 15 @ 12/01/2025 12:00 AM","Tenneil.Zielaskowski@va.gov","Bldg. 9, RM205, Desk 15","2025-12-02T04:00:00Z","2025-12-01T05:00:00Z",,,"0","0","Learning Labs","HIS","True","Denise.Patterer@va.gov","Desk",,"2025-12-01T05:00:00Z","Super User Training","104",,,,"Bldg. 9, RM205","True",,,,,,,"2025-12-19T17:38:14Z","2025-12-19T17:38:14Z","Kyle.Coder@va.gov","Kyle.Coder@va.gov","0","0","0",,,,,
"839","Learning Labs","Tenneil Zielaskowski – Bldg. 9, RM205, Desk 14 @ 12/01/2025 12:00 AM","Tenneil.Zielaskowski@va.gov","Bldg. 9, RM205, Desk 14","2025-12-02T04:00:00Z","2025-12-01T05:00:00Z",,,"0","0","Learning Labs","HIS","True","Denise.Patterer@va.gov","Desk",,"2025-12-01T05:00:00Z","Super User Training","104",,,,"Bldg. 9, RM205","True",,,,,,,"2025-12-19T17:38:14Z","2025-12-19T17:38:14Z","Kyle.Coder@va.gov","Kyle.Coder@va.gov","0","0","0",,,,,
"838","Learning Labs","Tenneil Zielaskowski – Bldg. 9, RM205, Desk 13 @ 12/01/2025 12:00 AM","Tenneil.Zielaskowski@va.gov","Bldg. 9, RM205, Desk 13","2025-12-02T04:00:00Z","2025-12-01T05:00:00Z",,,"0","0","Learning Labs","HIS","True","Denise.Patterer@va.gov","Desk",,"2025-12-01T05:00:00Z","Super User Training","104",,,,"Bldg. 9, RM205","True",,,,,,,"2025-12-19T17:38:14Z","2025-12-19T17:38:14Z","Kyle.Coder@va.gov","Kyle.Coder@va.gov","0","0","0",,,,,
"837","Learning Labs","Tenneil Zielaskowski – Bldg. 9, RM205, Desk 12 @ 12/01/2025 12:00 AM","Tenneil.Zielaskowski@va.gov","Bldg. 9, RM205, Desk 12","2025-12-02T04:00:00Z","2025-12-01T05:00:00Z",,,"0","0","Learning Labs","HIS","True","Denise.Patterer@va.gov","Desk",,"2025-12-01T05:00:00Z","Super User Training","104",,,,"Bldg. 9, RM205","True",,,,,,,"2025-12-19T17:38:14Z","2025-12-19T17:38:14Z","Kyle.Coder@va.gov","Kyle.Coder@va.gov","0","0","0",,,,,
"836","Learning Labs","Tenneil Zielaskowski – Bldg. 9, RM205, Desk 11 @ 12/01/2025 12:00 AM","Tenneil.Zielaskowski@va.gov","Bldg. 9, RM205, Desk 11","2025-12-02T04:00:00Z","2025-12-01T05:00:00Z",,,"0","0","Learning Labs","HIS","True","Denise.Patterer@va.gov","Desk",,"2025-12-01T05:00:00Z","Super User Training","104",,,,"Bldg. 9, RM205","True",,,,,,,"2025-12-19T17:38:14Z","2025-12-19T17:38:14Z","Kyle.Coder@va.gov","Kyle.Coder@va.gov","0","0","0",,,,,
"835","Learning Labs","Tenneil Zielaskowski – Bldg. 9, RM205, Desk 10 @ 12/01/2025 12:00 AM","Tenneil.Zielaskowski@va.gov","Bldg. 9, RM205, Desk 10","2025-12-02T04:00:00Z","2025-12-01T05:00:00Z",,,"0","0","Learning Labs","HIS","True","Denise.Patterer@va.gov","Desk",,"2025-12-01T05:00:00Z","Super User Training","104",,,,"Bldg. 9, RM205","True",,,,,,,"2025-12-19T17:38:13Z","2025-12-19T17:38:13Z","Kyle.Coder@va.gov","Kyle.Coder@va.gov","0","0","0",,,,,
"834","Learning Labs","Tenneil Zielaskowski – Bldg. 9, RM205, Desk 1  @ 12/01/2025 12:00 AM","Tenneil.Zielaskowski@va.gov","Bldg. 9, RM205, Desk 1 ","2025-12-02T04:00:00Z","2025-12-01T05:00:00Z",,,"0","0","Learning Labs","HIS","True","Denise.Patterer@va.gov","Desk",,"2025-12-01T05:00:00Z","Super User Training","104",,,,"Bldg. 9, RM205","True",,,,,,,"2025-12-19T17:38:13Z","2025-12-19T17:38:13Z","Kyle.Coder@va.gov","Kyle.Coder@va.gov","0","0","0",,,,,
"833","Learning Labs","Tenneil Zielaskowski – Bldg. 9, RM205, Desk 9 @ 11/20/2025 12:00 AM","Tenneil.Zielaskowski@va.gov","Bldg. 9, RM205, Desk 9","2025-11-21T04:00:00Z","2025-11-20T05:00:00Z",,,"0","0","Learning Labs","HIS","True","Denise.Patterer@va.gov","Desk",,"2025-11-20T05:00:00Z","Super User Training","103",,,,"Bldg. 9, RM205","True",,,,,,,"2025-12-19T17:38:13Z","2025-12-19T17:38:13Z","Kyle.Coder@va.gov","Kyle.Coder@va.gov","0","0","0",,,,,
"832","Learning Labs","Tenneil Zielaskowski – Bldg. 9, RM205, Desk 8 @ 11/20/2025 12:00 AM","Tenneil.Zielaskowski@va.gov","Bldg. 9, RM205, Desk 8","2025-11-21T04:00:00Z","2025-11-20T05:00:00Z",,,"0","0","Learning Labs","HIS","True","Denise.Patterer@va.gov","Desk",,"2025-11-20T05:00:00Z","Super User Training","103",,,,"Bldg. 9, RM205","True",,,,,,,"2025-12-19T17:38:13Z","2025-12-19T17:38:13Z","Kyle.Coder@va.gov","Kyle.Coder@va.gov","0","0","0",,,,,
"831","Learning Labs","Tenneil Zielaskowski – Bldg. 9, RM205, Desk 7 @ 11/20/2025 12:00 AM","Tenneil.Zielaskowski@va.gov","Bldg. 9, RM205, Desk 7","2025-11-21T04:00:00Z","2025-11-20T05:00:00Z",,,"0","0","Learning Labs","HIS","True","Denise.Patterer@va.gov","Desk",,"2025-11-20T05:00:00Z","Super User Training","103",,,,"Bldg. 9, RM205","True",,,,,,,"2025-12-19T17:38:12Z","2025-12-19T17:38:12Z","Kyle.Coder@va.gov","Kyle.Coder@va.gov","0","0","0",,,,,
"830","Learning Labs","Tenneil Zielaskowski – Bldg. 9, RM205, Desk 6 @ 11/20/2025 12:00 AM","Tenneil.Zielaskowski@va.gov","Bldg. 9, RM205, Desk 6","2025-11-21T04:00:00Z","2025-11-20T05:00:00Z",,,"0","0","Learning Labs","HIS","True","Denise.Patterer@va.gov","Desk",,"2025-11-20T05:00:00Z","Super User Training","103",,,,"Bldg. 9, RM205","True",,,,,,,"2025-12-19T17:38:12Z","2025-12-19T17:38:12Z","Kyle.Coder@va.gov","Kyle.Coder@va.gov","0","0","0",,,,,
"829","Learning Labs","Tenneil Zielaskowski – Bldg. 9, RM205, Desk 5 @ 11/20/2025 12:00 AM","Tenneil.Zielaskowski@va.gov","Bldg. 9, RM205, Desk 5","2025-11-21T04:00:00Z","2025-11-20T05:00:00Z",,,"0","0","Learning Labs","HIS","True","Denise.Patterer@va.gov","Desk",,"2025-11-20T05:00:00Z","Super User Training","103",,,,"Bldg. 9, RM205","True",,,,,,,"2025-12-19T17:38:12Z","2025-12-19T17:38:12Z","Kyle.Coder@va.gov","Kyle.Coder@va.gov","0","0","0",,,,,
"828","Learning Labs","Tenneil Zielaskowski – Bldg. 9, RM205, Desk 4 @ 11/20/2025 12:00 AM","Tenneil.Zielaskowski@va.gov","Bldg. 9, RM205, Desk 4","2025-11-21T04:00:00Z","2025-11-20T05:00:00Z",,,"0","0","Learning Labs","HIS","True","Denise.Patterer@va.gov","Desk",,"2025-11-20T05:00:00Z","Super User Training","103",,,,"Bldg. 9, RM205","True",,,,,,,"2025-12-19T17:38:12Z","2025-12-19T17:38:12Z","Kyle.Coder@va.gov","Kyle.Coder@va.gov","0","0","0",,,,,
"827","Learning Labs","Tenneil Zielaskowski – Bldg. 9, RM205, Desk 3 @ 11/20/2025 12:00 AM","Tenneil.Zielaskowski@va.gov","Bldg. 9, RM205, Desk 3","2025-11-21T04:00:00Z","2025-11-20T05:00:00Z",,,"0","0","Learning Labs","HIS","True","Denise.Patterer@va.gov","Desk",,"2025-11-20T05:00:00Z","Super User Training","103",,,,"Bldg. 9, RM205","True",,,,,,,"2025-12-19T17:38:11Z","2025-12-19T17:38:11Z","Kyle.Coder@va.gov","Kyle.Coder@va.gov","0","0","0",,,,,
"826","Learning Labs","Tenneil Zielaskowski – Bldg. 9, RM205, Desk 2 @ 11/20/2025 12:00 AM","Tenneil.Zielaskowski@va.gov","Bldg. 9, RM205, Desk 2","2025-11-21T04:00:00Z","2025-11-20T05:00:00Z",,,"0","0","Learning Labs","HIS","True","Denise.Patterer@va.gov","Desk",,"2025-11-20T05:00:00Z","Super User Training","103",,,,"Bldg. 9, RM205","True",,,,,,,"2025-12-19T17:38:11Z","2025-12-19T17:38:11Z","Kyle.Coder@va.gov","Kyle.Coder@va.gov","0","0","0",,,,,
"825","Learning Labs","Tenneil Zielaskowski – Bldg. 9, RM205, Desk 16 @ 11/20/2025 12:00 AM","Tenneil.Zielaskowski@va.gov","Bldg. 9, RM205, Desk 16","2025-11-21T04:00:00Z","2025-11-20T05:00:00Z",,,"0","0","Learning Labs","HIS","True","Denise.Patterer@va.gov","Desk",,"2025-11-20T05:00:00Z","Super User Training","103",,,,"Bldg. 9, RM205","True",,,,,,,"2025-12-19T17:38:11Z","2025-12-19T17:38:11Z","Kyle.Coder@va.gov","Kyle.Coder@va.gov","0","0","0",,,,,
"824","Learning Labs","Tenneil Zielaskowski – Bldg. 9, RM205, Desk 15 @ 11/20/2025 12:00 AM","Tenneil.Zielaskowski@va.gov","Bldg. 9, RM205, Desk 15","2025-11-21T04:00:00Z","2025-11-20T05:00:00Z",,,"0","0","Learning Labs","HIS","True","Denise.Patterer@va.gov","Desk",,"2025-11-20T05:00:00Z","Super User Training","103",,,,"Bldg. 9, RM205","True",,,,,,,"2025-12-19T17:38:11Z","2025-12-19T17:38:11Z","Kyle.Coder@va.gov","Kyle.Coder@va.gov","0","0","0",,,,,
"823","Learning Labs","Tenneil Zielaskowski – Bldg. 9, RM205, Desk 14 @ 11/20/2025 12:00 AM","Tenneil.Zielaskowski@va.gov","Bldg. 9, RM205, Desk 14","2025-11-21T04:00:00Z","2025-11-20T05:00:00Z",,,"0","0","Learning Labs","HIS","True","Denise.Patterer@va.gov","Desk",,"2025-11-20T05:00:00Z","Super User Training","103",,,,"Bldg. 9, RM205","True",,,,,,,"2025-12-19T17:38:11Z","2025-12-19T17:38:11Z","Kyle.Coder@va.gov","Kyle.Coder@va.gov","0","0","0",,,,,
"822","Learning Labs","Tenneil Zielaskowski – Bldg. 9, RM205, Desk 13 @ 11/20/2025 12:00 AM","Tenneil.Zielaskowski@va.gov","Bldg. 9, RM205, Desk 13","2025-11-21T04:00:00Z","2025-11-20T05:00:00Z",,,"0","0","Learning Labs","HIS","True","Denise.Patterer@va.gov","Desk",,"2025-11-20T05:00:00Z","Super User Training","103",,,,"Bldg. 9, RM205","True",,,,,,,"2025-12-19T17:38:10Z","2025-12-19T17:38:10Z","Kyle.Coder@va.gov","Kyle.Coder@va.gov","0","0","0",,,,,
"821","Learning Labs","Tenneil Zielaskowski – Bldg. 9, RM205, Desk 12 @ 11/20/2025 12:00 AM","Tenneil.Zielaskowski@va.gov","Bldg. 9, RM205, Desk 12","2025-11-21T04:00:00Z","2025-11-20T05:00:00Z",,,"0","0","Learning Labs","HIS","True","Denise.Patterer@va.gov","Desk",,"2025-11-20T05:00:00Z","Super User Training","103",,,,"Bldg. 9, RM205","True",,,,,,,"2025-12-19T17:38:10Z","2025-12-19T17:38:10Z","Kyle.Coder@va.gov","Kyle.Coder@va.gov","0","0","0",,,,,
"820","Learning Labs","Tenneil Zielaskowski – Bldg. 9, RM205, Desk 11 @ 11/20/2025 12:00 AM","Tenneil.Zielaskowski@va.gov","Bldg. 9, RM205, Desk 11","2025-11-21T04:00:00Z","2025-11-20T05:00:00Z",,,"0","0","Learning Labs","HIS","True","Denise.Patterer@va.gov","Desk",,"2025-11-20T05:00:00Z","Super User Training","103",,,,"Bldg. 9, RM205","True",,,,,,,"2025-12-19T17:38:10Z","2025-12-19T17:38:10Z","Kyle.Coder@va.gov","Kyle.Coder@va.gov","0","0","0",,,,,
"819","Learning Labs","Tenneil Zielaskowski – Bldg. 9, RM205, Desk 10 @ 11/20/2025 12:00 AM","Tenneil.Zielaskowski@va.gov","Bldg. 9, RM205, Desk 10","2025-11-21T04:00:00Z","2025-11-20T05:00:00Z",,,"0","0","Learning Labs","HIS","True","Denise.Patterer@va.gov","Desk",,"2025-11-20T05:00:00Z","Super User Training","103",,,,"Bldg. 9, RM205","True",,,,,,,"2025-12-19T17:38:10Z","2025-12-19T17:38:10Z","Kyle.Coder@va.gov","Kyle.Coder@va.gov","0","0","0",,,,,
"818","Learning Labs","Tenneil Zielaskowski – Bldg. 9, RM205, Desk 1  @ 11/20/2025 12:00 AM","Tenneil.Zielaskowski@va.gov","Bldg. 9, RM205, Desk 1 ","2025-11-21T04:00:00Z","2025-11-20T05:00:00Z",,,"0","0","Learning Labs","HIS","True","Denise.Patterer@va.gov","Desk",,"2025-11-20T05:00:00Z","Super User Training","103",,,,"Bldg. 9, RM205","True",,,,,,,"2025-12-19T17:38:09Z","2025-12-19T17:38:09Z","Kyle.Coder@va.gov","Kyle.Coder@va.gov","0","0","0",,,,,
"817","Learning Labs","Tenneil Zielaskowski – Bldg. 9, RM205, Desk 16 @ 11/19/2025 12:00 AM","Tenneil.Zielaskowski@va.gov","Bldg. 9, RM205, Desk 16","2025-11-20T04:00:00Z","2025-11-19T05:00:00Z",,,"0","0","Learning Labs","HIS","True","Denise.Patterer@va.gov","Desk",,"2025-11-19T05:00:00Z","Super User Training","102",,,,"Bldg. 9, RM205","True",,,,,,,"2025-12-19T17:38:09Z","2025-12-19T17:38:09Z","Kyle.Coder@va.gov","Kyle.Coder@va.gov","0","0","0",,,,,
"816","Learning Labs","Tenneil Zielaskowski – Bldg. 9, RM205, Desk 15 @ 11/19/2025 12:00 AM","Tenneil.Zielaskowski@va.gov","Bldg. 9, RM205, Desk 15","2025-11-20T04:00:00Z","2025-11-19T05:00:00Z",,,"0","0","Learning Labs","HIS","True","Denise.Patterer@va.gov","Desk",,"2025-11-19T05:00:00Z","Super User Training","102",,,,"Bldg. 9, RM205","True",,,,,,,"2025-12-19T17:38:09Z","2025-12-19T17:38:09Z","Kyle.Coder@va.gov","Kyle.Coder@va.gov","0","0","0",,,,,
"815","Learning Labs","Tenneil Zielaskowski – Bldg. 9, RM205, Desk 14 @ 11/19/2025 12:00 AM","Tenneil.Zielaskowski@va.gov","Bldg. 9, RM205, Desk 14","2025-11-20T04:00:00Z","2025-11-19T05:00:00Z",,,"0","0","Learning Labs","HIS","True","Denise.Patterer@va.gov","Desk",,"2025-11-19T05:00:00Z","Super User Training","102",,,,"Bldg. 9, RM205","True",,,,,,,"2025-12-19T17:38:09Z","2025-12-19T17:38:09Z","Kyle.Coder@va.gov","Kyle.Coder@va.gov","0","0","0",,,,,
"814","Learning Labs","Tenneil Zielaskowski – Bldg. 9, RM205, Desk 13 @ 11/19/2025 12:00 AM","Tenneil.Zielaskowski@va.gov","Bldg. 9, RM205, Desk 13","2025-11-20T04:00:00Z","2025-11-19T05:00:00Z",,,"0","0","Learning Labs","HIS","True","Denise.Patterer@va.gov","Desk",,"2025-11-19T05:00:00Z","Super User Training","102",,,,"Bldg. 9, RM205","True",,,,,,,"2025-12-19T17:38:09Z","2025-12-19T17:38:09Z","Kyle.Coder@va.gov","Kyle.Coder@va.gov","0","0","0",,,,,
"813","Learning Labs","Tenneil Zielaskowski – Bldg. 9, RM205, Desk 12 @ 11/19/2025 12:00 AM","Tenneil.Zielaskowski@va.gov","Bldg. 9, RM205, Desk 12","2025-11-20T04:00:00Z","2025-11-19T05:00:00Z",,,"0","0","Learning Labs","HIS","True","Denise.Patterer@va.gov","Desk",,"2025-11-19T05:00:00Z","Super User Training","102",,,,"Bldg. 9, RM205","True",,,,,,,"2025-12-19T17:38:08Z","2025-12-19T17:38:08Z","Kyle.Coder@va.gov","Kyle.Coder@va.gov","0","0","0",,,,,
"812","Learning Labs","Tenneil Zielaskowski – Bldg. 9, RM205, Desk 11 @ 11/19/2025 12:00 AM","Tenneil.Zielaskowski@va.gov","Bldg. 9, RM205, Desk 11","2025-11-20T04:00:00Z","2025-11-19T05:00:00Z",,,"0","0","Learning Labs","HIS","True","Denise.Patterer@va.gov","Desk",,"2025-11-19T05:00:00Z","Super User Training","102",,,,"Bldg. 9, RM205","True",,,,,,,"2025-12-19T17:38:08Z","2025-12-19T17:38:08Z","Kyle.Coder@va.gov","Kyle.Coder@va.gov","0","0","0",,,,,
"811","Learning Labs","Tenneil Zielaskowski – Bldg. 9, RM205, Desk 10 @ 11/19/2025 12:00 AM","Tenneil.Zielaskowski@va.gov","Bldg. 9, RM205, Desk 10","2025-11-20T04:00:00Z","2025-11-19T05:00:00Z",,,"0","0","Learning Labs","HIS","True","Denise.Patterer@va.gov","Desk",,"2025-11-19T05:00:00Z","Super User Training","102",,,,"Bldg. 9, RM205","True",,,,,,,"2025-12-19T17:38:08Z","2025-12-19T17:38:08Z","Kyle.Coder@va.gov","Kyle.Coder@va.gov","0","0","0",,,,,
"810","Learning Labs","Tenneil Zielaskowski – Bldg. 9, RM205, Desk 9 @ 11/19/2025 12:00 AM","Tenneil.Zielaskowski@va.gov","Bldg. 9, RM205, Desk 9","2025-11-20T04:00:00Z","2025-11-19T05:00:00Z",,,"0","0","Learning Labs","HIS","True","Denise.Patterer@va.gov","Desk",,"2025-11-19T05:00:00Z","Super User Training","102",,,,"Bldg. 9, RM205","True",,,,,,,"2025-12-19T17:38:08Z","2025-12-19T17:38:08Z","Kyle.Coder@va.gov","Kyle.Coder@va.gov","0","0","0",,,,,
"809","Learning Labs","Tenneil Zielaskowski – Bldg. 9, RM205, Desk 8 @ 11/19/2025 12:00 AM","Tenneil.Zielaskowski@va.gov","Bldg. 9, RM205, Desk 8","2025-11-20T04:00:00Z","2025-11-19T05:00:00Z",,,"0","0","Learning Labs","HIS","True","Denise.Patterer@va.gov","Desk",,"2025-11-19T05:00:00Z","Super User Training","102",,,,"Bldg. 9, RM205","True",,,,,,,"2025-12-19T17:38:08Z","2025-12-19T17:38:08Z","Kyle.Coder@va.gov","Kyle.Coder@va.gov","0","0","0",,,,,
"808","Learning Labs","Tenneil Zielaskowski – Bldg. 9, RM205, Desk 7 @ 11/19/2025 12:00 AM","Tenneil.Zielaskowski@va.gov","Bldg. 9, RM205, Desk 7","2025-11-20T04:00:00Z","2025-11-19T05:00:00Z",,,"0","0","Learning Labs","HIS","True","Denise.Patterer@va.gov","Desk",,"2025-11-19T05:00:00Z","Super User Training","102",,,,"Bldg. 9, RM205","True",,,,,,,"2025-12-19T17:38:07Z","2025-12-19T17:38:07Z","Kyle.Coder@va.gov","Kyle.Coder@va.gov","0","0","0",,,,,
"807","Learning Labs","Tenneil Zielaskowski – Bldg. 9, RM205, Desk 6 @ 11/19/2025 12:00 AM","Tenneil.Zielaskowski@va.gov","Bldg. 9, RM205, Desk 6","2025-11-20T04:00:00Z","2025-11-19T05:00:00Z",,,"0","0","Learning Labs","HIS","True","Denise.Patterer@va.gov","Desk",,"2025-11-19T05:00:00Z","Super User Training","102",,,,"Bldg. 9, RM205","True",,,,,,,"2025-12-19T17:38:07Z","2025-12-19T17:38:07Z","Kyle.Coder@va.gov","Kyle.Coder@va.gov","0","0","0",,,,,
"806","Learning Labs","Tenneil Zielaskowski – Bldg. 9, RM205, Desk 5 @ 11/19/2025 12:00 AM","Tenneil.Zielaskowski@va.gov","Bldg. 9, RM205, Desk 5","2025-11-20T04:00:00Z","2025-11-19T05:00:00Z",,,"0","0","Learning Labs","HIS","True","Denise.Patterer@va.gov","Desk",,"2025-11-19T05:00:00Z","Super User Training","102",,,,"Bldg. 9, RM205","True",,,,,,,"2025-12-19T17:38:07Z","2025-12-19T17:38:07Z","Kyle.Coder@va.gov","Kyle.Coder@va.gov","0","0","0",,,,,
"805","Learning Labs","Tenneil Zielaskowski – Bldg. 9, RM205, Desk 4 @ 11/19/2025 12:00 AM","Tenneil.Zielaskowski@va.gov","Bldg. 9, RM205, Desk 4","2025-11-20T04:00:00Z","2025-11-19T05:00:00Z",,,"0","0","Learning Labs","HIS","True","Denise.Patterer@va.gov","Desk",,"2025-11-19T05:00:00Z","Super User Training","102",,,,"Bldg. 9, RM205","True",,,,,,,"2025-12-19T17:38:07Z","2025-12-19T17:38:07Z","Kyle.Coder@va.gov","Kyle.Coder@va.gov","0","0","0",,,,,
"804","Learning Labs","Tenneil Zielaskowski – Bldg. 9, RM205, Desk 3 @ 11/19/2025 12:00 AM","Tenneil.Zielaskowski@va.gov","Bldg. 9, RM205, Desk 3","2025-11-20T04:00:00Z","2025-11-19T05:00:00Z",,,"0","0","Learning Labs","HIS","True","Denise.Patterer@va.gov","Desk",,"2025-11-19T05:00:00Z","Super User Training","102",,,,"Bldg. 9, RM205","True",,,,,,,"2025-12-19T17:38:06Z","2025-12-19T17:38:06Z","Kyle.Coder@va.gov","Kyle.Coder@va.gov","0","0","0",,,,,
"803","Learning Labs","Tenneil Zielaskowski – Bldg. 9, RM205, Desk 2 @ 11/19/2025 12:00 AM","Tenneil.Zielaskowski@va.gov","Bldg. 9, RM205, Desk 2","2025-11-20T04:00:00Z","2025-11-19T05:00:00Z",,,"0","0","Learning Labs","HIS","True","Denise.Patterer@va.gov","Desk",,"2025-11-19T05:00:00Z","Super User Training","102",,,,"Bldg. 9, RM205","True",,,,,,,"2025-12-19T17:38:06Z","2025-12-19T17:38:06Z","Kyle.Coder@va.gov","Kyle.Coder@va.gov","0","0","0",,,,,
"802","Learning Labs","Tenneil Zielaskowski – Bldg. 9, RM205, Desk 1  @ 11/19/2025 12:00 AM","Tenneil.Zielaskowski@va.gov","Bldg. 9, RM205, Desk 1 ","2025-11-20T04:00:00Z","2025-11-19T05:00:00Z",,,"0","0","Learning Labs","HIS","True","Denise.Patterer@va.gov","Desk",,"2025-11-19T05:00:00Z","Super User Training","102",,,,"Bldg. 9, RM205","True",,,,,,,"2025-12-19T17:38:06Z","2025-12-19T17:38:06Z","Kyle.Coder@va.gov","Kyle.Coder@va.gov","0","0","0",,,,,
"801","Learning Labs","Tenneil Zielaskowski – Wyoming CBOC, RM1M103, Desk 9 @ 01/08/2026 12:00 AM","Tenneil.Zielaskowski@va.gov","Wyoming CBOC, RM1M103, Desk 9","2026-01-09T04:00:00Z","2026-01-08T05:00:00Z",,,"0","0","Learning Labs","HIS","True","Denise.Patterer@va.gov","Desk",,"2026-01-08T05:00:00Z","Super User Training","101",,,,"Wyoming CBOC, RM1M103","True",,,,,,,"2025-12-19T17:38:06Z","2025-12-19T17:38:06Z","Kyle.Coder@va.gov","Kyle.Coder@va.gov","0","0","0",,,,,
"800","Learning Labs","Tenneil Zielaskowski – Wyoming CBOC, RM1M103, Desk 8 @ 01/08/2026 12:00 AM","Tenneil.Zielaskowski@va.gov","Wyoming CBOC, RM1M103, Desk 8","2026-01-09T04:00:00Z","2026-01-08T05:00:00Z",,,"0","0","Learning Labs","HIS","True","Denise.Patterer@va.gov","Desk",,"2026-01-08T05:00:00Z","Super User Training","101",,,,"Wyoming CBOC, RM1M103","True",,,,,,,"2025-12-19T17:38:06Z","2025-12-19T17:38:06Z","Kyle.Coder@va.gov","Kyle.Coder@va.gov","0","0","0",,,,,
"799","Learning Labs","Tenneil Zielaskowski – Wyoming CBOC, RM1M103, Desk 7 @ 01/08/2026 12:00 AM","Tenneil.Zielaskowski@va.gov","Wyoming CBOC, RM1M103, Desk 7","2026-01-09T04:00:00Z","2026-01-08T05:00:00Z",,,"0","0","Learning Labs","HIS","True","Denise.Patterer@va.gov","Desk",,"2026-01-08T05:00:00Z","Super User Training","101",,,,"Wyoming CBOC, RM1M103","True",,,,,,,"2025-12-19T17:38:06Z","2025-12-19T17:38:06Z","Kyle.Coder@va.gov","Kyle.Coder@va.gov","0","0","0",,,,,
"798","Learning Labs","Tenneil Zielaskowski – Wyoming CBOC, RM1M103, Desk 6 @ 01/08/2026 12:00 AM","Tenneil.Zielaskowski@va.gov","Wyoming CBOC, RM1M103, Desk 6","2026-01-09T04:00:00Z","2026-01-08T05:00:00Z",,,"0","0","Learning Labs","HIS","True","Denise.Patterer@va.gov","Desk",,"2026-01-08T05:00:00Z","Super User Training","101",,,,"Wyoming CBOC, RM1M103","True",,,,,,,"2025-12-19T17:38:06Z","2025-12-19T17:38:06Z","Kyle.Coder@va.gov","Kyle.Coder@va.gov","0","0","0",,,,,
"797","Learning Labs","Tenneil Zielaskowski – Wyoming CBOC, RM1M103, Desk 5 @ 01/08/2026 12:00 AM","Tenneil.Zielaskowski@va.gov","Wyoming CBOC, RM1M103, Desk 5","2026-01-09T04:00:00Z","2026-01-08T05:00:00Z",,,"0","0","Learning Labs","HIS","True","Denise.Patterer@va.gov","Desk",,"2026-01-08T05:00:00Z","Super User Training","101",,,,"Wyoming CBOC, RM1M103","True",,,,,,,"2025-12-19T17:38:06Z","2025-12-19T17:38:06Z","Kyle.Coder@va.gov","Kyle.Coder@va.gov","0","0","0",,,,,
"796","Learning Labs","Tenneil Zielaskowski – Wyoming CBOC, RM1M103, Desk 4 @ 01/08/2026 12:00 AM","Tenneil.Zielaskowski@va.gov","Wyoming CBOC, RM1M103, Desk 4","2026-01-09T04:00:00Z","2026-01-08T05:00:00Z",,,"0","0","Learning Labs","HIS","True","Denise.Patterer@va.gov","Desk",,"2026-01-08T05:00:00Z","Super User Training","101",,,,"Wyoming CBOC, RM1M103","True",,,,,,,"2025-12-19T17:38:05Z","2025-12-19T17:38:05Z","Kyle.Coder@va.gov","Kyle.Coder@va.gov","0","0","0",,,,,
"795","Learning Labs","Tenneil Zielaskowski – Wyoming CBOC, RM1M103, Desk 3 @ 01/08/2026 12:00 AM","Tenneil.Zielaskowski@va.gov","Wyoming CBOC, RM1M103, Desk 3","2026-01-09T04:00:00Z","2026-01-08T05:00:00Z",,,"0","0","Learning Labs","HIS","True","Denise.Patterer@va.gov","Desk",,"2026-01-08T05:00:00Z","Super User Training","101",,,,"Wyoming CBOC, RM1M103","True",,,,,,,"2025-12-19T17:38:05Z","2025-12-19T17:38:05Z","Kyle.Coder@va.gov","Kyle.Coder@va.gov","0","0","0",,,,,
"794","Learning Labs","Tenneil Zielaskowski – Wyoming CBOC, RM1M103, Desk 2 @ 01/08/2026 12:00 AM","Tenneil.Zielaskowski@va.gov","Wyoming CBOC, RM1M103, Desk 2","2026-01-09T04:00:00Z","2026-01-08T05:00:00Z",,,"0","0","Learning Labs","HIS","True","Denise.Patterer@va.gov","Desk",,"2026-01-08T05:00:00Z","Super User Training","101",,,,"Wyoming CBOC, RM1M103","True",,,,,,,"2025-12-19T17:38:05Z","2025-12-19T17:38:05Z","Kyle.Coder@va.gov","Kyle.Coder@va.gov","0","0","0",,,,,
"793","Learning Labs","Tenneil Zielaskowski – Wyoming CBOC, RM1M103, Desk 14 @ 01/08/2026 12:00 AM","Tenneil.Zielaskowski@va.gov","Wyoming CBOC, RM1M103, Desk 14","2026-01-09T04:00:00Z","2026-01-08T05:00:00Z",,,"0","0","Learning Labs","HIS","True","Denise.Patterer@va.gov","Desk",,"2026-01-08T05:00:00Z","Super User Training","101",,,,"Wyoming CBOC, RM1M103","True",,,,,,,"2025-12-19T17:38:05Z","2025-12-19T17:38:05Z","Kyle.Coder@va.gov","Kyle.Coder@va.gov","0","0","0",,,,,
"792","Learning Labs","Tenneil Zielaskowski – Wyoming CBOC, RM1M103, Desk 13 @ 01/08/2026 12:00 AM","Tenneil.Zielaskowski@va.gov","Wyoming CBOC, RM1M103, Desk 13","2026-01-09T04:00:00Z","2026-01-08T05:00:00Z",,,"0","0","Learning Labs","HIS","True","Denise.Patterer@va.gov","Desk",,"2026-01-08T05:00:00Z","Super User Training","101",,,,"Wyoming CBOC, RM1M103","True",,,,,,,"2025-12-19T17:38:05Z","2025-12-19T17:38:05Z","Kyle.Coder@va.gov","Kyle.Coder@va.gov","0","0","0",,,,,
"791","Learning Labs","Tenneil Zielaskowski – Wyoming CBOC, RM1M103, Desk 12 @ 01/08/2026 12:00 AM","Tenneil.Zielaskowski@va.gov","Wyoming CBOC, RM1M103, Desk 12","2026-01-09T04:00:00Z","2026-01-08T05:00:00Z",,,"0","0","Learning Labs","HIS","True","Denise.Patterer@va.gov","Desk",,"2026-01-08T05:00:00Z","Super User Training","101",,,,"Wyoming CBOC, RM1M103","True",,,,,,,"2025-12-19T17:38:04Z","2025-12-19T17:38:04Z","Kyle.Coder@va.gov","Kyle.Coder@va.gov","0","0","0",,,,,
"790","Learning Labs","Tenneil Zielaskowski – Wyoming CBOC, RM1M103, Desk 11 @ 01/08/2026 12:00 AM","Tenneil.Zielaskowski@va.gov","Wyoming CBOC, RM1M103, Desk 11","2026-01-09T04:00:00Z","2026-01-08T05:00:00Z",,,"0","0","Learning Labs","HIS","True","Denise.Patterer@va.gov","Desk",,"2026-01-08T05:00:00Z","Super User Training","101",,,,"Wyoming CBOC, RM1M103","True",,,,,,,"2025-12-19T17:38:04Z","2025-12-19T17:38:04Z","Kyle.Coder@va.gov","Kyle.Coder@va.gov","0","0","0",,,,,
"789","Learning Labs","Tenneil Zielaskowski – Wyoming CBOC, RM1M103, Desk 10 @ 01/08/2026 12:00 AM","Tenneil.Zielaskowski@va.gov","Wyoming CBOC, RM1M103, Desk 10","2026-01-09T04:00:00Z","2026-01-08T05:00:00Z",,,"0","0","Learning Labs","HIS","True","Denise.Patterer@va.gov","Desk",,"2026-01-08T05:00:00Z","Super User Training","101",,,,"Wyoming CBOC, RM1M103","True",,,,,,,"2025-12-19T17:38:04Z","2025-12-19T17:38:04Z","Kyle.Coder@va.gov","Kyle.Coder@va.gov","0","0","0",,,,,
"788","Learning Labs","Tenneil Zielaskowski – Wyoming CBOC, RM1M103, Desk 1 @ 01/08/2026 12:00 AM","Tenneil.Zielaskowski@va.gov","Wyoming CBOC, RM1M103, Desk 1","2026-01-09T04:00:00Z","2026-01-08T05:00:00Z",,,"0","0","Learning Labs","HIS","True","Denise.Patterer@va.gov","Desk",,"2026-01-08T05:00:00Z","Super User Training","101",,,,"Wyoming CBOC, RM1M103","True",,,,,,,"2025-12-19T17:38:04Z","2025-12-19T17:38:04Z","Kyle.Coder@va.gov","Kyle.Coder@va.gov","0","0","0",,,,,
"787","Learning Labs","Tenneil Zielaskowski – Wyoming CBOC, RM1M103, Desk 9 @ 01/07/2026 12:00 AM","Tenneil.Zielaskowski@va.gov","Wyoming CBOC, RM1M103, Desk 9","2026-01-08T04:00:00Z","2026-01-07T05:00:00Z",,,"0","0","Learning Labs","HIS","True","Denise.Patterer@va.gov","Desk",,"2026-01-07T05:00:00Z","Super User Training","100",,,,"Wyoming CBOC, RM1M103","True",,,,,,,"2025-12-19T17:38:03Z","2025-12-19T17:38:03Z","Kyle.Coder@va.gov","Kyle.Coder@va.gov","0","0","0",,,,,
"786","Learning Labs","Tenneil Zielaskowski – Wyoming CBOC, RM1M103, Desk 8 @ 01/07/2026 12:00 AM","Tenneil.Zielaskowski@va.gov","Wyoming CBOC, RM1M103, Desk 8","2026-01-08T04:00:00Z","2026-01-07T05:00:00Z",,,"0","0","Learning Labs","HIS","True","Denise.Patterer@va.gov","Desk",,"2026-01-07T05:00:00Z","Super User Training","100",,,,"Wyoming CBOC, RM1M103","True",,,,,,,"2025-12-19T17:38:03Z","2025-12-19T17:38:03Z","Kyle.Coder@va.gov","Kyle.Coder@va.gov","0","0","0",,,,,
"785","Learning Labs","Tenneil Zielaskowski – Wyoming CBOC, RM1M103, Desk 7 @ 01/07/2026 12:00 AM","Tenneil.Zielaskowski@va.gov","Wyoming CBOC, RM1M103, Desk 7","2026-01-08T04:00:00Z","2026-01-07T05:00:00Z",,,"0","0","Learning Labs","HIS","True","Denise.Patterer@va.gov","Desk",,"2026-01-07T05:00:00Z","Super User Training","100",,,,"Wyoming CBOC, RM1M103","True",,,,,,,"2025-12-19T17:38:03Z","2025-12-19T17:38:03Z","Kyle.Coder@va.gov","Kyle.Coder@va.gov","0","0","0",,,,,
"784","Learning Labs","Tenneil Zielaskowski – Wyoming CBOC, RM1M103, Desk 6 @ 01/07/2026 12:00 AM","Tenneil.Zielaskowski@va.gov","Wyoming CBOC, RM1M103, Desk 6","2026-01-08T04:00:00Z","2026-01-07T05:00:00Z",,,"0","0","Learning Labs","HIS","True","Denise.Patterer@va.gov","Desk",,"2026-01-07T05:00:00Z","Super User Training","100",,,,"Wyoming CBOC, RM1M103","True",,,,,,,"2025-12-19T17:38:03Z","2025-12-19T17:38:03Z","Kyle.Coder@va.gov","Kyle.Coder@va.gov","0","0","0",,,,,
"783","Learning Labs","Tenneil Zielaskowski – Wyoming CBOC, RM1M103, Desk 5 @ 01/07/2026 12:00 AM","Tenneil.Zielaskowski@va.gov","Wyoming CBOC, RM1M103, Desk 5","2026-01-08T04:00:00Z","2026-01-07T05:00:00Z",,,"0","0","Learning Labs","HIS","True","Denise.Patterer@va.gov","Desk",,"2026-01-07T05:00:00Z","Super User Training","100",,,,"Wyoming CBOC, RM1M103","True",,,,,,,"2025-12-19T17:38:03Z","2025-12-19T17:38:03Z","Kyle.Coder@va.gov","Kyle.Coder@va.gov","0","0","0",,,,,
"782","Learning Labs","Tenneil Zielaskowski – Wyoming CBOC, RM1M103, Desk 4 @ 01/07/2026 12:00 AM","Tenneil.Zielaskowski@va.gov","Wyoming CBOC, RM1M103, Desk 4","2026-01-08T04:00:00Z","2026-01-07T05:00:00Z",,,"0","0","Learning Labs","HIS","True","Denise.Patterer@va.gov","Desk",,"2026-01-07T05:00:00Z","Super User Training","100",,,,"Wyoming CBOC, RM1M103","True",,,,,,,"2025-12-19T17:38:02Z","2025-12-19T17:38:02Z","Kyle.Coder@va.gov","Kyle.Coder@va.gov","0","0","0",,,,,
"781","Learning Labs","Tenneil Zielaskowski – Wyoming CBOC, RM1M103, Desk 3 @ 01/07/2026 12:00 AM","Tenneil.Zielaskowski@va.gov","Wyoming CBOC, RM1M103, Desk 3","2026-01-08T04:00:00Z","2026-01-07T05:00:00Z",,,"0","0","Learning Labs","HIS","True","Denise.Patterer@va.gov","Desk",,"2026-01-07T05:00:00Z","Super User Training","100",,,,"Wyoming CBOC, RM1M103","True",,,,,,,"2025-12-19T17:38:02Z","2025-12-19T17:38:02Z","Kyle.Coder@va.gov","Kyle.Coder@va.gov","0","0","0",,,,,
"780","Learning Labs","Tenneil Zielaskowski – Wyoming CBOC, RM1M103, Desk 2 @ 01/07/2026 12:00 AM","Tenneil.Zielaskowski@va.gov","Wyoming CBOC, RM1M103, Desk 2","2026-01-08T04:00:00Z","2026-01-07T05:00:00Z",,,"0","0","Learning Labs","HIS","True","Denise.Patterer@va.gov","Desk",,"2026-01-07T05:00:00Z","Super User Training","100",,,,"Wyoming CBOC, RM1M103","True",,,,,,,"2025-12-19T17:38:02Z","2025-12-19T17:38:02Z","Kyle.Coder@va.gov","Kyle.Coder@va.gov","0","0","0",,,,,
"779","Learning Labs","Tenneil Zielaskowski – Wyoming CBOC, RM1M103, Desk 14 @ 01/07/2026 12:00 AM","Tenneil.Zielaskowski@va.gov","Wyoming CBOC, RM1M103, Desk 14","2026-01-08T04:00:00Z","2026-01-07T05:00:00Z",,,"0","0","Learning Labs","HIS","True","Denise.Patterer@va.gov","Desk",,"2026-01-07T05:00:00Z","Super User Training","100",,,,"Wyoming CBOC, RM1M103","True",,,,,,,"2025-12-19T17:38:02Z","2025-12-19T17:38:02Z","Kyle.Coder@va.gov","Kyle.Coder@va.gov","0","0","0",,,,,
"778","Learning Labs","Tenneil Zielaskowski – Wyoming CBOC, RM1M103, Desk 13 @ 01/07/2026 12:00 AM","Tenneil.Zielaskowski@va.gov","Wyoming CBOC, RM1M103, Desk 13","2026-01-08T04:00:00Z","2026-01-07T05:00:00Z",,,"0","0","Learning Labs","HIS","True","Denise.Patterer@va.gov","Desk",,"2026-01-07T05:00:00Z","Super User Training","100",,,,"Wyoming CBOC, RM1M103","True",,,,,,,"2025-12-19T17:38:02Z","2025-12-19T17:38:02Z","Kyle.Coder@va.gov","Kyle.Coder@va.gov","0","0","0",,,,,
"777","Learning Labs","Tenneil Zielaskowski – Wyoming CBOC, RM1M103, Desk 12 @ 01/07/2026 12:00 AM","Tenneil.Zielaskowski@va.gov","Wyoming CBOC, RM1M103, Desk 12","2026-01-08T04:00:00Z","2026-01-07T05:00:00Z",,,"0","0","Learning Labs","HIS","True","Denise.Patterer@va.gov","Desk",,"2026-01-07T05:00:00Z","Super User Training","100",,,,"Wyoming CBOC, RM1M103","True",,,,,,,"2025-12-19T17:38:02Z","2025-12-19T17:38:02Z","Kyle.Coder@va.gov","Kyle.Coder@va.gov","0","0","0",,,,,
"776","Learning Labs","Tenneil Zielaskowski – Wyoming CBOC, RM1M103, Desk 11 @ 01/07/2026 12:00 AM","Tenneil.Zielaskowski@va.gov","Wyoming CBOC, RM1M103, Desk 11","2026-01-08T04:00:00Z","2026-01-07T05:00:00Z",,,"0","0","Learning Labs","HIS","True","Denise.Patterer@va.gov","Desk",,"2026-01-07T05:00:00Z","Super User Training","100",,,,"Wyoming CBOC, RM1M103","True",,,,,,,"2025-12-19T17:38:01Z","2025-12-19T17:38:01Z","Kyle.Coder@va.gov","Kyle.Coder@va.gov","0","0","0",,,,,
"775","Learning Labs","Tenneil Zielaskowski – Wyoming CBOC, RM1M103, Desk 10 @ 01/07/2026 12:00 AM","Tenneil.Zielaskowski@va.gov","Wyoming CBOC, RM1M103, Desk 10","2026-01-08T04:00:00Z","2026-01-07T05:00:00Z",,,"0","0","Learning Labs","HIS","True","Denise.Patterer@va.gov","Desk",,"2026-01-07T05:00:00Z","Super User Training","100",,,,"Wyoming CBOC, RM1M103","True",,,,,,,"2025-12-19T17:38:01Z","2025-12-19T17:38:01Z","Kyle.Coder@va.gov","Kyle.Coder@va.gov","0","0","0",,,,,
"774","Learning Labs","Tenneil Zielaskowski – Wyoming CBOC, RM1M103, Desk 1 @ 01/07/2026 12:00 AM","Tenneil.Zielaskowski@va.gov","Wyoming CBOC, RM1M103, Desk 1","2026-01-08T04:00:00Z","2026-01-07T05:00:00Z",,,"0","0","Learning Labs","HIS","True","Denise.Patterer@va.gov","Desk",,"2026-01-07T05:00:00Z","Super User Training","100",,,,"Wyoming CBOC, RM1M103","True",,,,,,,"2025-12-19T17:38:01Z","2025-12-19T17:38:01Z","Kyle.Coder@va.gov","Kyle.Coder@va.gov","0","0","0",,,,,
"773","Learning Labs","Tenneil Zielaskowski – Wyoming CBOC, RM1M103, Desk 9 @ 01/06/2026 12:00 AM","Tenneil.Zielaskowski@va.gov","Wyoming CBOC, RM1M103, Desk 9","2026-01-07T04:00:00Z","2026-01-06T05:00:00Z",,,"0","0","Learning Labs","HIS","True","Denise.Patterer@va.gov","Desk",,"2026-01-06T05:00:00Z","Super User Training","99",,,,"Wyoming CBOC, RM1M103","True",,,,,,,"2025-12-19T17:38:01Z","2025-12-19T17:38:01Z","Kyle.Coder@va.gov","Kyle.Coder@va.gov","0","0","0",,,,,
"772","Learning Labs","Tenneil Zielaskowski – Wyoming CBOC, RM1M103, Desk 8 @ 01/06/2026 12:00 AM","Tenneil.Zielaskowski@va.gov","Wyoming CBOC, RM1M103, Desk 8","2026-01-07T04:00:00Z","2026-01-06T05:00:00Z",,,"0","0","Learning Labs","HIS","True","Denise.Patterer@va.gov","Desk",,"2026-01-06T05:00:00Z","Super User Training","99",,,,"Wyoming CBOC, RM1M103","True",,,,,,,"2025-12-19T17:38:01Z","2025-12-19T17:38:01Z","Kyle.Coder@va.gov","Kyle.Coder@va.gov","0","0","0",,,,,
"771","Learning Labs","Tenneil Zielaskowski – Wyoming CBOC, RM1M103, Desk 7 @ 01/06/2026 12:00 AM","Tenneil.Zielaskowski@va.gov","Wyoming CBOC, RM1M103, Desk 7","2026-01-07T04:00:00Z","2026-01-06T05:00:00Z",,,"0","0","Learning Labs","HIS","True","Denise.Patterer@va.gov","Desk",,"2026-01-06T05:00:00Z","Super User Training","99",,,,"Wyoming CBOC, RM1M103","True",,,,,,,"2025-12-19T17:38:00Z","2025-12-19T17:38:00Z","Kyle.Coder@va.gov","Kyle.Coder@va.gov","0","0","0",,,,,
"770","Learning Labs","Tenneil Zielaskowski – Wyoming CBOC, RM1M103, Desk 6 @ 01/06/2026 12:00 AM","Tenneil.Zielaskowski@va.gov","Wyoming CBOC, RM1M103, Desk 6","2026-01-07T04:00:00Z","2026-01-06T05:00:00Z",,,"0","0","Learning Labs","HIS","True","Denise.Patterer@va.gov","Desk",,"2026-01-06T05:00:00Z","Super User Training","99",,,,"Wyoming CBOC, RM1M103","True",,,,,,,"2025-12-19T17:38:00Z","2025-12-19T17:38:00Z","Kyle.Coder@va.gov","Kyle.Coder@va.gov","0","0","0",,,,,
"769","Learning Labs","Tenneil Zielaskowski – Wyoming CBOC, RM1M103, Desk 5 @ 01/06/2026 12:00 AM","Tenneil.Zielaskowski@va.gov","Wyoming CBOC, RM1M103, Desk 5","2026-01-07T04:00:00Z","2026-01-06T05:00:00Z",,,"0","0","Learning Labs","HIS","True","Denise.Patterer@va.gov","Desk",,"2026-01-06T05:00:00Z","Super User Training","99",,,,"Wyoming CBOC, RM1M103","True",,,,,,,"2025-12-19T17:38:00Z","2025-12-19T17:38:00Z","Kyle.Coder@va.gov","Kyle.Coder@va.gov","0","0","0",,,,,
"768","Learning Labs","Tenneil Zielaskowski – Wyoming CBOC, RM1M103, Desk 4 @ 01/06/2026 12:00 AM","Tenneil.Zielaskowski@va.gov","Wyoming CBOC, RM1M103, Desk 4","2026-01-07T04:00:00Z","2026-01-06T05:00:00Z",,,"0","0","Learning Labs","HIS","True","Denise.Patterer@va.gov","Desk",,"2026-01-06T05:00:00Z","Super User Training","99",,,,"Wyoming CBOC, RM1M103","True",,,,,,,"2025-12-19T17:38:00Z","2025-12-19T17:38:00Z","Kyle.Coder@va.gov","Kyle.Coder@va.gov","0","0","0",,,,,
"767","Learning Labs","Tenneil Zielaskowski – Wyoming CBOC, RM1M103, Desk 3 @ 01/06/2026 12:00 AM","Tenneil.Zielaskowski@va.gov","Wyoming CBOC, RM1M103, Desk 3","2026-01-07T04:00:00Z","2026-01-06T05:00:00Z",,,"0","0","Learning Labs","HIS","True","Denise.Patterer@va.gov","Desk",,"2026-01-06T05:00:00Z","Super User Training","99",,,,"Wyoming CBOC, RM1M103","True",,,,,,,"2025-12-19T17:38:00Z","2025-12-19T17:38:00Z","Kyle.Coder@va.gov","Kyle.Coder@va.gov","0","0","0",,,,,
"766","Learning Labs","Tenneil Zielaskowski – Wyoming CBOC, RM1M103, Desk 2 @ 01/06/2026 12:00 AM","Tenneil.Zielaskowski@va.gov","Wyoming CBOC, RM1M103, Desk 2","2026-01-07T04:00:00Z","2026-01-06T05:00:00Z",,,"0","0","Learning Labs","HIS","True","Denise.Patterer@va.gov","Desk",,"2026-01-06T05:00:00Z","Super User Training","99",,,,"Wyoming CBOC, RM1M103","True",,,,,,,"2025-12-19T17:37:59Z","2025-12-19T17:37:59Z","Kyle.Coder@va.gov","Kyle.Coder@va.gov","0","0","0",,,,,
"765","Learning Labs","Tenneil Zielaskowski – Wyoming CBOC, RM1M103, Desk 14 @ 01/06/2026 12:00 AM","Tenneil.Zielaskowski@va.gov","Wyoming CBOC, RM1M103, Desk 14","2026-01-07T04:00:00Z","2026-01-06T05:00:00Z",,,"0","0","Learning Labs","HIS","True","Denise.Patterer@va.gov","Desk",,"2026-01-06T05:00:00Z","Super User Training","99",,,,"Wyoming CBOC, RM1M103","True",,,,,,,"2025-12-19T17:37:59Z","2025-12-19T17:37:59Z","Kyle.Coder@va.gov","Kyle.Coder@va.gov","0","0","0",,,,,
"764","Learning Labs","Tenneil Zielaskowski – Wyoming CBOC, RM1M103, Desk 13 @ 01/06/2026 12:00 AM","Tenneil.Zielaskowski@va.gov","Wyoming CBOC, RM1M103, Desk 13","2026-01-07T04:00:00Z","2026-01-06T05:00:00Z",,,"0","0","Learning Labs","HIS","True","Denise.Patterer@va.gov","Desk",,"2026-01-06T05:00:00Z","Super User Training","99",,,,"Wyoming CBOC, RM1M103","True",,,,,,,"2025-12-19T17:37:59Z","2025-12-19T17:37:59Z","Kyle.Coder@va.gov","Kyle.Coder@va.gov","0","0","0",,,,,
"763","Learning Labs","Tenneil Zielaskowski – Wyoming CBOC, RM1M103, Desk 12 @ 01/06/2026 12:00 AM","Tenneil.Zielaskowski@va.gov","Wyoming CBOC, RM1M103, Desk 12","2026-01-07T04:00:00Z","2026-01-06T05:00:00Z",,,"0","0","Learning Labs","HIS","True","Denise.Patterer@va.gov","Desk",,"2026-01-06T05:00:00Z","Super User Training","99",,,,"Wyoming CBOC, RM1M103","True",,,,,,,"2025-12-19T17:37:59Z","2025-12-19T17:37:59Z","Kyle.Coder@va.gov","Kyle.Coder@va.gov","0","0","0",,,,,
"762","Learning Labs","Tenneil Zielaskowski – Wyoming CBOC, RM1M103, Desk 11 @ 01/06/2026 12:00 AM","Tenneil.Zielaskowski@va.gov","Wyoming CBOC, RM1M103, Desk 11","2026-01-07T04:00:00Z","2026-01-06T05:00:00Z",,,"0","0","Learning Labs","HIS","True","Denise.Patterer@va.gov","Desk",,"2026-01-06T05:00:00Z","Super User Training","99",,,,"Wyoming CBOC, RM1M103","True",,,,,,,"2025-12-19T17:37:59Z","2025-12-19T17:37:59Z","Kyle.Coder@va.gov","Kyle.Coder@va.gov","0","0","0",,,,,
"761","Learning Labs","Tenneil Zielaskowski – Wyoming CBOC, RM1M103, Desk 10 @ 01/06/2026 12:00 AM","Tenneil.Zielaskowski@va.gov","Wyoming CBOC, RM1M103, Desk 10","2026-01-07T04:00:00Z","2026-01-06T05:00:00Z",,,"0","0","Learning Labs","HIS","True","Denise.Patterer@va.gov","Desk",,"2026-01-06T05:00:00Z","Super User Training","99",,,,"Wyoming CBOC, RM1M103","True",,,,,,,"2025-12-19T17:37:58Z","2025-12-19T17:37:58Z","Kyle.Coder@va.gov","Kyle.Coder@va.gov","0","0","0",,,,,
"760","Learning Labs","Tenneil Zielaskowski – Wyoming CBOC, RM1M103, Desk 1 @ 01/06/2026 12:00 AM","Tenneil.Zielaskowski@va.gov","Wyoming CBOC, RM1M103, Desk 1","2026-01-07T04:00:00Z","2026-01-06T05:00:00Z",,,"0","0","Learning Labs","HIS","True","Denise.Patterer@va.gov","Desk",,"2026-01-06T05:00:00Z","Super User Training","99",,,,"Wyoming CBOC, RM1M103","True",,,,,,,"2025-12-19T17:37:58Z","2025-12-19T17:37:58Z","Kyle.Coder@va.gov","Kyle.Coder@va.gov","0","0","0",,,,,
"759","Learning Labs","Tenneil Zielaskowski – Wyoming CBOC, RM1M103, Desk 9 @ 01/05/2026 12:00 AM","Tenneil.Zielaskowski@va.gov","Wyoming CBOC, RM1M103, Desk 9","2026-01-06T04:00:00Z","2026-01-05T05:00:00Z",,,"0","0","Learning Labs","HIS","True","Denise.Patterer@va.gov","Desk",,"2026-01-05T05:00:00Z","Super User Training","98",,,,"Wyoming CBOC, RM1M103","True",,,,,,,"2025-12-19T17:37:58Z","2025-12-19T17:37:58Z","Kyle.Coder@va.gov","Kyle.Coder@va.gov","0","0","0",,,,,
"758","Learning Labs","Tenneil Zielaskowski – Wyoming CBOC, RM1M103, Desk 8 @ 01/05/2026 12:00 AM","Tenneil.Zielaskowski@va.gov","Wyoming CBOC, RM1M103, Desk 8","2026-01-06T04:00:00Z","2026-01-05T05:00:00Z",,,"0","0","Learning Labs","HIS","True","Denise.Patterer@va.gov","Desk",,"2026-01-05T05:00:00Z","Super User Training","98",,,,"Wyoming CBOC, RM1M103","True",,,,,,,"2025-12-19T17:37:58Z","2025-12-19T17:37:58Z","Kyle.Coder@va.gov","Kyle.Coder@va.gov","0","0","0",,,,,
"757","Learning Labs","Tenneil Zielaskowski – Wyoming CBOC, RM1M103, Desk 7 @ 01/05/2026 12:00 AM","Tenneil.Zielaskowski@va.gov","Wyoming CBOC, RM1M103, Desk 7","2026-01-06T04:00:00Z","2026-01-05T05:00:00Z",,,"0","0","Learning Labs","HIS","True","Denise.Patterer@va.gov","Desk",,"2026-01-05T05:00:00Z","Super User Training","98",,,,"Wyoming CBOC, RM1M103","True",,,,,,,"2025-12-19T17:37:58Z","2025-12-19T17:37:58Z","Kyle.Coder@va.gov","Kyle.Coder@va.gov","0","0","0",,,,,
"756","Learning Labs","Tenneil Zielaskowski – Wyoming CBOC, RM1M103, Desk 6 @ 01/05/2026 12:00 AM","Tenneil.Zielaskowski@va.gov","Wyoming CBOC, RM1M103, Desk 6","2026-01-06T04:00:00Z","2026-01-05T05:00:00Z",,,"0","0","Learning Labs","HIS","True","Denise.Patterer@va.gov","Desk",,"2026-01-05T05:00:00Z","Super User Training","98",,,,"Wyoming CBOC, RM1M103","True",,,,,,,"2025-12-19T17:37:57Z","2025-12-19T17:37:57Z","Kyle.Coder@va.gov","Kyle.Coder@va.gov","0","0","0",,,,,
"755","Learning Labs","Tenneil Zielaskowski – Wyoming CBOC, RM1M103, Desk 5 @ 01/05/2026 12:00 AM","Tenneil.Zielaskowski@va.gov","Wyoming CBOC, RM1M103, Desk 5","2026-01-06T04:00:00Z","2026-01-05T05:00:00Z",,,"0","0","Learning Labs","HIS","True","Denise.Patterer@va.gov","Desk",,"2026-01-05T05:00:00Z","Super User Training","98",,,,"Wyoming CBOC, RM1M103","True",,,,,,,"2025-12-19T17:37:57Z","2025-12-19T17:37:57Z","Kyle.Coder@va.gov","Kyle.Coder@va.gov","0","0","0",,,,,
"754","Learning Labs","Tenneil Zielaskowski – Wyoming CBOC, RM1M103, Desk 4 @ 01/05/2026 12:00 AM","Tenneil.Zielaskowski@va.gov","Wyoming CBOC, RM1M103, Desk 4","2026-01-06T04:00:00Z","2026-01-05T05:00:00Z",,,"0","0","Learning Labs","HIS","True","Denise.Patterer@va.gov","Desk",,"2026-01-05T05:00:00Z","Super User Training","98",,,,"Wyoming CBOC, RM1M103","True",,,,,,,"2025-12-19T17:37:57Z","2025-12-19T17:37:57Z","Kyle.Coder@va.gov","Kyle.Coder@va.gov","0","0","0",,,,,
"753","Learning Labs","Tenneil Zielaskowski – Wyoming CBOC, RM1M103, Desk 3 @ 01/05/2026 12:00 AM","Tenneil.Zielaskowski@va.gov","Wyoming CBOC, RM1M103, Desk 3","2026-01-06T04:00:00Z","2026-01-05T05:00:00Z",,,"0","0","Learning Labs","HIS","True","Denise.Patterer@va.gov","Desk",,"2026-01-05T05:00:00Z","Super User Training","98",,,,"Wyoming CBOC, RM1M103","True",,,,,,,"2025-12-19T17:37:57Z","2025-12-19T17:37:57Z","Kyle.Coder@va.gov","Kyle.Coder@va.gov","0","0","0",,,,,
"752","Learning Labs","Tenneil Zielaskowski – Wyoming CBOC, RM1M103, Desk 2 @ 01/05/2026 12:00 AM","Tenneil.Zielaskowski@va.gov","Wyoming CBOC, RM1M103, Desk 2","2026-01-06T04:00:00Z","2026-01-05T05:00:00Z",,,"0","0","Learning Labs","HIS","True","Denise.Patterer@va.gov","Desk",,"2026-01-05T05:00:00Z","Super User Training","98",,,,"Wyoming CBOC, RM1M103","True",,,,,,,"2025-12-19T17:37:57Z","2025-12-19T17:37:57Z","Kyle.Coder@va.gov","Kyle.Coder@va.gov","0","0","0",,,,,
"751","Learning Labs","Tenneil Zielaskowski – Wyoming CBOC, RM1M103, Desk 14 @ 01/05/2026 12:00 AM","Tenneil.Zielaskowski@va.gov","Wyoming CBOC, RM1M103, Desk 14","2026-01-06T04:00:00Z","2026-01-05T05:00:00Z",,,"0","0","Learning Labs","HIS","True","Denise.Patterer@va.gov","Desk",,"2026-01-05T05:00:00Z","Super User Training","98",,,,"Wyoming CBOC, RM1M103","True",,,,,,,"2025-12-19T17:37:56Z","2025-12-19T17:37:56Z","Kyle.Coder@va.gov","Kyle.Coder@va.gov","0","0","0",,,,,
"750","Learning Labs","Tenneil Zielaskowski – Wyoming CBOC, RM1M103, Desk 13 @ 01/05/2026 12:00 AM","Tenneil.Zielaskowski@va.gov","Wyoming CBOC, RM1M103, Desk 13","2026-01-06T04:00:00Z","2026-01-05T05:00:00Z",,,"0","0","Learning Labs","HIS","True","Denise.Patterer@va.gov","Desk",,"2026-01-05T05:00:00Z","Super User Training","98",,,,"Wyoming CBOC, RM1M103","True",,,,,,,"2025-12-19T17:37:55Z","2025-12-19T17:37:55Z","Kyle.Coder@va.gov","Kyle.Coder@va.gov","0","0","0",,,,,
"749","Learning Labs","Tenneil Zielaskowski – Wyoming CBOC, RM1M103, Desk 12 @ 01/05/2026 12:00 AM","Tenneil.Zielaskowski@va.gov","Wyoming CBOC, RM1M103, Desk 12","2026-01-06T04:00:00Z","2026-01-05T05:00:00Z",,,"0","0","Learning Labs","HIS","True","Denise.Patterer@va.gov","Desk",,"2026-01-05T05:00:00Z","Super User Training","98",,,,"Wyoming CBOC, RM1M103","True",,,,,,,"2025-12-19T17:37:55Z","2025-12-19T17:37:55Z","Kyle.Coder@va.gov","Kyle.Coder@va.gov","0","0","0",,,,,
"748","Learning Labs","Tenneil Zielaskowski – Wyoming CBOC, RM1M103, Desk 11 @ 01/05/2026 12:00 AM","Tenneil.Zielaskowski@va.gov","Wyoming CBOC, RM1M103, Desk 11","2026-01-06T04:00:00Z","2026-01-05T05:00:00Z",,,"0","0","Learning Labs","HIS","True","Denise.Patterer@va.gov","Desk",,"2026-01-05T05:00:00Z","Super User Training","98",,,,"Wyoming CBOC, RM1M103","True",,,,,,,"2025-12-19T17:37:55Z","2025-12-19T17:37:55Z","Kyle.Coder@va.gov","Kyle.Coder@va.gov","0","0","0",,,,,
"747","Learning Labs","Tenneil Zielaskowski – Wyoming CBOC, RM1M103, Desk 10 @ 01/05/2026 12:00 AM","Tenneil.Zielaskowski@va.gov","Wyoming CBOC, RM1M103, Desk 10","2026-01-06T04:00:00Z","2026-01-05T05:00:00Z",,,"0","0","Learning Labs","HIS","True","Denise.Patterer@va.gov","Desk",,"2026-01-05T05:00:00Z","Super User Training","98",,,,"Wyoming CBOC, RM1M103","True",,,,,,,"2025-12-19T17:37:54Z","2025-12-19T17:37:54Z","Kyle.Coder@va.gov","Kyle.Coder@va.gov","0","0","0",,,,,
"746","Learning Labs","Tenneil Zielaskowski – Wyoming CBOC, RM1M103, Desk 1 @ 01/05/2026 12:00 AM","Tenneil.Zielaskowski@va.gov","Wyoming CBOC, RM1M103, Desk 1","2026-01-06T04:00:00Z","2026-01-05T05:00:00Z",,,"0","0","Learning Labs","HIS","True","Denise.Patterer@va.gov","Desk",,"2026-01-05T05:00:00Z","Super User Training","98",,,,"Wyoming CBOC, RM1M103","True",,,,,,,"2025-12-19T17:37:54Z","2025-12-19T17:37:54Z","Kyle.Coder@va.gov","Kyle.Coder@va.gov","0","0","0",,,,,
"745","Learning Labs","Tenneil Zielaskowski – Wyoming CBOC, RM1M103, Desk 9 @ 12/18/2025 12:00 AM","Tenneil.Zielaskowski@va.gov","Wyoming CBOC, RM1M103, Desk 9","2025-12-19T04:00:00Z","2025-12-18T05:00:00Z",,,"0","0","Learning Labs","HIS","True","Denise.Patterer@va.gov","Desk",,"2025-12-18T05:00:00Z","Super User Training","97",,,,"Wyoming CBOC, RM1M103","True",,,,,,,"2025-12-19T17:37:54Z","2025-12-19T17:37:54Z","Kyle.Coder@va.gov","Kyle.Coder@va.gov","0","0","0",,,,,
"744","Learning Labs","Tenneil Zielaskowski – Wyoming CBOC, RM1M103, Desk 8 @ 12/18/2025 12:00 AM","Tenneil.Zielaskowski@va.gov","Wyoming CBOC, RM1M103, Desk 8","2025-12-19T04:00:00Z","2025-12-18T05:00:00Z",,,"0","0","Learning Labs","HIS","True","Denise.Patterer@va.gov","Desk",,"2025-12-18T05:00:00Z","Super User Training","97",,,,"Wyoming CBOC, RM1M103","True",,,,,,,"2025-12-19T17:37:54Z","2025-12-19T17:37:54Z","Kyle.Coder@va.gov","Kyle.Coder@va.gov","0","0","0",,,,,
"743","Learning Labs","Tenneil Zielaskowski – Wyoming CBOC, RM1M103, Desk 7 @ 12/18/2025 12:00 AM","Tenneil.Zielaskowski@va.gov","Wyoming CBOC, RM1M103, Desk 7","2025-12-19T04:00:00Z","2025-12-18T05:00:00Z",,,"0","0","Learning Labs","HIS","True","Denise.Patterer@va.gov","Desk",,"2025-12-18T05:00:00Z","Super User Training","97",,,,"Wyoming CBOC, RM1M103","True",,,,,,,"2025-12-19T17:37:54Z","2025-12-19T17:37:54Z","Kyle.Coder@va.gov","Kyle.Coder@va.gov","0","0","0",,,,,
"742","Learning Labs","Tenneil Zielaskowski – Wyoming CBOC, RM1M103, Desk 6 @ 12/18/2025 12:00 AM","Tenneil.Zielaskowski@va.gov","Wyoming CBOC, RM1M103, Desk 6","2025-12-19T04:00:00Z","2025-12-18T05:00:00Z",,,"0","0","Learning Labs","HIS","True","Denise.Patterer@va.gov","Desk",,"2025-12-18T05:00:00Z","Super User Training","97",,,,"Wyoming CBOC, RM1M103","True",,,,,,,"2025-12-19T17:37:53Z","2025-12-19T17:37:53Z","Kyle.Coder@va.gov","Kyle.Coder@va.gov","0","0","0",,,,,
"741","Learning Labs","Tenneil Zielaskowski – Wyoming CBOC, RM1M103, Desk 5 @ 12/18/2025 12:00 AM","Tenneil.Zielaskowski@va.gov","Wyoming CBOC, RM1M103, Desk 5","2025-12-19T04:00:00Z","2025-12-18T05:00:00Z",,,"0","0","Learning Labs","HIS","True","Denise.Patterer@va.gov","Desk",,"2025-12-18T05:00:00Z","Super User Training","97",,,,"Wyoming CBOC, RM1M103","True",,,,,,,"2025-12-19T17:37:53Z","2025-12-19T17:37:53Z","Kyle.Coder@va.gov","Kyle.Coder@va.gov","0","0","0",,,,,
"740","Learning Labs","Tenneil Zielaskowski – Wyoming CBOC, RM1M103, Desk 4 @ 12/18/2025 12:00 AM","Tenneil.Zielaskowski@va.gov","Wyoming CBOC, RM1M103, Desk 4","2025-12-19T04:00:00Z","2025-12-18T05:00:00Z",,,"0","0","Learning Labs","HIS","True","Denise.Patterer@va.gov","Desk",,"2025-12-18T05:00:00Z","Super User Training","97",,,,"Wyoming CBOC, RM1M103","True",,,,,,,"2025-12-19T17:37:53Z","2025-12-19T17:37:53Z","Kyle.Coder@va.gov","Kyle.Coder@va.gov","0","0","0",,,,,
"739","Learning Labs","Tenneil Zielaskowski – Wyoming CBOC, RM1M103, Desk 3 @ 12/18/2025 12:00 AM","Tenneil.Zielaskowski@va.gov","Wyoming CBOC, RM1M103, Desk 3","2025-12-19T04:00:00Z","2025-12-18T05:00:00Z",,,"0","0","Learning Labs","HIS","True","Denise.Patterer@va.gov","Desk",,"2025-12-18T05:00:00Z","Super User Training","97",,,,"Wyoming CBOC, RM1M103","True",,,,,,,"2025-12-19T17:37:53Z","2025-12-19T17:37:53Z","Kyle.Coder@va.gov","Kyle.Coder@va.gov","0","0","0",,,,,
"738","Learning Labs","Tenneil Zielaskowski – Wyoming CBOC, RM1M103, Desk 2 @ 12/18/2025 12:00 AM","Tenneil.Zielaskowski@va.gov","Wyoming CBOC, RM1M103, Desk 2","2025-12-19T04:00:00Z","2025-12-18T05:00:00Z",,,"0","0","Learning Labs","HIS","True","Denise.Patterer@va.gov","Desk",,"2025-12-18T05:00:00Z","Super User Training","97",,,,"Wyoming CBOC, RM1M103","True",,,,,,,"2025-12-19T17:37:53Z","2025-12-19T17:37:53Z","Kyle.Coder@va.gov","Kyle.Coder@va.gov","0","0","0",,,,,
"737","Learning Labs","Tenneil Zielaskowski – Wyoming CBOC, RM1M103, Desk 14 @ 12/18/2025 12:00 AM","Tenneil.Zielaskowski@va.gov","Wyoming CBOC, RM1M103, Desk 14","2025-12-19T04:00:00Z","2025-12-18T05:00:00Z",,,"0","0","Learning Labs","HIS","True","Denise.Patterer@va.gov","Desk",,"2025-12-18T05:00:00Z","Super User Training","97",,,,"Wyoming CBOC, RM1M103","True",,,,,,,"2025-12-19T17:37:52Z","2025-12-19T17:37:52Z","Kyle.Coder@va.gov","Kyle.Coder@va.gov","0","0","0",,,,,
"736","Learning Labs","Tenneil Zielaskowski – Wyoming CBOC, RM1M103, Desk 13 @ 12/18/2025 12:00 AM","Tenneil.Zielaskowski@va.gov","Wyoming CBOC, RM1M103, Desk 13","2025-12-19T04:00:00Z","2025-12-18T05:00:00Z",,,"0","0","Learning Labs","HIS","True","Denise.Patterer@va.gov","Desk",,"2025-12-18T05:00:00Z","Super User Training","97",,,,"Wyoming CBOC, RM1M103","True",,,,,,,"2025-12-19T17:37:52Z","2025-12-19T17:37:52Z","Kyle.Coder@va.gov","Kyle.Coder@va.gov","0","0","0",,,,,
"735","Learning Labs","Tenneil Zielaskowski – Wyoming CBOC, RM1M103, Desk 12 @ 12/18/2025 12:00 AM","Tenneil.Zielaskowski@va.gov","Wyoming CBOC, RM1M103, Desk 12","2025-12-19T04:00:00Z","2025-12-18T05:00:00Z",,,"0","0","Learning Labs","HIS","True","Denise.Patterer@va.gov","Desk",,"2025-12-18T05:00:00Z","Super User Training","97",,,,"Wyoming CBOC, RM1M103","True",,,,,,,"2025-12-19T17:37:52Z","2025-12-19T17:37:52Z","Kyle.Coder@va.gov","Kyle.Coder@va.gov","0","0","0",,,,,
"734","Learning Labs","Tenneil Zielaskowski – Wyoming CBOC, RM1M103, Desk 11 @ 12/18/2025 12:00 AM","Tenneil.Zielaskowski@va.gov","Wyoming CBOC, RM1M103, Desk 11","2025-12-19T04:00:00Z","2025-12-18T05:00:00Z",,,"0","0","Learning Labs","HIS","True","Denise.Patterer@va.gov","Desk",,"2025-12-18T05:00:00Z","Super User Training","97",,,,"Wyoming CBOC, RM1M103","True",,,,,,,"2025-12-19T17:37:52Z","2025-12-19T17:37:52Z","Kyle.Coder@va.gov","Kyle.Coder@va.gov","0","0","0",,,,,
"733","Learning Labs","Tenneil Zielaskowski – Wyoming CBOC, RM1M103, Desk 10 @ 12/18/2025 12:00 AM","Tenneil.Zielaskowski@va.gov","Wyoming CBOC, RM1M103, Desk 10","2025-12-19T04:00:00Z","2025-12-18T05:00:00Z",,,"0","0","Learning Labs","HIS","True","Denise.Patterer@va.gov","Desk",,"2025-12-18T05:00:00Z","Super User Training","97",,,,"Wyoming CBOC, RM1M103","True",,,,,,,"2025-12-19T17:37:51Z","2025-12-19T17:37:51Z","Kyle.Coder@va.gov","Kyle.Coder@va.gov","0","0","0",,,,,
"732","Learning Labs","Tenneil Zielaskowski – Wyoming CBOC, RM1M103, Desk 1 @ 12/18/2025 12:00 AM","Tenneil.Zielaskowski@va.gov","Wyoming CBOC, RM1M103, Desk 1","2025-12-19T04:00:00Z","2025-12-18T05:00:00Z",,,"0","0","Learning Labs","HIS","True","Denise.Patterer@va.gov","Desk",,"2025-12-18T05:00:00Z","Super User Training","97",,,,"Wyoming CBOC, RM1M103","True",,,,,,,"2025-12-19T17:37:51Z","2025-12-19T17:37:51Z","Kyle.Coder@va.gov","Kyle.Coder@va.gov","0","0","0",,,,,
"731","Learning Labs","Tenneil Zielaskowski – Wyoming CBOC, RM1M103, Desk 9 @ 12/17/2025 12:00 AM","Tenneil.Zielaskowski@va.gov","Wyoming CBOC, RM1M103, Desk 9","2025-12-18T04:00:00Z","2025-12-17T05:00:00Z",,,"0","0","Learning Labs","HIS","True","Denise.Patterer@va.gov","Desk",,"2025-12-17T05:00:00Z","Super User Training","96",,,,"Wyoming CBOC, RM1M103","True",,,,,,,"2025-12-19T17:37:51Z","2025-12-19T17:37:51Z","Kyle.Coder@va.gov","Kyle.Coder@va.gov","0","0","0",,,,,
"730","Learning Labs","Tenneil Zielaskowski – Wyoming CBOC, RM1M103, Desk 8 @ 12/17/2025 12:00 AM","Tenneil.Zielaskowski@va.gov","Wyoming CBOC, RM1M103, Desk 8","2025-12-18T04:00:00Z","2025-12-17T05:00:00Z",,,"0","0","Learning Labs","HIS","True","Denise.Patterer@va.gov","Desk",,"2025-12-17T05:00:00Z","Super User Training","96",,,,"Wyoming CBOC, RM1M103","True",,,,,,,"2025-12-19T17:37:51Z","2025-12-19T17:37:51Z","Kyle.Coder@va.gov","Kyle.Coder@va.gov","0","0","0",,,,,
"729","Learning Labs","Tenneil Zielaskowski – Wyoming CBOC, RM1M103, Desk 7 @ 12/17/2025 12:00 AM","Tenneil.Zielaskowski@va.gov","Wyoming CBOC, RM1M103, Desk 7","2025-12-18T04:00:00Z","2025-12-17T05:00:00Z",,,"0","0","Learning Labs","HIS","True","Denise.Patterer@va.gov","Desk",,"2025-12-17T05:00:00Z","Super User Training","96",,,,"Wyoming CBOC, RM1M103","True",,,,,,,"2025-12-19T17:37:51Z","2025-12-19T17:37:51Z","Kyle.Coder@va.gov","Kyle.Coder@va.gov","0","0","0",,,,,
"728","Learning Labs","Tenneil Zielaskowski – Wyoming CBOC, RM1M103, Desk 6 @ 12/17/2025 12:00 AM","Tenneil.Zielaskowski@va.gov","Wyoming CBOC, RM1M103, Desk 6","2025-12-18T04:00:00Z","2025-12-17T05:00:00Z",,,"0","0","Learning Labs","HIS","True","Denise.Patterer@va.gov","Desk",,"2025-12-17T05:00:00Z","Super User Training","96",,,,"Wyoming CBOC, RM1M103","True",,,,,,,"2025-12-19T17:37:50Z","2025-12-19T17:37:50Z","Kyle.Coder@va.gov","Kyle.Coder@va.gov","0","0","0",,,,,
"727","Learning Labs","Tenneil Zielaskowski – Wyoming CBOC, RM1M103, Desk 5 @ 12/17/2025 12:00 AM","Tenneil.Zielaskowski@va.gov","Wyoming CBOC, RM1M103, Desk 5","2025-12-18T04:00:00Z","2025-12-17T05:00:00Z",,,"0","0","Learning Labs","HIS","True","Denise.Patterer@va.gov","Desk",,"2025-12-17T05:00:00Z","Super User Training","96",,,,"Wyoming CBOC, RM1M103","True",,,,,,,"2025-12-19T17:37:50Z","2025-12-19T17:37:50Z","Kyle.Coder@va.gov","Kyle.Coder@va.gov","0","0","0",,,,,
"726","Learning Labs","Tenneil Zielaskowski – Wyoming CBOC, RM1M103, Desk 4 @ 12/17/2025 12:00 AM","Tenneil.Zielaskowski@va.gov","Wyoming CBOC, RM1M103, Desk 4","2025-12-18T04:00:00Z","2025-12-17T05:00:00Z",,,"0","0","Learning Labs","HIS","True","Denise.Patterer@va.gov","Desk",,"2025-12-17T05:00:00Z","Super User Training","96",,,,"Wyoming CBOC, RM1M103","True",,,,,,,"2025-12-19T17:37:50Z","2025-12-19T17:37:50Z","Kyle.Coder@va.gov","Kyle.Coder@va.gov","0","0","0",,,,,
"725","Learning Labs","Tenneil Zielaskowski – Wyoming CBOC, RM1M103, Desk 3 @ 12/17/2025 12:00 AM","Tenneil.Zielaskowski@va.gov","Wyoming CBOC, RM1M103, Desk 3","2025-12-18T04:00:00Z","2025-12-17T05:00:00Z",,,"0","0","Learning Labs","HIS","True","Denise.Patterer@va.gov","Desk",,"2025-12-17T05:00:00Z","Super User Training","96",,,,"Wyoming CBOC, RM1M103","True",,,,,,,"2025-12-19T17:37:50Z","2025-12-19T17:37:50Z","Kyle.Coder@va.gov","Kyle.Coder@va.gov","0","0","0",,,,,
"724","Learning Labs","Tenneil Zielaskowski – Wyoming CBOC, RM1M103, Desk 2 @ 12/17/2025 12:00 AM","Tenneil.Zielaskowski@va.gov","Wyoming CBOC, RM1M103, Desk 2","2025-12-18T04:00:00Z","2025-12-17T05:00:00Z",,,"0","0","Learning Labs","HIS","True","Denise.Patterer@va.gov","Desk",,"2025-12-17T05:00:00Z","Super User Training","96",,,,"Wyoming CBOC, RM1M103","True",,,,,,,"2025-12-19T17:37:49Z","2025-12-19T17:37:49Z","Kyle.Coder@va.gov","Kyle.Coder@va.gov","0","0","0",,,,,
"723","Learning Labs","Tenneil Zielaskowski – Wyoming CBOC, RM1M103, Desk 14 @ 12/17/2025 12:00 AM","Tenneil.Zielaskowski@va.gov","Wyoming CBOC, RM1M103, Desk 14","2025-12-18T04:00:00Z","2025-12-17T05:00:00Z",,,"0","0","Learning Labs","HIS","True","Denise.Patterer@va.gov","Desk",,"2025-12-17T05:00:00Z","Super User Training","96",,,,"Wyoming CBOC, RM1M103","True",,,,,,,"2025-12-19T17:37:49Z","2025-12-19T17:37:49Z","Kyle.Coder@va.gov","Kyle.Coder@va.gov","0","0","0",,,,,
"722","Learning Labs","Tenneil Zielaskowski – Wyoming CBOC, RM1M103, Desk 13 @ 12/17/2025 12:00 AM","Tenneil.Zielaskowski@va.gov","Wyoming CBOC, RM1M103, Desk 13","2025-12-18T04:00:00Z","2025-12-17T05:00:00Z",,,"0","0","Learning Labs","HIS","True","Denise.Patterer@va.gov","Desk",,"2025-12-17T05:00:00Z","Super User Training","96",,,,"Wyoming CBOC, RM1M103","True",,,,,,,"2025-12-19T17:37:49Z","2025-12-19T17:37:49Z","Kyle.Coder@va.gov","Kyle.Coder@va.gov","0","0","0",,,,,
"721","Learning Labs","Tenneil Zielaskowski – Wyoming CBOC, RM1M103, Desk 12 @ 12/17/2025 12:00 AM","Tenneil.Zielaskowski@va.gov","Wyoming CBOC, RM1M103, Desk 12","2025-12-18T04:00:00Z","2025-12-17T05:00:00Z",,,"0","0","Learning Labs","HIS","True","Denise.Patterer@va.gov","Desk",,"2025-12-17T05:00:00Z","Super User Training","96",,,,"Wyoming CBOC, RM1M103","True",,,,,,,"2025-12-19T17:37:49Z","2025-12-19T17:37:49Z","Kyle.Coder@va.gov","Kyle.Coder@va.gov","0","0","0",,,,,
"720","Learning Labs","Tenneil Zielaskowski – Wyoming CBOC, RM1M103, Desk 11 @ 12/17/2025 12:00 AM","Tenneil.Zielaskowski@va.gov","Wyoming CBOC, RM1M103, Desk 11","2025-12-18T04:00:00Z","2025-12-17T05:00:00Z",,,"0","0","Learning Labs","HIS","True","Denise.Patterer@va.gov","Desk",,"2025-12-17T05:00:00Z","Super User Training","96",,,,"Wyoming CBOC, RM1M103","True",,,,,,,"2025-12-19T17:37:49Z","2025-12-19T17:37:49Z","Kyle.Coder@va.gov","Kyle.Coder@va.gov","0","0","0",,,,,
"719","Learning Labs","Tenneil Zielaskowski – Wyoming CBOC, RM1M103, Desk 10 @ 12/17/2025 12:00 AM","Tenneil.Zielaskowski@va.gov","Wyoming CBOC, RM1M103, Desk 10","2025-12-18T04:00:00Z","2025-12-17T05:00:00Z",,,"0","0","Learning Labs","HIS","True","Denise.Patterer@va.gov","Desk",,"2025-12-17T05:00:00Z","Super User Training","96",,,,"Wyoming CBOC, RM1M103","True",,,,,,,"2025-12-19T17:37:48Z","2025-12-19T17:37:48Z","Kyle.Coder@va.gov","Kyle.Coder@va.gov","0","0","0",,,,,
"718","Learning Labs","Tenneil Zielaskowski – Wyoming CBOC, RM1M103, Desk 1 @ 12/17/2025 12:00 AM","Tenneil.Zielaskowski@va.gov","Wyoming CBOC, RM1M103, Desk 1","2025-12-18T04:00:00Z","2025-12-17T05:00:00Z",,,"0","0","Learning Labs","HIS","True","Denise.Patterer@va.gov","Desk",,"2025-12-17T05:00:00Z","Super User Training","96",,,,"Wyoming CBOC, RM1M103","True",,,,,,,"2025-12-19T17:37:48Z","2025-12-19T17:37:48Z","Kyle.Coder@va.gov","Kyle.Coder@va.gov","0","0","0",,,,,
"717","Learning Labs","Tenneil Zielaskowski – Wyoming CBOC, RM1M103, Desk 9 @ 12/16/2025 12:00 AM","Tenneil.Zielaskowski@va.gov","Wyoming CBOC, RM1M103, Desk 9","2025-12-17T04:00:00Z","2025-12-16T05:00:00Z",,,"0","0","Learning Labs","HIS","True","Denise.Patterer@va.gov","Desk",,"2025-12-16T05:00:00Z","Super User Training","95",,,,"Wyoming CBOC, RM1M103","True",,,,,,,"2025-12-19T17:37:48Z","2025-12-19T17:37:48Z","Kyle.Coder@va.gov","Kyle.Coder@va.gov","0","0","0",,,,,
"716","Learning Labs","Tenneil Zielaskowski – Wyoming CBOC, RM1M103, Desk 8 @ 12/16/2025 12:00 AM","Tenneil.Zielaskowski@va.gov","Wyoming CBOC, RM1M103, Desk 8","2025-12-17T04:00:00Z","2025-12-16T05:00:00Z",,,"0","0","Learning Labs","HIS","True","Denise.Patterer@va.gov","Desk",,"2025-12-16T05:00:00Z","Super User Training","95",,,,"Wyoming CBOC, RM1M103","True",,,,,,,"2025-12-19T17:37:48Z","2025-12-19T17:37:48Z","Kyle.Coder@va.gov","Kyle.Coder@va.gov","0","0","0",,,,,
"715","Learning Labs","Tenneil Zielaskowski – Wyoming CBOC, RM1M103, Desk 7 @ 12/16/2025 12:00 AM","Tenneil.Zielaskowski@va.gov","Wyoming CBOC, RM1M103, Desk 7","2025-12-17T04:00:00Z","2025-12-16T05:00:00Z",,,"0","0","Learning Labs","HIS","True","Denise.Patterer@va.gov","Desk",,"2025-12-16T05:00:00Z","Super User Training","95",,,,"Wyoming CBOC, RM1M103","True",,,,,,,"2025-12-19T17:37:48Z","2025-12-19T17:37:48Z","Kyle.Coder@va.gov","Kyle.Coder@va.gov","0","0","0",,,,,
"714","Learning Labs","Tenneil Zielaskowski – Wyoming CBOC, RM1M103, Desk 6 @ 12/16/2025 12:00 AM","Tenneil.Zielaskowski@va.gov","Wyoming CBOC, RM1M103, Desk 6","2025-12-17T04:00:00Z","2025-12-16T05:00:00Z",,,"0","0","Learning Labs","HIS","True","Denise.Patterer@va.gov","Desk",,"2025-12-16T05:00:00Z","Super User Training","95",,,,"Wyoming CBOC, RM1M103","True",,,,,,,"2025-12-19T17:37:48Z","2025-12-19T17:37:48Z","Kyle.Coder@va.gov","Kyle.Coder@va.gov","0","0","0",,,,,
"713","Learning Labs","Tenneil Zielaskowski – Wyoming CBOC, RM1M103, Desk 5 @ 12/16/2025 12:00 AM","Tenneil.Zielaskowski@va.gov","Wyoming CBOC, RM1M103, Desk 5","2025-12-17T04:00:00Z","2025-12-16T05:00:00Z",,,"0","0","Learning Labs","HIS","True","Denise.Patterer@va.gov","Desk",,"2025-12-16T05:00:00Z","Super User Training","95",,,,"Wyoming CBOC, RM1M103","True",,,,,,,"2025-12-19T17:37:47Z","2025-12-19T17:37:47Z","Kyle.Coder@va.gov","Kyle.Coder@va.gov","0","0","0",,,,,
"712","Learning Labs","Tenneil Zielaskowski – Wyoming CBOC, RM1M103, Desk 4 @ 12/16/2025 12:00 AM","Tenneil.Zielaskowski@va.gov","Wyoming CBOC, RM1M103, Desk 4","2025-12-17T04:00:00Z","2025-12-16T05:00:00Z",,,"0","0","Learning Labs","HIS","True","Denise.Patterer@va.gov","Desk",,"2025-12-16T05:00:00Z","Super User Training","95",,,,"Wyoming CBOC, RM1M103","True",,,,,,,"2025-12-19T17:37:47Z","2025-12-19T17:37:47Z","Kyle.Coder@va.gov","Kyle.Coder@va.gov","0","0","0",,,,,
"711","Learning Labs","Tenneil Zielaskowski – Wyoming CBOC, RM1M103, Desk 3 @ 12/16/2025 12:00 AM","Tenneil.Zielaskowski@va.gov","Wyoming CBOC, RM1M103, Desk 3","2025-12-17T04:00:00Z","2025-12-16T05:00:00Z",,,"0","0","Learning Labs","HIS","True","Denise.Patterer@va.gov","Desk",,"2025-12-16T05:00:00Z","Super User Training","95",,,,"Wyoming CBOC, RM1M103","True",,,,,,,"2025-12-19T17:37:47Z","2025-12-19T17:37:47Z","Kyle.Coder@va.gov","Kyle.Coder@va.gov","0","0","0",,,,,
"710","Learning Labs","Tenneil Zielaskowski – Wyoming CBOC, RM1M103, Desk 2 @ 12/16/2025 12:00 AM","Tenneil.Zielaskowski@va.gov","Wyoming CBOC, RM1M103, Desk 2","2025-12-17T04:00:00Z","2025-12-16T05:00:00Z",,,"0","0","Learning Labs","HIS","True","Denise.Patterer@va.gov","Desk",,"2025-12-16T05:00:00Z","Super User Training","95",,,,"Wyoming CBOC, RM1M103","True",,,,,,,"2025-12-19T17:37:47Z","2025-12-19T17:37:47Z","Kyle.Coder@va.gov","Kyle.Coder@va.gov","0","0","0",,,,,
"709","Learning Labs","Tenneil Zielaskowski – Wyoming CBOC, RM1M103, Desk 14 @ 12/16/2025 12:00 AM","Tenneil.Zielaskowski@va.gov","Wyoming CBOC, RM1M103, Desk 14","2025-12-17T04:00:00Z","2025-12-16T05:00:00Z",,,"0","0","Learning Labs","HIS","True","Denise.Patterer@va.gov","Desk",,"2025-12-16T05:00:00Z","Super User Training","95",,,,"Wyoming CBOC, RM1M103","True",,,,,,,"2025-12-19T17:37:47Z","2025-12-19T17:37:47Z","Kyle.Coder@va.gov","Kyle.Coder@va.gov","0","0","0",,,,,
"708","Learning Labs","Tenneil Zielaskowski – Wyoming CBOC, RM1M103, Desk 13 @ 12/16/2025 12:00 AM","Tenneil.Zielaskowski@va.gov","Wyoming CBOC, RM1M103, Desk 13","2025-12-17T04:00:00Z","2025-12-16T05:00:00Z",,,"0","0","Learning Labs","HIS","True","Denise.Patterer@va.gov","Desk",,"2025-12-16T05:00:00Z","Super User Training","95",,,,"Wyoming CBOC, RM1M103","True",,,,,,,"2025-12-19T17:37:46Z","2025-12-19T17:37:46Z","Kyle.Coder@va.gov","Kyle.Coder@va.gov","0","0","0",,,,,
"707","Learning Labs","Tenneil Zielaskowski – Wyoming CBOC, RM1M103, Desk 12 @ 12/16/2025 12:00 AM","Tenneil.Zielaskowski@va.gov","Wyoming CBOC, RM1M103, Desk 12","2025-12-17T04:00:00Z","2025-12-16T05:00:00Z",,,"0","0","Learning Labs","HIS","True","Denise.Patterer@va.gov","Desk",,"2025-12-16T05:00:00Z","Super User Training","95",,,,"Wyoming CBOC, RM1M103","True",,,,,,,"2025-12-19T17:37:46Z","2025-12-19T17:37:46Z","Kyle.Coder@va.gov","Kyle.Coder@va.gov","0","0","0",,,,,
"706","Learning Labs","Tenneil Zielaskowski – Wyoming CBOC, RM1M103, Desk 11 @ 12/16/2025 12:00 AM","Tenneil.Zielaskowski@va.gov","Wyoming CBOC, RM1M103, Desk 11","2025-12-17T04:00:00Z","2025-12-16T05:00:00Z",,,"0","0","Learning Labs","HIS","True","Denise.Patterer@va.gov","Desk",,"2025-12-16T05:00:00Z","Super User Training","95",,,,"Wyoming CBOC, RM1M103","True",,,,,,,"2025-12-19T17:37:46Z","2025-12-19T17:37:46Z","Kyle.Coder@va.gov","Kyle.Coder@va.gov","0","0","0",,,,,
"705","Learning Labs","Tenneil Zielaskowski – Wyoming CBOC, RM1M103, Desk 10 @ 12/16/2025 12:00 AM","Tenneil.Zielaskowski@va.gov","Wyoming CBOC, RM1M103, Desk 10","2025-12-17T04:00:00Z","2025-12-16T05:00:00Z",,,"0","0","Learning Labs","HIS","True","Denise.Patterer@va.gov","Desk",,"2025-12-16T05:00:00Z","Super User Training","95",,,,"Wyoming CBOC, RM1M103","True",,,,,,,"2025-12-19T17:37:46Z","2025-12-19T17:37:46Z","Kyle.Coder@va.gov","Kyle.Coder@va.gov","0","0","0",,,,,
"704","Learning Labs","Tenneil Zielaskowski – Wyoming CBOC, RM1M103, Desk 1 @ 12/16/2025 12:00 AM","Tenneil.Zielaskowski@va.gov","Wyoming CBOC, RM1M103, Desk 1","2025-12-17T04:00:00Z","2025-12-16T05:00:00Z",,,"0","0","Learning Labs","HIS","True","Denise.Patterer@va.gov","Desk",,"2025-12-16T05:00:00Z","Super User Training","95",,,,"Wyoming CBOC, RM1M103","True",,,,,,,"2025-12-19T17:37:46Z","2025-12-19T17:37:46Z","Kyle.Coder@va.gov","Kyle.Coder@va.gov","0","0","0",,,,,
"703","Learning Labs","Tenneil Zielaskowski – Wyoming CBOC, RM1M103, Desk 9 @ 12/15/2025 12:00 AM","Tenneil.Zielaskowski@va.gov","Wyoming CBOC, RM1M103, Desk 9","2025-12-16T04:00:00Z","2025-12-15T05:00:00Z",,,"0","0","Learning Labs","HIS","True","Denise.Patterer@va.gov","Desk",,"2025-12-15T05:00:00Z","Super User Training","94",,,,"Wyoming CBOC, RM1M103","True",,,,,,,"2025-12-19T17:37:45Z","2025-12-19T17:37:45Z","Kyle.Coder@va.gov","Kyle.Coder@va.gov","0","0","0",,,,,
"702","Learning Labs","Tenneil Zielaskowski – Wyoming CBOC, RM1M103, Desk 8 @ 12/15/2025 12:00 AM","Tenneil.Zielaskowski@va.gov","Wyoming CBOC, RM1M103, Desk 8","2025-12-16T04:00:00Z","2025-12-15T05:00:00Z",,,"0","0","Learning Labs","HIS","True","Denise.Patterer@va.gov","Desk",,"2025-12-15T05:00:00Z","Super User Training","94",,,,"Wyoming CBOC, RM1M103","True",,,,,,,"2025-12-19T17:37:45Z","2025-12-19T17:37:45Z","Kyle.Coder@va.gov","Kyle.Coder@va.gov","0","0","0",,,,,
"701","Learning Labs","Tenneil Zielaskowski – Wyoming CBOC, RM1M103, Desk 7 @ 12/15/2025 12:00 AM","Tenneil.Zielaskowski@va.gov","Wyoming CBOC, RM1M103, Desk 7","2025-12-16T04:00:00Z","2025-12-15T05:00:00Z",,,"0","0","Learning Labs","HIS","True","Denise.Patterer@va.gov","Desk",,"2025-12-15T05:00:00Z","Super User Training","94",,,,"Wyoming CBOC, RM1M103","True",,,,,,,"2025-12-19T17:37:45Z","2025-12-19T17:37:45Z","Kyle.Coder@va.gov","Kyle.Coder@va.gov","0","0","0",,,,,
"700","Learning Labs","Tenneil Zielaskowski – Wyoming CBOC, RM1M103, Desk 6 @ 12/15/2025 12:00 AM","Tenneil.Zielaskowski@va.gov","Wyoming CBOC, RM1M103, Desk 6","2025-12-16T04:00:00Z","2025-12-15T05:00:00Z",,,"0","0","Learning Labs","HIS","True","Denise.Patterer@va.gov","Desk",,"2025-12-15T05:00:00Z","Super User Training","94",,,,"Wyoming CBOC, RM1M103","True",,,,,,,"2025-12-19T17:37:46Z","2025-12-19T17:37:46Z","Kyle.Coder@va.gov","Kyle.Coder@va.gov","0","0","0",,,,,
"699","Learning Labs","Tenneil Zielaskowski – Wyoming CBOC, RM1M103, Desk 5 @ 12/15/2025 12:00 AM","Tenneil.Zielaskowski@va.gov","Wyoming CBOC, RM1M103, Desk 5","2025-12-16T04:00:00Z","2025-12-15T05:00:00Z",,,"0","0","Learning Labs","HIS","True","Denise.Patterer@va.gov","Desk",,"2025-12-15T05:00:00Z","Super User Training","94",,,,"Wyoming CBOC, RM1M103","True",,,,,,,"2025-12-19T17:37:45Z","2025-12-19T17:37:45Z","Kyle.Coder@va.gov","Kyle.Coder@va.gov","0","0","0",,,,,
"698","Learning Labs","Tenneil Zielaskowski – Wyoming CBOC, RM1M103, Desk 4 @ 12/15/2025 12:00 AM","Tenneil.Zielaskowski@va.gov","Wyoming CBOC, RM1M103, Desk 4","2025-12-16T04:00:00Z","2025-12-15T05:00:00Z",,,"0","0","Learning Labs","HIS","True","Denise.Patterer@va.gov","Desk",,"2025-12-15T05:00:00Z","Super User Training","94",,,,"Wyoming CBOC, RM1M103","True",,,,,,,"2025-12-19T17:37:45Z","2025-12-19T17:37:45Z","Kyle.Coder@va.gov","Kyle.Coder@va.gov","0","0","0",,,,,
"697","Learning Labs","Tenneil Zielaskowski – Wyoming CBOC, RM1M103, Desk 3 @ 12/15/2025 12:00 AM","Tenneil.Zielaskowski@va.gov","Wyoming CBOC, RM1M103, Desk 3","2025-12-16T04:00:00Z","2025-12-15T05:00:00Z",,,"0","0","Learning Labs","HIS","True","Denise.Patterer@va.gov","Desk",,"2025-12-15T05:00:00Z","Super User Training","94",,,,"Wyoming CBOC, RM1M103","True",,,,,,,"2025-12-19T17:37:45Z","2025-12-19T17:37:45Z","Kyle.Coder@va.gov","Kyle.Coder@va.gov","0","0","0",,,,,
"696","Learning Labs","Tenneil Zielaskowski – Wyoming CBOC, RM1M103, Desk 2 @ 12/15/2025 12:00 AM","Tenneil.Zielaskowski@va.gov","Wyoming CBOC, RM1M103, Desk 2","2025-12-16T04:00:00Z","2025-12-15T05:00:00Z",,,"0","0","Learning Labs","HIS","True","Denise.Patterer@va.gov","Desk",,"2025-12-15T05:00:00Z","Super User Training","94",,,,"Wyoming CBOC, RM1M103","True",,,,,,,"2025-12-19T17:37:45Z","2025-12-19T17:37:45Z","Kyle.Coder@va.gov","Kyle.Coder@va.gov","0","0","0",,,,,
"695","Learning Labs","Tenneil Zielaskowski – Wyoming CBOC, RM1M103, Desk 14 @ 12/15/2025 12:00 AM","Tenneil.Zielaskowski@va.gov","Wyoming CBOC, RM1M103, Desk 14","2025-12-16T04:00:00Z","2025-12-15T05:00:00Z",,,"0","0","Learning Labs","HIS","True","Denise.Patterer@va.gov","Desk",,"2025-12-15T05:00:00Z","Super User Training","94",,,,"Wyoming CBOC, RM1M103","True",,,,,,,"2025-12-19T17:37:45Z","2025-12-19T17:37:45Z","Kyle.Coder@va.gov","Kyle.Coder@va.gov","0","0","0",,,,,
"694","Learning Labs","Tenneil Zielaskowski – Wyoming CBOC, RM1M103, Desk 13 @ 12/15/2025 12:00 AM","Tenneil.Zielaskowski@va.gov","Wyoming CBOC, RM1M103, Desk 13","2025-12-16T04:00:00Z","2025-12-15T05:00:00Z",,,"0","0","Learning Labs","HIS","True","Denise.Patterer@va.gov","Desk",,"2025-12-15T05:00:00Z","Super User Training","94",,,,"Wyoming CBOC, RM1M103","True",,,,,,,"2025-12-19T17:37:44Z","2025-12-19T17:37:44Z","Kyle.Coder@va.gov","Kyle.Coder@va.gov","0","0","0",,,,,
"693","Learning Labs","Tenneil Zielaskowski – Wyoming CBOC, RM1M103, Desk 12 @ 12/15/2025 12:00 AM","Tenneil.Zielaskowski@va.gov","Wyoming CBOC, RM1M103, Desk 12","2025-12-16T04:00:00Z","2025-12-15T05:00:00Z",,,"0","0","Learning Labs","HIS","True","Denise.Patterer@va.gov","Desk",,"2025-12-15T05:00:00Z","Super User Training","94",,,,"Wyoming CBOC, RM1M103","True",,,,,,,"2025-12-19T17:37:44Z","2025-12-19T17:37:44Z","Kyle.Coder@va.gov","Kyle.Coder@va.gov","0","0","0",,,,,
"692","Learning Labs","Tenneil Zielaskowski – Wyoming CBOC, RM1M103, Desk 11 @ 12/15/2025 12:00 AM","Tenneil.Zielaskowski@va.gov","Wyoming CBOC, RM1M103, Desk 11","2025-12-16T04:00:00Z","2025-12-15T05:00:00Z",,,"0","0","Learning Labs","HIS","True","Denise.Patterer@va.gov","Desk",,"2025-12-15T05:00:00Z","Super User Training","94",,,,"Wyoming CBOC, RM1M103","True",,,,,,,"2025-12-19T17:37:44Z","2025-12-19T17:37:44Z","Kyle.Coder@va.gov","Kyle.Coder@va.gov","0","0","0",,,,,
"691","Learning Labs","Tenneil Zielaskowski – Wyoming CBOC, RM1M103, Desk 10 @ 12/15/2025 12:00 AM","Tenneil.Zielaskowski@va.gov","Wyoming CBOC, RM1M103, Desk 10","2025-12-16T04:00:00Z","2025-12-15T05:00:00Z",,,"0","0","Learning Labs","HIS","True","Denise.Patterer@va.gov","Desk",,"2025-12-15T05:00:00Z","Super User Training","94",,,,"Wyoming CBOC, RM1M103","True",,,,,,,"2025-12-19T17:37:44Z","2025-12-19T17:37:44Z","Kyle.Coder@va.gov","Kyle.Coder@va.gov","0","0","0",,,,,
"690","Learning Labs","Tenneil Zielaskowski – Wyoming CBOC, RM1M103, Desk 1 @ 12/15/2025 12:00 AM","Tenneil.Zielaskowski@va.gov","Wyoming CBOC, RM1M103, Desk 1","2025-12-16T04:00:00Z","2025-12-15T05:00:00Z",,,"0","0","Learning Labs","HIS","True","Denise.Patterer@va.gov","Desk",,"2025-12-15T05:00:00Z","Super User Training","94",,,,"Wyoming CBOC, RM1M103","True",,,,,,,"2025-12-19T17:37:44Z","2025-12-19T17:37:44Z","Kyle.Coder@va.gov","Kyle.Coder@va.gov","0","0","0",,,,,
"689","Learning Labs","Tenneil Zielaskowski – Wyoming CBOC, RM1M103, Desk 9 @ 12/11/2025 12:00 AM","Tenneil.Zielaskowski@va.gov","Wyoming CBOC, RM1M103, Desk 9","2025-12-12T04:00:00Z","2025-12-11T05:00:00Z",,,"0","0","Learning Labs","HIS","True","Denise.Patterer@va.gov","Desk",,"2025-12-11T05:00:00Z","Super User Training","93",,,,"Wyoming CBOC, RM1M103","True",,,,,,,"2025-12-19T17:37:43Z","2025-12-19T17:37:43Z","Kyle.Coder@va.gov","Kyle.Coder@va.gov","0","0","0",,,,,
"688","Learning Labs","Tenneil Zielaskowski – Wyoming CBOC, RM1M103, Desk 8 @ 12/11/2025 12:00 AM","Tenneil.Zielaskowski@va.gov","Wyoming CBOC, RM1M103, Desk 8","2025-12-12T04:00:00Z","2025-12-11T05:00:00Z",,,"0","0","Learning Labs","HIS","True","Denise.Patterer@va.gov","Desk",,"2025-12-11T05:00:00Z","Super User Training","93",,,,"Wyoming CBOC, RM1M103","True",,,,,,,"2025-12-19T17:37:43Z","2025-12-19T17:37:43Z","Kyle.Coder@va.gov","Kyle.Coder@va.gov","0","0","0",,,,,
"687","Learning Labs","Tenneil Zielaskowski – Wyoming CBOC, RM1M103, Desk 7 @ 12/11/2025 12:00 AM","Tenneil.Zielaskowski@va.gov","Wyoming CBOC, RM1M103, Desk 7","2025-12-12T04:00:00Z","2025-12-11T05:00:00Z",,,"0","0","Learning Labs","HIS","True","Denise.Patterer@va.gov","Desk",,"2025-12-11T05:00:00Z","Super User Training","93",,,,"Wyoming CBOC, RM1M103","True",,,,,,,"2025-12-19T17:37:43Z","2025-12-19T17:37:43Z","Kyle.Coder@va.gov","Kyle.Coder@va.gov","0","0","0",,,,,
"686","Learning Labs","Tenneil Zielaskowski – Wyoming CBOC, RM1M103, Desk 6 @ 12/11/2025 12:00 AM","Tenneil.Zielaskowski@va.gov","Wyoming CBOC, RM1M103, Desk 6","2025-12-12T04:00:00Z","2025-12-11T05:00:00Z",,,"0","0","Learning Labs","HIS","True","Denise.Patterer@va.gov","Desk",,"2025-12-11T05:00:00Z","Super User Training","93",,,,"Wyoming CBOC, RM1M103","True",,,,,,,"2025-12-19T17:37:43Z","2025-12-19T17:37:43Z","Kyle.Coder@va.gov","Kyle.Coder@va.gov","0","0","0",,,,,
"685","Learning Labs","Tenneil Zielaskowski – Wyoming CBOC, RM1M103, Desk 5 @ 12/11/2025 12:00 AM","Tenneil.Zielaskowski@va.gov","Wyoming CBOC, RM1M103, Desk 5","2025-12-12T04:00:00Z","2025-12-11T05:00:00Z",,,"0","0","Learning Labs","HIS","True","Denise.Patterer@va.gov","Desk",,"2025-12-11T05:00:00Z","Super User Training","93",,,,"Wyoming CBOC, RM1M103","True",,,,,,,"2025-12-19T17:37:42Z","2025-12-19T17:37:42Z","Kyle.Coder@va.gov","Kyle.Coder@va.gov","0","0","0",,,,,
"684","Learning Labs","Tenneil Zielaskowski – Wyoming CBOC, RM1M103, Desk 4 @ 12/11/2025 12:00 AM","Tenneil.Zielaskowski@va.gov","Wyoming CBOC, RM1M103, Desk 4","2025-12-12T04:00:00Z","2025-12-11T05:00:00Z",,,"0","0","Learning Labs","HIS","True","Denise.Patterer@va.gov","Desk",,"2025-12-11T05:00:00Z","Super User Training","93",,,,"Wyoming CBOC, RM1M103","True",,,,,,,"2025-12-19T17:37:42Z","2025-12-19T17:37:42Z","Kyle.Coder@va.gov","Kyle.Coder@va.gov","0","0","0",,,,,
"683","Learning Labs","Tenneil Zielaskowski – Wyoming CBOC, RM1M103, Desk 3 @ 12/11/2025 12:00 AM","Tenneil.Zielaskowski@va.gov","Wyoming CBOC, RM1M103, Desk 3","2025-12-12T04:00:00Z","2025-12-11T05:00:00Z",,,"0","0","Learning Labs","HIS","True","Denise.Patterer@va.gov","Desk",,"2025-12-11T05:00:00Z","Super User Training","93",,,,"Wyoming CBOC, RM1M103","True",,,,,,,"2025-12-19T17:37:42Z","2025-12-19T17:37:42Z","Kyle.Coder@va.gov","Kyle.Coder@va.gov","0","0","0",,,,,
"682","Learning Labs","Tenneil Zielaskowski – Wyoming CBOC, RM1M103, Desk 2 @ 12/11/2025 12:00 AM","Tenneil.Zielaskowski@va.gov","Wyoming CBOC, RM1M103, Desk 2","2025-12-12T04:00:00Z","2025-12-11T05:00:00Z",,,"0","0","Learning Labs","HIS","True","Denise.Patterer@va.gov","Desk",,"2025-12-11T05:00:00Z","Super User Training","93",,,,"Wyoming CBOC, RM1M103","True",,,,,,,"2025-12-19T17:37:42Z","2025-12-19T17:37:42Z","Kyle.Coder@va.gov","Kyle.Coder@va.gov","0","0","0",,,,,
"681","Learning Labs","Tenneil Zielaskowski – Wyoming CBOC, RM1M103, Desk 14 @ 12/11/2025 12:00 AM","Tenneil.Zielaskowski@va.gov","Wyoming CBOC, RM1M103, Desk 14","2025-12-12T04:00:00Z","2025-12-11T05:00:00Z",,,"0","0","Learning Labs","HIS","True","Denise.Patterer@va.gov","Desk",,"2025-12-11T05:00:00Z","Super User Training","93",,,,"Wyoming CBOC, RM1M103","True",,,,,,,"2025-12-19T17:37:42Z","2025-12-19T17:37:42Z","Kyle.Coder@va.gov","Kyle.Coder@va.gov","0","0","0",,,,,
"680","Learning Labs","Tenneil Zielaskowski – Wyoming CBOC, RM1M103, Desk 13 @ 12/11/2025 12:00 AM","Tenneil.Zielaskowski@va.gov","Wyoming CBOC, RM1M103, Desk 13","2025-12-12T04:00:00Z","2025-12-11T05:00:00Z",,,"0","0","Learning Labs","HIS","True","Denise.Patterer@va.gov","Desk",,"2025-12-11T05:00:00Z","Super User Training","93",,,,"Wyoming CBOC, RM1M103","True",,,,,,,"2025-12-19T17:37:41Z","2025-12-19T17:37:41Z","Kyle.Coder@va.gov","Kyle.Coder@va.gov","0","0","0",,,,,
"679","Learning Labs","Tenneil Zielaskowski – Wyoming CBOC, RM1M103, Desk 12 @ 12/11/2025 12:00 AM","Tenneil.Zielaskowski@va.gov","Wyoming CBOC, RM1M103, Desk 12","2025-12-12T04:00:00Z","2025-12-11T05:00:00Z",,,"0","0","Learning Labs","HIS","True","Denise.Patterer@va.gov","Desk",,"2025-12-11T05:00:00Z","Super User Training","93",,,,"Wyoming CBOC, RM1M103","True",,,,,,,"2025-12-19T17:37:41Z","2025-12-19T17:37:41Z","Kyle.Coder@va.gov","Kyle.Coder@va.gov","0","0","0",,,,,
"678","Learning Labs","Tenneil Zielaskowski – Wyoming CBOC, RM1M103, Desk 11 @ 12/11/2025 12:00 AM","Tenneil.Zielaskowski@va.gov","Wyoming CBOC, RM1M103, Desk 11","2025-12-12T04:00:00Z","2025-12-11T05:00:00Z",,,"0","0","Learning Labs","HIS","True","Denise.Patterer@va.gov","Desk",,"2025-12-11T05:00:00Z","Super User Training","93",,,,"Wyoming CBOC, RM1M103","True",,,,,,,"2025-12-19T17:37:41Z","2025-12-19T17:37:41Z","Kyle.Coder@va.gov","Kyle.Coder@va.gov","0","0","0",,,,,
"677","Learning Labs","Tenneil Zielaskowski – Wyoming CBOC, RM1M103, Desk 10 @ 12/11/2025 12:00 AM","Tenneil.Zielaskowski@va.gov","Wyoming CBOC, RM1M103, Desk 10","2025-12-12T04:00:00Z","2025-12-11T05:00:00Z",,,"0","0","Learning Labs","HIS","True","Denise.Patterer@va.gov","Desk",,"2025-12-11T05:00:00Z","Super User Training","93",,,,"Wyoming CBOC, RM1M103","True",,,,,,,"2025-12-19T17:37:41Z","2025-12-19T17:37:41Z","Kyle.Coder@va.gov","Kyle.Coder@va.gov","0","0","0",,,,,
"676","Learning Labs","Tenneil Zielaskowski – Wyoming CBOC, RM1M103, Desk 1 @ 12/11/2025 12:00 AM","Tenneil.Zielaskowski@va.gov","Wyoming CBOC, RM1M103, Desk 1","2025-12-12T04:00:00Z","2025-12-11T05:00:00Z",,,"0","0","Learning Labs","HIS","True","Denise.Patterer@va.gov","Desk",,"2025-12-11T05:00:00Z","Super User Training","93",,,,"Wyoming CBOC, RM1M103","True",,,,,,,"2025-12-19T17:37:41Z","2025-12-19T17:37:41Z","Kyle.Coder@va.gov","Kyle.Coder@va.gov","0","0","0",,,,,
"675","Learning Labs","Tenneil Zielaskowski – Wyoming CBOC, RM1M103, Desk 9 @ 12/10/2025 12:00 AM","Tenneil.Zielaskowski@va.gov","Wyoming CBOC, RM1M103, Desk 9","2025-12-10T06:00:00Z","2025-12-10T05:00:00Z",,,"0","0","Learning Labs","HIS","True","Denise.Patterer@va.gov","Desk",,"2025-12-10T05:00:00Z","Super User Training","92",,,,"Wyoming CBOC, RM1M103","True",,,,,,,"2025-12-19T17:37:40Z","2025-12-19T17:37:40Z","Kyle.Coder@va.gov","Kyle.Coder@va.gov","0","0","0",,,,,
"674","Learning Labs","Tenneil Zielaskowski – Wyoming CBOC, RM1M103, Desk 8 @ 12/10/2025 12:00 AM","Tenneil.Zielaskowski@va.gov","Wyoming CBOC, RM1M103, Desk 8","2025-12-10T06:00:00Z","2025-12-10T05:00:00Z",,,"0","0","Learning Labs","HIS","True","Denise.Patterer@va.gov","Desk",,"2025-12-10T05:00:00Z","Super User Training","92",,,,"Wyoming CBOC, RM1M103","True",,,,,,,"2025-12-19T17:37:40Z","2025-12-19T17:37:40Z","Kyle.Coder@va.gov","Kyle.Coder@va.gov","0","0","0",,,,,
"673","Learning Labs","Tenneil Zielaskowski – Wyoming CBOC, RM1M103, Desk 7 @ 12/10/2025 12:00 AM","Tenneil.Zielaskowski@va.gov","Wyoming CBOC, RM1M103, Desk 7","2025-12-10T06:00:00Z","2025-12-10T05:00:00Z",,,"0","0","Learning Labs","HIS","True","Denise.Patterer@va.gov","Desk",,"2025-12-10T05:00:00Z","Super User Training","92",,,,"Wyoming CBOC, RM1M103","True",,,,,,,"2025-12-19T17:37:40Z","2025-12-19T17:37:40Z","Kyle.Coder@va.gov","Kyle.Coder@va.gov","0","0","0",,,,,
"672","Learning Labs","Tenneil Zielaskowski – Wyoming CBOC, RM1M103, Desk 6 @ 12/10/2025 12:00 AM","Tenneil.Zielaskowski@va.gov","Wyoming CBOC, RM1M103, Desk 6","2025-12-10T06:00:00Z","2025-12-10T05:00:00Z",,,"0","0","Learning Labs","HIS","True","Denise.Patterer@va.gov","Desk",,"2025-12-10T05:00:00Z","Super User Training","92",,,,"Wyoming CBOC, RM1M103","True",,,,,,,"2025-12-19T17:37:40Z","2025-12-19T17:37:40Z","Kyle.Coder@va.gov","Kyle.Coder@va.gov","0","0","0",,,,,
"671","Learning Labs","Tenneil Zielaskowski – Wyoming CBOC, RM1M103, Desk 5 @ 12/10/2025 12:00 AM","Tenneil.Zielaskowski@va.gov","Wyoming CBOC, RM1M103, Desk 5","2025-12-10T06:00:00Z","2025-12-10T05:00:00Z",,,"0","0","Learning Labs","HIS","True","Denise.Patterer@va.gov","Desk",,"2025-12-10T05:00:00Z","Super User Training","92",,,,"Wyoming CBOC, RM1M103","True",,,,,,,"2025-12-19T17:37:40Z","2025-12-19T17:37:40Z","Kyle.Coder@va.gov","Kyle.Coder@va.gov","0","0","0",,,,,
"670","Learning Labs","Tenneil Zielaskowski – Wyoming CBOC, RM1M103, Desk 4 @ 12/10/2025 12:00 AM","Tenneil.Zielaskowski@va.gov","Wyoming CBOC, RM1M103, Desk 4","2025-12-10T06:00:00Z","2025-12-10T05:00:00Z",,,"0","0","Learning Labs","HIS","True","Denise.Patterer@va.gov","Desk",,"2025-12-10T05:00:00Z","Super User Training","92",,,,"Wyoming CBOC, RM1M103","True",,,,,,,"2025-12-19T17:37:40Z","2025-12-19T17:37:40Z","Kyle.Coder@va.gov","Kyle.Coder@va.gov","0","0","0",,,,,
"669","Learning Labs","Tenneil Zielaskowski – Wyoming CBOC, RM1M103, Desk 3 @ 12/10/2025 12:00 AM","Tenneil.Zielaskowski@va.gov","Wyoming CBOC, RM1M103, Desk 3","2025-12-10T06:00:00Z","2025-12-10T05:00:00Z",,,"0","0","Learning Labs","HIS","True","Denise.Patterer@va.gov","Desk",,"2025-12-10T05:00:00Z","Super User Training","92",,,,"Wyoming CBOC, RM1M103","True",,,,,,,"2025-12-19T17:37:39Z","2025-12-19T17:37:39Z","Kyle.Coder@va.gov","Kyle.Coder@va.gov","0","0","0",,,,,
"668","Learning Labs","Tenneil Zielaskowski – Wyoming CBOC, RM1M103, Desk 2 @ 12/10/2025 12:00 AM","Tenneil.Zielaskowski@va.gov","Wyoming CBOC, RM1M103, Desk 2","2025-12-10T06:00:00Z","2025-12-10T05:00:00Z",,,"0","0","Learning Labs","HIS","True","Denise.Patterer@va.gov","Desk",,"2025-12-10T05:00:00Z","Super User Training","92",,,,"Wyoming CBOC, RM1M103","True",,,,,,,"2025-12-19T17:37:39Z","2025-12-19T17:37:39Z","Kyle.Coder@va.gov","Kyle.Coder@va.gov","0","0","0",,,,,
"667","Learning Labs","Tenneil Zielaskowski – Wyoming CBOC, RM1M103, Desk 14 @ 12/10/2025 12:00 AM","Tenneil.Zielaskowski@va.gov","Wyoming CBOC, RM1M103, Desk 14","2025-12-10T06:00:00Z","2025-12-10T05:00:00Z",,,"0","0","Learning Labs","HIS","True","Denise.Patterer@va.gov","Desk",,"2025-12-10T05:00:00Z","Super User Training","92",,,,"Wyoming CBOC, RM1M103","True",,,,,,,"2025-12-19T17:37:39Z","2025-12-19T17:37:39Z","Kyle.Coder@va.gov","Kyle.Coder@va.gov","0","0","0",,,,,
"666","Learning Labs","Tenneil Zielaskowski – Wyoming CBOC, RM1M103, Desk 13 @ 12/10/2025 12:00 AM","Tenneil.Zielaskowski@va.gov","Wyoming CBOC, RM1M103, Desk 13","2025-12-10T06:00:00Z","2025-12-10T05:00:00Z",,,"0","0","Learning Labs","HIS","True","Denise.Patterer@va.gov","Desk",,"2025-12-10T05:00:00Z","Super User Training","92",,,,"Wyoming CBOC, RM1M103","True",,,,,,,"2025-12-19T17:37:39Z","2025-12-19T17:37:39Z","Kyle.Coder@va.gov","Kyle.Coder@va.gov","0","0","0",,,,,
"665","Learning Labs","Tenneil Zielaskowski – Wyoming CBOC, RM1M103, Desk 12 @ 12/10/2025 12:00 AM","Tenneil.Zielaskowski@va.gov","Wyoming CBOC, RM1M103, Desk 12","2025-12-10T06:00:00Z","2025-12-10T05:00:00Z",,,"0","0","Learning Labs","HIS","True","Denise.Patterer@va.gov","Desk",,"2025-12-10T05:00:00Z","Super User Training","92",,,,"Wyoming CBOC, RM1M103","True",,,,,,,"2025-12-19T17:37:38Z","2025-12-19T17:37:38Z","Kyle.Coder@va.gov","Kyle.Coder@va.gov","0","0","0",,,,,
"664","Learning Labs","Tenneil Zielaskowski – Wyoming CBOC, RM1M103, Desk 11 @ 12/10/2025 12:00 AM","Tenneil.Zielaskowski@va.gov","Wyoming CBOC, RM1M103, Desk 11","2025-12-10T06:00:00Z","2025-12-10T05:00:00Z",,,"0","0","Learning Labs","HIS","True","Denise.Patterer@va.gov","Desk",,"2025-12-10T05:00:00Z","Super User Training","92",,,,"Wyoming CBOC, RM1M103","True",,,,,,,"2025-12-19T17:37:38Z","2025-12-19T17:37:38Z","Kyle.Coder@va.gov","Kyle.Coder@va.gov","0","0","0",,,,,
"663","Learning Labs","Tenneil Zielaskowski – Wyoming CBOC, RM1M103, Desk 10 @ 12/10/2025 12:00 AM","Tenneil.Zielaskowski@va.gov","Wyoming CBOC, RM1M103, Desk 10","2025-12-10T06:00:00Z","2025-12-10T05:00:00Z",,,"0","0","Learning Labs","HIS","True","Denise.Patterer@va.gov","Desk",,"2025-12-10T05:00:00Z","Super User Training","92",,,,"Wyoming CBOC, RM1M103","True",,,,,,,"2025-12-19T17:37:38Z","2025-12-19T17:37:38Z","Kyle.Coder@va.gov","Kyle.Coder@va.gov","0","0","0",,,,,
"662","Learning Labs","Tenneil Zielaskowski – Wyoming CBOC, RM1M103, Desk 1 @ 12/10/2025 12:00 AM","Tenneil.Zielaskowski@va.gov","Wyoming CBOC, RM1M103, Desk 1","2025-12-10T06:00:00Z","2025-12-10T05:00:00Z",,,"0","0","Learning Labs","HIS","True","Denise.Patterer@va.gov","Desk",,"2025-12-10T05:00:00Z","Super User Training","92",,,,"Wyoming CBOC, RM1M103","True",,,,,,,"2025-12-19T17:37:38Z","2025-12-19T17:37:38Z","Kyle.Coder@va.gov","Kyle.Coder@va.gov","0","0","0",,,,,
"661","Learning Labs","Tenneil Zielaskowski – Wyoming CBOC, RM1M103, Desk 9 @ 12/09/2025 12:00 AM","Tenneil.Zielaskowski@va.gov","Wyoming CBOC, RM1M103, Desk 9","2025-12-10T04:00:00Z","2025-12-09T05:00:00Z",,,"0","0","Learning Labs","HIS","True","Denise.Patterer@va.gov","Desk",,"2025-12-09T05:00:00Z","Super User Training","91",,,,"Wyoming CBOC, RM1M103","True",,,,,,,"2025-12-19T17:37:38Z","2025-12-19T17:37:38Z","Kyle.Coder@va.gov","Kyle.Coder@va.gov","0","0","0",,,,,
"660","Learning Labs","Tenneil Zielaskowski – Wyoming CBOC, RM1M103, Desk 8 @ 12/09/2025 12:00 AM","Tenneil.Zielaskowski@va.gov","Wyoming CBOC, RM1M103, Desk 8","2025-12-10T04:00:00Z","2025-12-09T05:00:00Z",,,"0","0","Learning Labs","HIS","True","Denise.Patterer@va.gov","Desk",,"2025-12-09T05:00:00Z","Super User Training","91",,,,"Wyoming CBOC, RM1M103","True",,,,,,,"2025-12-19T17:37:37Z","2025-12-19T17:37:37Z","Kyle.Coder@va.gov","Kyle.Coder@va.gov","0","0","0",,,,,
"659","Learning Labs","Tenneil Zielaskowski – Wyoming CBOC, RM1M103, Desk 7 @ 12/09/2025 12:00 AM","Tenneil.Zielaskowski@va.gov","Wyoming CBOC, RM1M103, Desk 7","2025-12-10T04:00:00Z","2025-12-09T05:00:00Z",,,"0","0","Learning Labs","HIS","True","Denise.Patterer@va.gov","Desk",,"2025-12-09T05:00:00Z","Super User Training","91",,,,"Wyoming CBOC, RM1M103","True",,,,,,,"2025-12-19T17:37:37Z","2025-12-19T17:37:37Z","Kyle.Coder@va.gov","Kyle.Coder@va.gov","0","0","0",,,,,
"658","Learning Labs","Tenneil Zielaskowski – Wyoming CBOC, RM1M103, Desk 6 @ 12/09/2025 12:00 AM","Tenneil.Zielaskowski@va.gov","Wyoming CBOC, RM1M103, Desk 6","2025-12-10T04:00:00Z","2025-12-09T05:00:00Z",,,"0","0","Learning Labs","HIS","True","Denise.Patterer@va.gov","Desk",,"2025-12-09T05:00:00Z","Super User Training","91",,,,"Wyoming CBOC, RM1M103","True",,,,,,,"2025-12-19T17:37:37Z","2025-12-19T17:37:37Z","Kyle.Coder@va.gov","Kyle.Coder@va.gov","0","0","0",,,,,
"657","Learning Labs","Tenneil Zielaskowski – Wyoming CBOC, RM1M103, Desk 5 @ 12/09/2025 12:00 AM","Tenneil.Zielaskowski@va.gov","Wyoming CBOC, RM1M103, Desk 5","2025-12-10T04:00:00Z","2025-12-09T05:00:00Z",,,"0","0","Learning Labs","HIS","True","Denise.Patterer@va.gov","Desk",,"2025-12-09T05:00:00Z","Super User Training","91",,,,"Wyoming CBOC, RM1M103","True",,,,,,,"2025-12-19T17:37:37Z","2025-12-19T17:37:37Z","Kyle.Coder@va.gov","Kyle.Coder@va.gov","0","0","0",,,,,
"656","Learning Labs","Tenneil Zielaskowski – Wyoming CBOC, RM1M103, Desk 4 @ 12/09/2025 12:00 AM","Tenneil.Zielaskowski@va.gov","Wyoming CBOC, RM1M103, Desk 4","2025-12-10T04:00:00Z","2025-12-09T05:00:00Z",,,"0","0","Learning Labs","HIS","True","Denise.Patterer@va.gov","Desk",,"2025-12-09T05:00:00Z","Super User Training","91",,,,"Wyoming CBOC, RM1M103","True",,,,,,,"2025-12-19T17:37:37Z","2025-12-19T17:37:37Z","Kyle.Coder@va.gov","Kyle.Coder@va.gov","0","0","0",,,,,
"655","Learning Labs","Tenneil Zielaskowski – Wyoming CBOC, RM1M103, Desk 3 @ 12/09/2025 12:00 AM","Tenneil.Zielaskowski@va.gov","Wyoming CBOC, RM1M103, Desk 3","2025-12-10T04:00:00Z","2025-12-09T05:00:00Z",,,"0","0","Learning Labs","HIS","True","Denise.Patterer@va.gov","Desk",,"2025-12-09T05:00:00Z","Super User Training","91",,,,"Wyoming CBOC, RM1M103","True",,,,,,,"2025-12-19T17:37:36Z","2025-12-19T17:37:36Z","Kyle.Coder@va.gov","Kyle.Coder@va.gov","0","0","0",,,,,
"654","Learning Labs","Tenneil Zielaskowski – Wyoming CBOC, RM1M103, Desk 2 @ 12/09/2025 12:00 AM","Tenneil.Zielaskowski@va.gov","Wyoming CBOC, RM1M103, Desk 2","2025-12-10T04:00:00Z","2025-12-09T05:00:00Z",,,"0","0","Learning Labs","HIS","True","Denise.Patterer@va.gov","Desk",,"2025-12-09T05:00:00Z","Super User Training","91",,,,"Wyoming CBOC, RM1M103","True",,,,,,,"2025-12-19T17:37:36Z","2025-12-19T17:37:36Z","Kyle.Coder@va.gov","Kyle.Coder@va.gov","0","0","0",,,,,
"653","Learning Labs","Tenneil Zielaskowski – Wyoming CBOC, RM1M103, Desk 14 @ 12/09/2025 12:00 AM","Tenneil.Zielaskowski@va.gov","Wyoming CBOC, RM1M103, Desk 14","2025-12-10T04:00:00Z","2025-12-09T05:00:00Z",,,"0","0","Learning Labs","HIS","True","Denise.Patterer@va.gov","Desk",,"2025-12-09T05:00:00Z","Super User Training","91",,,,"Wyoming CBOC, RM1M103","True",,,,,,,"2025-12-19T17:37:36Z","2025-12-19T17:37:36Z","Kyle.Coder@va.gov","Kyle.Coder@va.gov","0","0","0",,,,,
"652","Learning Labs","Tenneil Zielaskowski – Wyoming CBOC, RM1M103, Desk 13 @ 12/09/2025 12:00 AM","Tenneil.Zielaskowski@va.gov","Wyoming CBOC, RM1M103, Desk 13","2025-12-10T04:00:00Z","2025-12-09T05:00:00Z",,,"0","0","Learning Labs","HIS","True","Denise.Patterer@va.gov","Desk",,"2025-12-09T05:00:00Z","Super User Training","91",,,,"Wyoming CBOC, RM1M103","True",,,,,,,"2025-12-19T17:37:36Z","2025-12-19T17:37:36Z","Kyle.Coder@va.gov","Kyle.Coder@va.gov","0","0","0",,,,,
"651","Learning Labs","Tenneil Zielaskowski – Wyoming CBOC, RM1M103, Desk 12 @ 12/09/2025 12:00 AM","Tenneil.Zielaskowski@va.gov","Wyoming CBOC, RM1M103, Desk 12","2025-12-10T04:00:00Z","2025-12-09T05:00:00Z",,,"0","0","Learning Labs","HIS","True","Denise.Patterer@va.gov","Desk",,"2025-12-09T05:00:00Z","Super User Training","91",,,,"Wyoming CBOC, RM1M103","True",,,,,,,"2025-12-19T17:37:36Z","2025-12-19T17:37:36Z","Kyle.Coder@va.gov","Kyle.Coder@va.gov","0","0","0",,,,,
"650","Learning Labs","Tenneil Zielaskowski – Wyoming CBOC, RM1M103, Desk 11 @ 12/09/2025 12:00 AM","Tenneil.Zielaskowski@va.gov","Wyoming CBOC, RM1M103, Desk 11","2025-12-10T04:00:00Z","2025-12-09T05:00:00Z",,,"0","0","Learning Labs","HIS","True","Denise.Patterer@va.gov","Desk",,"2025-12-09T05:00:00Z","Super User Training","91",,,,"Wyoming CBOC, RM1M103","True",,,,,,,"2025-12-19T17:37:34Z","2025-12-19T17:37:34Z","Kyle.Coder@va.gov","Kyle.Coder@va.gov","0","0","0",,,,,
"649","Learning Labs","Tenneil Zielaskowski – Wyoming CBOC, RM1M103, Desk 10 @ 12/09/2025 12:00 AM","Tenneil.Zielaskowski@va.gov","Wyoming CBOC, RM1M103, Desk 10","2025-12-10T04:00:00Z","2025-12-09T05:00:00Z",,,"0","0","Learning Labs","HIS","True","Denise.Patterer@va.gov","Desk",,"2025-12-09T05:00:00Z","Super User Training","91",,,,"Wyoming CBOC, RM1M103","True",,,,,,,"2025-12-19T17:37:34Z","2025-12-19T17:37:34Z","Kyle.Coder@va.gov","Kyle.Coder@va.gov","0","0","0",,,,,
"648","Learning Labs","Tenneil Zielaskowski – Wyoming CBOC, RM1M103, Desk 1 @ 12/09/2025 12:00 AM","Tenneil.Zielaskowski@va.gov","Wyoming CBOC, RM1M103, Desk 1","2025-12-10T04:00:00Z","2025-12-09T05:00:00Z",,,"0","0","Learning Labs","HIS","True","Denise.Patterer@va.gov","Desk",,"2025-12-09T05:00:00Z","Super User Training","91",,,,"Wyoming CBOC, RM1M103","True",,,,,,,"2025-12-19T17:37:34Z","2025-12-19T17:37:34Z","Kyle.Coder@va.gov","Kyle.Coder@va.gov","0","0","0",,,,,
"647","Learning Labs","Tenneil Zielaskowski – Wyoming CBOC, RM1M103, Desk 9 @ 12/08/2025 12:00 AM","Tenneil.Zielaskowski@va.gov","Wyoming CBOC, RM1M103, Desk 9","2025-12-09T04:00:00Z","2025-12-08T05:00:00Z",,,"0","0","Learning Labs","HIS","True","Denise.Patterer@va.gov","Desk",,"2025-12-08T05:00:00Z","Super User Training","90",,,,"Wyoming CBOC, RM1M103","True",,,,,,,"2025-12-19T17:37:34Z","2025-12-19T17:37:34Z","Kyle.Coder@va.gov","Kyle.Coder@va.gov","0","0","0",,,,,
"646","Learning Labs","Tenneil Zielaskowski – Wyoming CBOC, RM1M103, Desk 8 @ 12/08/2025 12:00 AM","Tenneil.Zielaskowski@va.gov","Wyoming CBOC, RM1M103, Desk 8","2025-12-09T04:00:00Z","2025-12-08T05:00:00Z",,,"0","0","Learning Labs","HIS","True","Denise.Patterer@va.gov","Desk",,"2025-12-08T05:00:00Z","Super User Training","90",,,,"Wyoming CBOC, RM1M103","True",,,,,,,"2025-12-19T17:37:33Z","2025-12-19T17:37:33Z","Kyle.Coder@va.gov","Kyle.Coder@va.gov","0","0","0",,,,,
"645","Learning Labs","Tenneil Zielaskowski – Wyoming CBOC, RM1M103, Desk 7 @ 12/08/2025 12:00 AM","Tenneil.Zielaskowski@va.gov","Wyoming CBOC, RM1M103, Desk 7","2025-12-09T04:00:00Z","2025-12-08T05:00:00Z",,,"0","0","Learning Labs","HIS","True","Denise.Patterer@va.gov","Desk",,"2025-12-08T05:00:00Z","Super User Training","90",,,,"Wyoming CBOC, RM1M103","True",,,,,,,"2025-12-19T17:37:33Z","2025-12-19T17:37:33Z","Kyle.Coder@va.gov","Kyle.Coder@va.gov","0","0","0",,,,,
"644","Learning Labs","Tenneil Zielaskowski – Wyoming CBOC, RM1M103, Desk 6 @ 12/08/2025 12:00 AM","Tenneil.Zielaskowski@va.gov","Wyoming CBOC, RM1M103, Desk 6","2025-12-09T04:00:00Z","2025-12-08T05:00:00Z",,,"0","0","Learning Labs","HIS","True","Denise.Patterer@va.gov","Desk",,"2025-12-08T05:00:00Z","Super User Training","90",,,,"Wyoming CBOC, RM1M103","True",,,,,,,"2025-12-19T17:37:33Z","2025-12-19T17:37:33Z","Kyle.Coder@va.gov","Kyle.Coder@va.gov","0","0","0",,,,,
"643","Learning Labs","Tenneil Zielaskowski – Wyoming CBOC, RM1M103, Desk 5 @ 12/08/2025 12:00 AM","Tenneil.Zielaskowski@va.gov","Wyoming CBOC, RM1M103, Desk 5","2025-12-09T04:00:00Z","2025-12-08T05:00:00Z",,,"0","0","Learning Labs","HIS","True","Denise.Patterer@va.gov","Desk",,"2025-12-08T05:00:00Z","Super User Training","90",,,,"Wyoming CBOC, RM1M103","True",,,,,,,"2025-12-19T17:37:33Z","2025-12-19T17:37:33Z","Kyle.Coder@va.gov","Kyle.Coder@va.gov","0","0","0",,,,,
"642","Learning Labs","Tenneil Zielaskowski – Wyoming CBOC, RM1M103, Desk 4 @ 12/08/2025 12:00 AM","Tenneil.Zielaskowski@va.gov","Wyoming CBOC, RM1M103, Desk 4","2025-12-09T04:00:00Z","2025-12-08T05:00:00Z",,,"0","0","Learning Labs","HIS","True","Denise.Patterer@va.gov","Desk",,"2025-12-08T05:00:00Z","Super User Training","90",,,,"Wyoming CBOC, RM1M103","True",,,,,,,"2025-12-19T17:37:33Z","2025-12-19T17:37:33Z","Kyle.Coder@va.gov","Kyle.Coder@va.gov","0","0","0",,,,,
"641","Learning Labs","Tenneil Zielaskowski – Wyoming CBOC, RM1M103, Desk 3 @ 12/08/2025 12:00 AM","Tenneil.Zielaskowski@va.gov","Wyoming CBOC, RM1M103, Desk 3","2025-12-09T04:00:00Z","2025-12-08T05:00:00Z",,,"0","0","Learning Labs","HIS","True","Denise.Patterer@va.gov","Desk",,"2025-12-08T05:00:00Z","Super User Training","90",,,,"Wyoming CBOC, RM1M103","True",,,,,,,"2025-12-19T17:37:32Z","2025-12-19T17:37:32Z","Kyle.Coder@va.gov","Kyle.Coder@va.gov","0","0","0",,,,,
"640","Learning Labs","Tenneil Zielaskowski – Wyoming CBOC, RM1M103, Desk 2 @ 12/08/2025 12:00 AM","Tenneil.Zielaskowski@va.gov","Wyoming CBOC, RM1M103, Desk 2","2025-12-09T04:00:00Z","2025-12-08T05:00:00Z",,,"0","0","Learning Labs","HIS","True","Denise.Patterer@va.gov","Desk",,"2025-12-08T05:00:00Z","Super User Training","90",,,,"Wyoming CBOC, RM1M103","True",,,,,,,"2025-12-19T17:37:32Z","2025-12-19T17:37:32Z","Kyle.Coder@va.gov","Kyle.Coder@va.gov","0","0","0",,,,,
"639","Learning Labs","Tenneil Zielaskowski – Wyoming CBOC, RM1M103, Desk 14 @ 12/08/2025 12:00 AM","Tenneil.Zielaskowski@va.gov","Wyoming CBOC, RM1M103, Desk 14","2025-12-09T04:00:00Z","2025-12-08T05:00:00Z",,,"0","0","Learning Labs","HIS","True","Denise.Patterer@va.gov","Desk",,"2025-12-08T05:00:00Z","Super User Training","90",,,,"Wyoming CBOC, RM1M103","True",,,,,,,"2025-12-19T17:37:32Z","2025-12-19T17:37:32Z","Kyle.Coder@va.gov","Kyle.Coder@va.gov","0","0","0",,,,,
"638","Learning Labs","Tenneil Zielaskowski – Wyoming CBOC, RM1M103, Desk 13 @ 12/08/2025 12:00 AM","Tenneil.Zielaskowski@va.gov","Wyoming CBOC, RM1M103, Desk 13","2025-12-09T04:00:00Z","2025-12-08T05:00:00Z",,,"0","0","Learning Labs","HIS","True","Denise.Patterer@va.gov","Desk",,"2025-12-08T05:00:00Z","Super User Training","90",,,,"Wyoming CBOC, RM1M103","True",,,,,,,"2025-12-19T17:37:32Z","2025-12-19T17:37:32Z","Kyle.Coder@va.gov","Kyle.Coder@va.gov","0","0","0",,,,,
"637","Learning Labs","Tenneil Zielaskowski – Wyoming CBOC, RM1M103, Desk 12 @ 12/08/2025 12:00 AM","Tenneil.Zielaskowski@va.gov","Wyoming CBOC, RM1M103, Desk 12","2025-12-09T04:00:00Z","2025-12-08T05:00:00Z",,,"0","0","Learning Labs","HIS","True","Denise.Patterer@va.gov","Desk",,"2025-12-08T05:00:00Z","Super User Training","90",,,,"Wyoming CBOC, RM1M103","True",,,,,,,"2025-12-19T17:37:32Z","2025-12-19T17:37:32Z","Kyle.Coder@va.gov","Kyle.Coder@va.gov","0","0","0",,,,,
"636","Learning Labs","Tenneil Zielaskowski – Wyoming CBOC, RM1M103, Desk 11 @ 12/08/2025 12:00 AM","Tenneil.Zielaskowski@va.gov","Wyoming CBOC, RM1M103, Desk 11","2025-12-09T04:00:00Z","2025-12-08T05:00:00Z",,,"0","0","Learning Labs","HIS","True","Denise.Patterer@va.gov","Desk",,"2025-12-08T05:00:00Z","Super User Training","90",,,,"Wyoming CBOC, RM1M103","True",,,,,,,"2025-12-19T17:37:31Z","2025-12-19T17:37:31Z","Kyle.Coder@va.gov","Kyle.Coder@va.gov","0","0","0",,,,,
"635","Learning Labs","Tenneil Zielaskowski – Wyoming CBOC, RM1M103, Desk 10 @ 12/08/2025 12:00 AM","Tenneil.Zielaskowski@va.gov","Wyoming CBOC, RM1M103, Desk 10","2025-12-09T04:00:00Z","2025-12-08T05:00:00Z",,,"0","0","Learning Labs","HIS","True","Denise.Patterer@va.gov","Desk",,"2025-12-08T05:00:00Z","Super User Training","90",,,,"Wyoming CBOC, RM1M103","True",,,,,,,"2025-12-19T17:37:31Z","2025-12-19T17:37:31Z","Kyle.Coder@va.gov","Kyle.Coder@va.gov","0","0","0",,,,,
"634","Learning Labs","Tenneil Zielaskowski – Wyoming CBOC, RM1M103, Desk 1 @ 12/08/2025 12:00 AM","Tenneil.Zielaskowski@va.gov","Wyoming CBOC, RM1M103, Desk 1","2025-12-09T04:00:00Z","2025-12-08T05:00:00Z",,,"0","0","Learning Labs","HIS","True","Denise.Patterer@va.gov","Desk",,"2025-12-08T05:00:00Z","Super User Training","90",,,,"Wyoming CBOC, RM1M103","True",,,,,,,"2025-12-19T17:37:31Z","2025-12-19T17:37:31Z","Kyle.Coder@va.gov","Kyle.Coder@va.gov","0","0","0",,,,,
"633","11/4/25 1-5 pm","Angela Kooi – Muskegon CBOC, RM153, Desk 7 @ 11/04/2025 01:00 PM","Angela.Kooi@va.gov","Muskegon CBOC, RM153, Desk 7","2025-11-04T22:00:00Z","2025-11-04T18:00:00Z",,,"0","0","11/4/25 1-5 pm","Super User Training","True","Corey.Smith4@va.gov","Desk",,"2025-11-04T05:00:00Z","Super User Training","89",,,,"Muskegon CBOC, RM153","True",,,,,,,"2025-12-19T17:37:31Z","2025-12-19T17:37:31Z","Kyle.Coder@va.gov","Kyle.Coder@va.gov","0","0","0",,,,,
"632","Learning Labs","Tenneil Zielaskowski – Wyoming CBOC, RM1M103, Desk 9 @ 12/05/2025 12:00 AM","Tenneil.Zielaskowski@va.gov","Wyoming CBOC, RM1M103, Desk 9","2025-12-06T04:00:00Z","2025-12-05T05:00:00Z",,,"0","0","Learning Labs","HIS","True","Denise.Patterer@va.gov","Desk",,"2025-12-05T05:00:00Z","Super User Training","88",,,,"Wyoming CBOC, RM1M103","True",,,,,,,"2025-12-19T17:37:31Z","2025-12-19T17:37:31Z","Kyle.Coder@va.gov","Kyle.Coder@va.gov","0","0","0",,,,,
"631","Learning Labs","Tenneil Zielaskowski – Wyoming CBOC, RM1M103, Desk 8 @ 12/05/2025 12:00 AM","Tenneil.Zielaskowski@va.gov","Wyoming CBOC, RM1M103, Desk 8","2025-12-06T04:00:00Z","2025-12-05T05:00:00Z",,,"0","0","Learning Labs","HIS","True","Denise.Patterer@va.gov","Desk",,"2025-12-05T05:00:00Z","Super User Training","88",,,,"Wyoming CBOC, RM1M103","True",,,,,,,"2025-12-19T17:37:30Z","2025-12-19T17:37:30Z","Kyle.Coder@va.gov","Kyle.Coder@va.gov","0","0","0",,,,,
"630","Learning Labs","Tenneil Zielaskowski – Wyoming CBOC, RM1M103, Desk 7 @ 12/05/2025 12:00 AM","Tenneil.Zielaskowski@va.gov","Wyoming CBOC, RM1M103, Desk 7","2025-12-06T04:00:00Z","2025-12-05T05:00:00Z",,,"0","0","Learning Labs","HIS","True","Denise.Patterer@va.gov","Desk",,"2025-12-05T05:00:00Z","Super User Training","88",,,,"Wyoming CBOC, RM1M103","True",,,,,,,"2025-12-19T17:37:30Z","2025-12-19T17:37:30Z","Kyle.Coder@va.gov","Kyle.Coder@va.gov","0","0","0",,,,,
"629","Learning Labs","Tenneil Zielaskowski – Wyoming CBOC, RM1M103, Desk 6 @ 12/05/2025 12:00 AM","Tenneil.Zielaskowski@va.gov","Wyoming CBOC, RM1M103, Desk 6","2025-12-06T04:00:00Z","2025-12-05T05:00:00Z",,,"0","0","Learning Labs","HIS","True","Denise.Patterer@va.gov","Desk",,"2025-12-05T05:00:00Z","Super User Training","88",,,,"Wyoming CBOC, RM1M103","True",,,,,,,"2025-12-19T17:37:30Z","2025-12-19T17:37:30Z","Kyle.Coder@va.gov","Kyle.Coder@va.gov","0","0","0",,,,,
"628","Learning Labs","Tenneil Zielaskowski – Wyoming CBOC, RM1M103, Desk 5 @ 12/05/2025 12:00 AM","Tenneil.Zielaskowski@va.gov","Wyoming CBOC, RM1M103, Desk 5","2025-12-06T04:00:00Z","2025-12-05T05:00:00Z",,,"0","0","Learning Labs","HIS","True","Denise.Patterer@va.gov","Desk",,"2025-12-05T05:00:00Z","Super User Training","88",,,,"Wyoming CBOC, RM1M103","True",,,,,,,"2025-12-19T17:37:30Z","2025-12-19T17:37:30Z","Kyle.Coder@va.gov","Kyle.Coder@va.gov","0","0","0",,,,,
"627","Learning Labs","Tenneil Zielaskowski – Wyoming CBOC, RM1M103, Desk 4 @ 12/05/2025 12:00 AM","Tenneil.Zielaskowski@va.gov","Wyoming CBOC, RM1M103, Desk 4","2025-12-06T04:00:00Z","2025-12-05T05:00:00Z",,,"0","0","Learning Labs","HIS","True","Denise.Patterer@va.gov","Desk",,"2025-12-05T05:00:00Z","Super User Training","88",,,,"Wyoming CBOC, RM1M103","True",,,,,,,"2025-12-19T17:37:29Z","2025-12-19T17:37:29Z","Kyle.Coder@va.gov","Kyle.Coder@va.gov","0","0","0",,,,,
"626","Learning Labs","Tenneil Zielaskowski – Wyoming CBOC, RM1M103, Desk 3 @ 12/05/2025 12:00 AM","Tenneil.Zielaskowski@va.gov","Wyoming CBOC, RM1M103, Desk 3","2025-12-06T04:00:00Z","2025-12-05T05:00:00Z",,,"0","0","Learning Labs","HIS","True","Denise.Patterer@va.gov","Desk",,"2025-12-05T05:00:00Z","Super User Training","88",,,,"Wyoming CBOC, RM1M103","True",,,,,,,"2025-12-19T17:37:29Z","2025-12-19T17:37:29Z","Kyle.Coder@va.gov","Kyle.Coder@va.gov","0","0","0",,,,,
"625","Learning Labs","Tenneil Zielaskowski – Wyoming CBOC, RM1M103, Desk 2 @ 12/05/2025 12:00 AM","Tenneil.Zielaskowski@va.gov","Wyoming CBOC, RM1M103, Desk 2","2025-12-06T04:00:00Z","2025-12-05T05:00:00Z",,,"0","0","Learning Labs","HIS","True","Denise.Patterer@va.gov","Desk",,"2025-12-05T05:00:00Z","Super User Training","88",,,,"Wyoming CBOC, RM1M103","True",,,,,,,"2025-12-19T17:37:29Z","2025-12-19T17:37:29Z","Kyle.Coder@va.gov","Kyle.Coder@va.gov","0","0","0",,,,,
"624","Learning Labs","Tenneil Zielaskowski – Wyoming CBOC, RM1M103, Desk 14 @ 12/05/2025 12:00 AM","Tenneil.Zielaskowski@va.gov","Wyoming CBOC, RM1M103, Desk 14","2025-12-06T04:00:00Z","2025-12-05T05:00:00Z",,,"0","0","Learning Labs","HIS","True","Denise.Patterer@va.gov","Desk",,"2025-12-05T05:00:00Z","Super User Training","88",,,,"Wyoming CBOC, RM1M103","True",,,,,,,"2025-12-19T17:37:29Z","2025-12-19T17:37:29Z","Kyle.Coder@va.gov","Kyle.Coder@va.gov","0","0","0",,,,,
"623","Learning Labs","Tenneil Zielaskowski – Wyoming CBOC, RM1M103, Desk 13 @ 12/05/2025 12:00 AM","Tenneil.Zielaskowski@va.gov","Wyoming CBOC, RM1M103, Desk 13","2025-12-06T04:00:00Z","2025-12-05T05:00:00Z",,,"0","0","Learning Labs","HIS","True","Denise.Patterer@va.gov","Desk",,"2025-12-05T05:00:00Z","Super User Training","88",,,,"Wyoming CBOC, RM1M103","True",,,,,,,"2025-12-19T17:37:29Z","2025-12-19T17:37:29Z","Kyle.Coder@va.gov","Kyle.Coder@va.gov","0","0","0",,,,,
"622","Learning Labs","Tenneil Zielaskowski – Wyoming CBOC, RM1M103, Desk 12 @ 12/05/2025 12:00 AM","Tenneil.Zielaskowski@va.gov","Wyoming CBOC, RM1M103, Desk 12","2025-12-06T04:00:00Z","2025-12-05T05:00:00Z",,,"0","0","Learning Labs","HIS","True","Denise.Patterer@va.gov","Desk",,"2025-12-05T05:00:00Z","Super User Training","88",,,,"Wyoming CBOC, RM1M103","True",,,,,,,"2025-12-19T17:37:28Z","2025-12-19T17:37:28Z","Kyle.Coder@va.gov","Kyle.Coder@va.gov","0","0","0",,,,,
"621","Learning Labs","Tenneil Zielaskowski – Wyoming CBOC, RM1M103, Desk 11 @ 12/05/2025 12:00 AM","Tenneil.Zielaskowski@va.gov","Wyoming CBOC, RM1M103, Desk 11","2025-12-06T04:00:00Z","2025-12-05T05:00:00Z",,,"0","0","Learning Labs","HIS","True","Denise.Patterer@va.gov","Desk",,"2025-12-05T05:00:00Z","Super User Training","88",,,,"Wyoming CBOC, RM1M103","True",,,,,,,"2025-12-19T17:37:28Z","2025-12-19T17:37:28Z","Kyle.Coder@va.gov","Kyle.Coder@va.gov","0","0","0",,,,,
"620","Learning Labs","Tenneil Zielaskowski – Wyoming CBOC, RM1M103, Desk 10 @ 12/05/2025 12:00 AM","Tenneil.Zielaskowski@va.gov","Wyoming CBOC, RM1M103, Desk 10","2025-12-06T04:00:00Z","2025-12-05T05:00:00Z",,,"0","0","Learning Labs","HIS","True","Denise.Patterer@va.gov","Desk",,"2025-12-05T05:00:00Z","Super User Training","88",,,,"Wyoming CBOC, RM1M103","True",,,,,,,"2025-12-19T17:37:28Z","2025-12-19T17:37:28Z","Kyle.Coder@va.gov","Kyle.Coder@va.gov","0","0","0",,,,,
"619","Learning Labs","Tenneil Zielaskowski – Wyoming CBOC, RM1M103, Desk 1 @ 12/05/2025 12:00 AM","Tenneil.Zielaskowski@va.gov","Wyoming CBOC, RM1M103, Desk 1","2025-12-06T04:00:00Z","2025-12-05T05:00:00Z",,,"0","0","Learning Labs","HIS","True","Denise.Patterer@va.gov","Desk",,"2025-12-05T05:00:00Z","Super User Training","88",,,,"Wyoming CBOC, RM1M103","True",,,,,,,"2025-12-19T17:37:28Z","2025-12-19T17:37:28Z","Kyle.Coder@va.gov","Kyle.Coder@va.gov","0","0","0",,,,,
"618","Learning Labs","Tenneil Zielaskowski – Wyoming CBOC, RM1M103, Desk 9 @ 12/04/2025 12:00 AM","Tenneil.Zielaskowski@va.gov","Wyoming CBOC, RM1M103, Desk 9","2025-12-05T04:00:00Z","2025-12-04T05:00:00Z",,,"0","0","Learning Labs","HIS","True","Denise.Patterer@va.gov","Desk",,"2025-12-04T05:00:00Z","Super User Training","87",,,,"Wyoming CBOC, RM1M103","True",,,,,,,"2025-12-19T17:37:27Z","2025-12-19T17:37:27Z","Kyle.Coder@va.gov","Kyle.Coder@va.gov","0","0","0",,,,,
"617","Learning Labs","Tenneil Zielaskowski – Wyoming CBOC, RM1M103, Desk 8 @ 12/04/2025 12:00 AM","Tenneil.Zielaskowski@va.gov","Wyoming CBOC, RM1M103, Desk 8","2025-12-05T04:00:00Z","2025-12-04T05:00:00Z",,,"0","0","Learning Labs","HIS","True","Denise.Patterer@va.gov","Desk",,"2025-12-04T05:00:00Z","Super User Training","87",,,,"Wyoming CBOC, RM1M103","True",,,,,,,"2025-12-19T17:37:27Z","2025-12-19T17:37:27Z","Kyle.Coder@va.gov","Kyle.Coder@va.gov","0","0","0",,,,,
"616","Learning Labs","Tenneil Zielaskowski – Wyoming CBOC, RM1M103, Desk 7 @ 12/04/2025 12:00 AM","Tenneil.Zielaskowski@va.gov","Wyoming CBOC, RM1M103, Desk 7","2025-12-05T04:00:00Z","2025-12-04T05:00:00Z",,,"0","0","Learning Labs","HIS","True","Denise.Patterer@va.gov","Desk",,"2025-12-04T05:00:00Z","Super User Training","87",,,,"Wyoming CBOC, RM1M103","True",,,,,,,"2025-12-19T17:37:27Z","2025-12-19T17:37:27Z","Kyle.Coder@va.gov","Kyle.Coder@va.gov","0","0","0",,,,,
"615","Learning Labs","Tenneil Zielaskowski – Wyoming CBOC, RM1M103, Desk 6 @ 12/04/2025 12:00 AM","Tenneil.Zielaskowski@va.gov","Wyoming CBOC, RM1M103, Desk 6","2025-12-05T04:00:00Z","2025-12-04T05:00:00Z",,,"0","0","Learning Labs","HIS","True","Denise.Patterer@va.gov","Desk",,"2025-12-04T05:00:00Z","Super User Training","87",,,,"Wyoming CBOC, RM1M103","True",,,,,,,"2025-12-19T17:37:27Z","2025-12-19T17:37:27Z","Kyle.Coder@va.gov","Kyle.Coder@va.gov","0","0","0",,,,,
"614","Learning Labs","Tenneil Zielaskowski – Wyoming CBOC, RM1M103, Desk 5 @ 12/04/2025 12:00 AM","Tenneil.Zielaskowski@va.gov","Wyoming CBOC, RM1M103, Desk 5","2025-12-05T04:00:00Z","2025-12-04T05:00:00Z",,,"0","0","Learning Labs","HIS","True","Denise.Patterer@va.gov","Desk",,"2025-12-04T05:00:00Z","Super User Training","87",,,,"Wyoming CBOC, RM1M103","True",,,,,,,"2025-12-19T17:37:26Z","2025-12-19T17:37:26Z","Kyle.Coder@va.gov","Kyle.Coder@va.gov","0","0","0",,,,,
"613","Learning Labs","Tenneil Zielaskowski – Wyoming CBOC, RM1M103, Desk 4 @ 12/04/2025 12:00 AM","Tenneil.Zielaskowski@va.gov","Wyoming CBOC, RM1M103, Desk 4","2025-12-05T04:00:00Z","2025-12-04T05:00:00Z",,,"0","0","Learning Labs","HIS","True","Denise.Patterer@va.gov","Desk",,"2025-12-04T05:00:00Z","Super User Training","87",,,,"Wyoming CBOC, RM1M103","True",,,,,,,"2025-12-19T17:37:26Z","2025-12-19T17:37:26Z","Kyle.Coder@va.gov","Kyle.Coder@va.gov","0","0","0",,,,,
"612","Learning Labs","Tenneil Zielaskowski – Wyoming CBOC, RM1M103, Desk 3 @ 12/04/2025 12:00 AM","Tenneil.Zielaskowski@va.gov","Wyoming CBOC, RM1M103, Desk 3","2025-12-05T04:00:00Z","2025-12-04T05:00:00Z",,,"0","0","Learning Labs","HIS","True","Denise.Patterer@va.gov","Desk",,"2025-12-04T05:00:00Z","Super User Training","87",,,,"Wyoming CBOC, RM1M103","True",,,,,,,"2025-12-19T17:37:26Z","2025-12-19T17:37:26Z","Kyle.Coder@va.gov","Kyle.Coder@va.gov","0","0","0",,,,,
"611","Learning Labs","Tenneil Zielaskowski – Wyoming CBOC, RM1M103, Desk 2 @ 12/04/2025 12:00 AM","Tenneil.Zielaskowski@va.gov","Wyoming CBOC, RM1M103, Desk 2","2025-12-05T04:00:00Z","2025-12-04T05:00:00Z",,,"0","0","Learning Labs","HIS","True","Denise.Patterer@va.gov","Desk",,"2025-12-04T05:00:00Z","Super User Training","87",,,,"Wyoming CBOC, RM1M103","True",,,,,,,"2025-12-19T17:37:26Z","2025-12-19T17:37:26Z","Kyle.Coder@va.gov","Kyle.Coder@va.gov","0","0","0",,,,,
"610","Learning Labs","Tenneil Zielaskowski – Wyoming CBOC, RM1M103, Desk 14 @ 12/04/2025 12:00 AM","Tenneil.Zielaskowski@va.gov","Wyoming CBOC, RM1M103, Desk 14","2025-12-05T04:00:00Z","2025-12-04T05:00:00Z",,,"0","0","Learning Labs","HIS","True","Denise.Patterer@va.gov","Desk",,"2025-12-04T05:00:00Z","Super User Training","87",,,,"Wyoming CBOC, RM1M103","True",,,,,,,"2025-12-19T17:37:26Z","2025-12-19T17:37:26Z","Kyle.Coder@va.gov","Kyle.Coder@va.gov","0","0","0",,,,,
"609","Learning Labs","Tenneil Zielaskowski – Wyoming CBOC, RM1M103, Desk 13 @ 12/04/2025 12:00 AM","Tenneil.Zielaskowski@va.gov","Wyoming CBOC, RM1M103, Desk 13","2025-12-05T04:00:00Z","2025-12-04T05:00:00Z",,,"0","0","Learning Labs","HIS","True","Denise.Patterer@va.gov","Desk",,"2025-12-04T05:00:00Z","Super User Training","87",,,,"Wyoming CBOC, RM1M103","True",,,,,,,"2025-12-19T17:37:25Z","2025-12-19T17:37:25Z","Kyle.Coder@va.gov","Kyle.Coder@va.gov","0","0","0",,,,,
"608","Learning Labs","Tenneil Zielaskowski – Wyoming CBOC, RM1M103, Desk 12 @ 12/04/2025 12:00 AM","Tenneil.Zielaskowski@va.gov","Wyoming CBOC, RM1M103, Desk 12","2025-12-05T04:00:00Z","2025-12-04T05:00:00Z",,,"0","0","Learning Labs","HIS","True","Denise.Patterer@va.gov","Desk",,"2025-12-04T05:00:00Z","Super User Training","87",,,,"Wyoming CBOC, RM1M103","True",,,,,,,"2025-12-19T17:37:25Z","2025-12-19T17:37:25Z","Kyle.Coder@va.gov","Kyle.Coder@va.gov","0","0","0",,,,,
"607","Learning Labs","Tenneil Zielaskowski – Wyoming CBOC, RM1M103, Desk 11 @ 12/04/2025 12:00 AM","Tenneil.Zielaskowski@va.gov","Wyoming CBOC, RM1M103, Desk 11","2025-12-05T04:00:00Z","2025-12-04T05:00:00Z",,,"0","0","Learning Labs","HIS","True","Denise.Patterer@va.gov","Desk",,"2025-12-04T05:00:00Z","Super User Training","87",,,,"Wyoming CBOC, RM1M103","True",,,,,,,"2025-12-19T17:37:25Z","2025-12-19T17:37:25Z","Kyle.Coder@va.gov","Kyle.Coder@va.gov","0","0","0",,,,,
"606","Learning Labs","Tenneil Zielaskowski – Wyoming CBOC, RM1M103, Desk 10 @ 12/04/2025 12:00 AM","Tenneil.Zielaskowski@va.gov","Wyoming CBOC, RM1M103, Desk 10","2025-12-05T04:00:00Z","2025-12-04T05:00:00Z",,,"0","0","Learning Labs","HIS","True","Denise.Patterer@va.gov","Desk",,"2025-12-04T05:00:00Z","Super User Training","87",,,,"Wyoming CBOC, RM1M103","True",,,,,,,"2025-12-19T17:37:25Z","2025-12-19T17:37:25Z","Kyle.Coder@va.gov","Kyle.Coder@va.gov","0","0","0",,,,,
"605","Learning Labs","Tenneil Zielaskowski – Wyoming CBOC, RM1M103, Desk 1 @ 12/04/2025 12:00 AM","Tenneil.Zielaskowski@va.gov","Wyoming CBOC, RM1M103, Desk 1","2025-12-05T04:00:00Z","2025-12-04T05:00:00Z",,,"0","0","Learning Labs","HIS","True","Denise.Patterer@va.gov","Desk",,"2025-12-04T05:00:00Z","Super User Training","87",,,,"Wyoming CBOC, RM1M103","True",,,,,,,"2025-12-19T17:37:24Z","2025-12-19T17:37:24Z","Kyle.Coder@va.gov","Kyle.Coder@va.gov","0","0","0",,,,,
"604","Learning Labs","Tenneil Zielaskowski – Wyoming CBOC, RM1M103, Desk 9 @ 12/03/2025 12:00 AM","Tenneil.Zielaskowski@va.gov","Wyoming CBOC, RM1M103, Desk 9","2025-12-04T04:00:00Z","2025-12-03T05:00:00Z",,,"0","0","Learning Labs","HIS","True","Denise.Patterer@va.gov","Desk",,"2025-12-03T05:00:00Z","Super User Training","86",,,,"Wyoming CBOC, RM1M103","True",,,,,,,"2025-12-19T17:37:24Z","2025-12-19T17:37:24Z","Kyle.Coder@va.gov","Kyle.Coder@va.gov","0","0","0",,,,,
"603","Learning Labs","Tenneil Zielaskowski – Wyoming CBOC, RM1M103, Desk 8 @ 12/03/2025 12:00 AM","Tenneil.Zielaskowski@va.gov","Wyoming CBOC, RM1M103, Desk 8","2025-12-04T04:00:00Z","2025-12-03T05:00:00Z",,,"0","0","Learning Labs","HIS","True","Denise.Patterer@va.gov","Desk",,"2025-12-03T05:00:00Z","Super User Training","86",,,,"Wyoming CBOC, RM1M103","True",,,,,,,"2025-12-19T17:37:24Z","2025-12-19T17:37:24Z","Kyle.Coder@va.gov","Kyle.Coder@va.gov","0","0","0",,,,,
"602","Learning Labs","Tenneil Zielaskowski – Wyoming CBOC, RM1M103, Desk 7 @ 12/03/2025 12:00 AM","Tenneil.Zielaskowski@va.gov","Wyoming CBOC, RM1M103, Desk 7","2025-12-04T04:00:00Z","2025-12-03T05:00:00Z",,,"0","0","Learning Labs","HIS","True","Denise.Patterer@va.gov","Desk",,"2025-12-03T05:00:00Z","Super User Training","86",,,,"Wyoming CBOC, RM1M103","True",,,,,,,"2025-12-19T17:37:24Z","2025-12-19T17:37:24Z","Kyle.Coder@va.gov","Kyle.Coder@va.gov","0","0","0",,,,,
"601","Learning Labs","Tenneil Zielaskowski – Wyoming CBOC, RM1M103, Desk 6 @ 12/03/2025 12:00 AM","Tenneil.Zielaskowski@va.gov","Wyoming CBOC, RM1M103, Desk 6","2025-12-04T04:00:00Z","2025-12-03T05:00:00Z",,,"0","0","Learning Labs","HIS","True","Denise.Patterer@va.gov","Desk",,"2025-12-03T05:00:00Z","Super User Training","86",,,,"Wyoming CBOC, RM1M103","True",,,,,,,"2025-12-19T17:37:24Z","2025-12-19T17:37:24Z","Kyle.Coder@va.gov","Kyle.Coder@va.gov","0","0","0",,,,,
"600","Learning Labs","Tenneil Zielaskowski – Wyoming CBOC, RM1M103, Desk 5 @ 12/03/2025 12:00 AM","Tenneil.Zielaskowski@va.gov","Wyoming CBOC, RM1M103, Desk 5","2025-12-04T04:00:00Z","2025-12-03T05:00:00Z",,,"0","0","Learning Labs","HIS","True","Denise.Patterer@va.gov","Desk",,"2025-12-03T05:00:00Z","Super User Training","86",,,,"Wyoming CBOC, RM1M103","True",,,,,,,"2025-12-19T17:37:23Z","2025-12-19T17:37:23Z","Kyle.Coder@va.gov","Kyle.Coder@va.gov","0","0","0",,,,,
"599","Learning Labs","Tenneil Zielaskowski – Wyoming CBOC, RM1M103, Desk 4 @ 12/03/2025 12:00 AM","Tenneil.Zielaskowski@va.gov","Wyoming CBOC, RM1M103, Desk 4","2025-12-04T04:00:00Z","2025-12-03T05:00:00Z",,,"0","0","Learning Labs","HIS","True","Denise.Patterer@va.gov","Desk",,"2025-12-03T05:00:00Z","Super User Training","86",,,,"Wyoming CBOC, RM1M103","True",,,,,,,"2025-12-19T17:37:23Z","2025-12-19T17:37:23Z","Kyle.Coder@va.gov","Kyle.Coder@va.gov","0","0","0",,,,,
"598","Learning Labs","Tenneil Zielaskowski – Wyoming CBOC, RM1M103, Desk 3 @ 12/03/2025 12:00 AM","Tenneil.Zielaskowski@va.gov","Wyoming CBOC, RM1M103, Desk 3","2025-12-04T04:00:00Z","2025-12-03T05:00:00Z",,,"0","0","Learning Labs","HIS","True","Denise.Patterer@va.gov","Desk",,"2025-12-03T05:00:00Z","Super User Training","86",,,,"Wyoming CBOC, RM1M103","True",,,,,,,"2025-12-19T17:37:23Z","2025-12-19T17:37:23Z","Kyle.Coder@va.gov","Kyle.Coder@va.gov","0","0","0",,,,,
"597","Learning Labs","Tenneil Zielaskowski – Wyoming CBOC, RM1M103, Desk 2 @ 12/03/2025 12:00 AM","Tenneil.Zielaskowski@va.gov","Wyoming CBOC, RM1M103, Desk 2","2025-12-04T04:00:00Z","2025-12-03T05:00:00Z",,,"0","0","Learning Labs","HIS","True","Denise.Patterer@va.gov","Desk",,"2025-12-03T05:00:00Z","Super User Training","86",,,,"Wyoming CBOC, RM1M103","True",,,,,,,"2025-12-19T17:37:23Z","2025-12-19T17:37:23Z","Kyle.Coder@va.gov","Kyle.Coder@va.gov","0","0","0",,,,,
"596","Learning Labs","Tenneil Zielaskowski – Wyoming CBOC, RM1M103, Desk 14 @ 12/03/2025 12:00 AM","Tenneil.Zielaskowski@va.gov","Wyoming CBOC, RM1M103, Desk 14","2025-12-04T04:00:00Z","2025-12-03T05:00:00Z",,,"0","0","Learning Labs","HIS","True","Denise.Patterer@va.gov","Desk",,"2025-12-03T05:00:00Z","Super User Training","86",,,,"Wyoming CBOC, RM1M103","True",,,,,,,"2025-12-19T17:37:23Z","2025-12-19T17:37:23Z","Kyle.Coder@va.gov","Kyle.Coder@va.gov","0","0","0",,,,,
"595","Learning Labs","Tenneil Zielaskowski – Wyoming CBOC, RM1M103, Desk 13 @ 12/03/2025 12:00 AM","Tenneil.Zielaskowski@va.gov","Wyoming CBOC, RM1M103, Desk 13","2025-12-04T04:00:00Z","2025-12-03T05:00:00Z",,,"0","0","Learning Labs","HIS","True","Denise.Patterer@va.gov","Desk",,"2025-12-03T05:00:00Z","Super User Training","86",,,,"Wyoming CBOC, RM1M103","True",,,,,,,"2025-12-19T17:37:22Z","2025-12-19T17:37:22Z","Kyle.Coder@va.gov","Kyle.Coder@va.gov","0","0","0",,,,,
"594","Learning Labs","Tenneil Zielaskowski – Wyoming CBOC, RM1M103, Desk 12 @ 12/03/2025 12:00 AM","Tenneil.Zielaskowski@va.gov","Wyoming CBOC, RM1M103, Desk 12","2025-12-04T04:00:00Z","2025-12-03T05:00:00Z",,,"0","0","Learning Labs","HIS","True","Denise.Patterer@va.gov","Desk",,"2025-12-03T05:00:00Z","Super User Training","86",,,,"Wyoming CBOC, RM1M103","True",,,,,,,"2025-12-19T17:37:22Z","2025-12-19T17:37:22Z","Kyle.Coder@va.gov","Kyle.Coder@va.gov","0","0","0",,,,,
"593","Learning Labs","Tenneil Zielaskowski – Wyoming CBOC, RM1M103, Desk 11 @ 12/03/2025 12:00 AM","Tenneil.Zielaskowski@va.gov","Wyoming CBOC, RM1M103, Desk 11","2025-12-04T04:00:00Z","2025-12-03T05:00:00Z",,,"0","0","Learning Labs","HIS","True","Denise.Patterer@va.gov","Desk",,"2025-12-03T05:00:00Z","Super User Training","86",,,,"Wyoming CBOC, RM1M103","True",,,,,,,"2025-12-19T17:37:22Z","2025-12-19T17:37:22Z","Kyle.Coder@va.gov","Kyle.Coder@va.gov","0","0","0",,,,,
"592","Learning Labs","Tenneil Zielaskowski – Wyoming CBOC, RM1M103, Desk 10 @ 12/03/2025 12:00 AM","Tenneil.Zielaskowski@va.gov","Wyoming CBOC, RM1M103, Desk 10","2025-12-04T04:00:00Z","2025-12-03T05:00:00Z",,,"0","0","Learning Labs","HIS","True","Denise.Patterer@va.gov","Desk",,"2025-12-03T05:00:00Z","Super User Training","86",,,,"Wyoming CBOC, RM1M103","True",,,,,,,"2025-12-19T17:37:22Z","2025-12-19T17:37:22Z","Kyle.Coder@va.gov","Kyle.Coder@va.gov","0","0","0",,,,,
"591","Learning Labs","Tenneil Zielaskowski – Wyoming CBOC, RM1M103, Desk 1 @ 12/03/2025 12:00 AM","Tenneil.Zielaskowski@va.gov","Wyoming CBOC, RM1M103, Desk 1","2025-12-04T04:00:00Z","2025-12-03T05:00:00Z",,,"0","0","Learning Labs","HIS","True","Denise.Patterer@va.gov","Desk",,"2025-12-03T05:00:00Z","Super User Training","86",,,,"Wyoming CBOC, RM1M103","True",,,,,,,"2025-12-19T17:37:22Z","2025-12-19T17:37:22Z","Kyle.Coder@va.gov","Kyle.Coder@va.gov","0","0","0",,,,,
"590","Learning Labs","Tenneil Zielaskowski – Wyoming CBOC, RM1M103, Desk 7 @ 12/02/2025 12:00 AM","Tenneil.Zielaskowski@va.gov","Wyoming CBOC, RM1M103, Desk 7","2025-12-03T04:00:00Z","2025-12-02T05:00:00Z",,,"0","0","Learning Labs","HIS","True","Denise.Patterer@va.gov","Desk",,"2025-12-02T05:00:00Z","Super User Training","85",,,,"Wyoming CBOC, RM1M103","True",,,,,,,"2025-12-19T17:37:21Z","2025-12-19T17:37:21Z","Kyle.Coder@va.gov","Kyle.Coder@va.gov","0","0","0",,,,,
"589","Learning Labs","Tenneil Zielaskowski – Wyoming CBOC, RM1M103, Desk 9 @ 12/02/2025 12:00 AM","Tenneil.Zielaskowski@va.gov","Wyoming CBOC, RM1M103, Desk 9","2025-12-03T04:00:00Z","2025-12-02T05:00:00Z",,,"0","0","Learning Labs","HIS","True","Denise.Patterer@va.gov","Desk",,"2025-12-02T05:00:00Z","Super User Training","85",,,,"Wyoming CBOC, RM1M103","True",,,,,,,"2025-12-19T17:37:21Z","2025-12-19T17:37:21Z","Kyle.Coder@va.gov","Kyle.Coder@va.gov","0","0","0",,,,,
"588","Learning Labs","Tenneil Zielaskowski – Wyoming CBOC, RM1M103, Desk 8 @ 12/02/2025 12:00 AM","Tenneil.Zielaskowski@va.gov","Wyoming CBOC, RM1M103, Desk 8","2025-12-03T04:00:00Z","2025-12-02T05:00:00Z",,,"0","0","Learning Labs","HIS","True","Denise.Patterer@va.gov","Desk",,"2025-12-02T05:00:00Z","Super User Training","85",,,,"Wyoming CBOC, RM1M103","True",,,,,,,"2025-12-19T17:37:21Z","2025-12-19T17:37:21Z","Kyle.Coder@va.gov","Kyle.Coder@va.gov","0","0","0",,,,,
"587","Learning Labs","Tenneil Zielaskowski – Wyoming CBOC, RM1M103, Desk 7 @ 12/02/2025 12:00 AM","Tenneil.Zielaskowski@va.gov","Wyoming CBOC, RM1M103, Desk 7","2025-12-03T04:00:00Z","2025-12-02T05:00:00Z",,,"0","0","Learning Labs","HIS","True","Denise.Patterer@va.gov","Desk",,"2025-12-02T05:00:00Z","Super User Training","85",,,,"Wyoming CBOC, RM1M103","True",,,,,,,"2025-12-19T17:37:21Z","2025-12-19T17:37:21Z","Kyle.Coder@va.gov","Kyle.Coder@va.gov","0","0","0",,,,,
"586","Learning Labs","Tenneil Zielaskowski – Wyoming CBOC, RM1M103, Desk 6 @ 12/02/2025 12:00 AM","Tenneil.Zielaskowski@va.gov","Wyoming CBOC, RM1M103, Desk 6","2025-12-03T04:00:00Z","2025-12-02T05:00:00Z",,,"0","0","Learning Labs","HIS","True","Denise.Patterer@va.gov","Desk",,"2025-12-02T05:00:00Z","Super User Training","85",,,,"Wyoming CBOC, RM1M103","True",,,,,,,"2025-12-19T17:37:21Z","2025-12-19T17:37:21Z","Kyle.Coder@va.gov","Kyle.Coder@va.gov","0","0","0",,,,,
"585","Learning Labs","Tenneil Zielaskowski – Wyoming CBOC, RM1M103, Desk 5 @ 12/02/2025 12:00 AM","Tenneil.Zielaskowski@va.gov","Wyoming CBOC, RM1M103, Desk 5","2025-12-03T04:00:00Z","2025-12-02T05:00:00Z",,,"0","0","Learning Labs","HIS","True","Denise.Patterer@va.gov","Desk",,"2025-12-02T05:00:00Z","Super User Training","85",,,,"Wyoming CBOC, RM1M103","True",,,,,,,"2025-12-19T17:37:21Z","2025-12-19T17:37:21Z","Kyle.Coder@va.gov","Kyle.Coder@va.gov","0","0","0",,,,,
"584","Learning Labs","Tenneil Zielaskowski – Wyoming CBOC, RM1M103, Desk 4 @ 12/02/2025 12:00 AM","Tenneil.Zielaskowski@va.gov","Wyoming CBOC, RM1M103, Desk 4","2025-12-03T04:00:00Z","2025-12-02T05:00:00Z",,,"0","0","Learning Labs","HIS","True","Denise.Patterer@va.gov","Desk",,"2025-12-02T05:00:00Z","Super User Training","85",,,,"Wyoming CBOC, RM1M103","True",,,,,,,"2025-12-19T17:37:20Z","2025-12-19T17:37:20Z","Kyle.Coder@va.gov","Kyle.Coder@va.gov","0","0","0",,,,,
"583","Learning Labs","Tenneil Zielaskowski – Wyoming CBOC, RM1M103, Desk 3 @ 12/02/2025 12:00 AM","Tenneil.Zielaskowski@va.gov","Wyoming CBOC, RM1M103, Desk 3","2025-12-03T04:00:00Z","2025-12-02T05:00:00Z",,,"0","0","Learning Labs","HIS","True","Denise.Patterer@va.gov","Desk",,"2025-12-02T05:00:00Z","Super User Training","85",,,,"Wyoming CBOC, RM1M103","True",,,,,,,"2025-12-19T17:37:20Z","2025-12-19T17:37:20Z","Kyle.Coder@va.gov","Kyle.Coder@va.gov","0","0","0",,,,,
"582","Learning Labs","Tenneil Zielaskowski – Wyoming CBOC, RM1M103, Desk 2 @ 12/02/2025 12:00 AM","Tenneil.Zielaskowski@va.gov","Wyoming CBOC, RM1M103, Desk 2","2025-12-03T04:00:00Z","2025-12-02T05:00:00Z",,,"0","0","Learning Labs","HIS","True","Denise.Patterer@va.gov","Desk",,"2025-12-02T05:00:00Z","Super User Training","85",,,,"Wyoming CBOC, RM1M103","True",,,,,,,"2025-12-19T17:37:20Z","2025-12-19T17:37:20Z","Kyle.Coder@va.gov","Kyle.Coder@va.gov","0","0","0",,,,,
"581","Learning Labs","Tenneil Zielaskowski – Wyoming CBOC, RM1M103, Desk 14 @ 12/02/2025 12:00 AM","Tenneil.Zielaskowski@va.gov","Wyoming CBOC, RM1M103, Desk 14","2025-12-03T04:00:00Z","2025-12-02T05:00:00Z",,,"0","0","Learning Labs","HIS","True","Denise.Patterer@va.gov","Desk",,"2025-12-02T05:00:00Z","Super User Training","85",,,,"Wyoming CBOC, RM1M103","True",,,,,,,"2025-12-19T17:37:20Z","2025-12-19T17:37:20Z","Kyle.Coder@va.gov","Kyle.Coder@va.gov","0","0","0",,,,,
"580","Learning Labs","Tenneil Zielaskowski – Wyoming CBOC, RM1M103, Desk 13 @ 12/02/2025 12:00 AM","Tenneil.Zielaskowski@va.gov","Wyoming CBOC, RM1M103, Desk 13","2025-12-03T04:00:00Z","2025-12-02T05:00:00Z",,,"0","0","Learning Labs","HIS","True","Denise.Patterer@va.gov","Desk",,"2025-12-02T05:00:00Z","Super User Training","85",,,,"Wyoming CBOC, RM1M103","True",,,,,,,"2025-12-19T17:37:20Z","2025-12-19T17:37:20Z","Kyle.Coder@va.gov","Kyle.Coder@va.gov","0","0","0",,,,,
"579","Learning Labs","Tenneil Zielaskowski – Wyoming CBOC, RM1M103, Desk 12 @ 12/02/2025 12:00 AM","Tenneil.Zielaskowski@va.gov","Wyoming CBOC, RM1M103, Desk 12","2025-12-03T04:00:00Z","2025-12-02T05:00:00Z",,,"0","0","Learning Labs","HIS","True","Denise.Patterer@va.gov","Desk",,"2025-12-02T05:00:00Z","Super User Training","85",,,,"Wyoming CBOC, RM1M103","True",,,,,,,"2025-12-19T17:37:19Z","2025-12-19T17:37:19Z","Kyle.Coder@va.gov","Kyle.Coder@va.gov","0","0","0",,,,,
"578","Learning Labs","Tenneil Zielaskowski – Wyoming CBOC, RM1M103, Desk 11 @ 12/02/2025 12:00 AM","Tenneil.Zielaskowski@va.gov","Wyoming CBOC, RM1M103, Desk 11","2025-12-03T04:00:00Z","2025-12-02T05:00:00Z",,,"0","0","Learning Labs","HIS","True","Denise.Patterer@va.gov","Desk",,"2025-12-02T05:00:00Z","Super User Training","85",,,,"Wyoming CBOC, RM1M103","True",,,,,,,"2025-12-19T17:37:19Z","2025-12-19T17:37:19Z","Kyle.Coder@va.gov","Kyle.Coder@va.gov","0","0","0",,,,,
"577","Learning Labs","Tenneil Zielaskowski – Wyoming CBOC, RM1M103, Desk 10 @ 12/02/2025 12:00 AM","Tenneil.Zielaskowski@va.gov","Wyoming CBOC, RM1M103, Desk 10","2025-12-03T04:00:00Z","2025-12-02T05:00:00Z",,,"0","0","Learning Labs","HIS","True","Denise.Patterer@va.gov","Desk",,"2025-12-02T05:00:00Z","Super User Training","85",,,,"Wyoming CBOC, RM1M103","True",,,,,,,"2025-12-19T17:37:19Z","2025-12-19T17:37:19Z","Kyle.Coder@va.gov","Kyle.Coder@va.gov","0","0","0",,,,,
"576","Learning Labs","Tenneil Zielaskowski – Wyoming CBOC, RM1M103, Desk 1 @ 12/02/2025 12:00 AM","Tenneil.Zielaskowski@va.gov","Wyoming CBOC, RM1M103, Desk 1","2025-12-03T04:00:00Z","2025-12-02T05:00:00Z",,,"0","0","Learning Labs","HIS","True","Denise.Patterer@va.gov","Desk",,"2025-12-02T05:00:00Z","Super User Training","85",,,,"Wyoming CBOC, RM1M103","True",,,,,,,"2025-12-19T17:37:19Z","2025-12-19T17:37:19Z","Kyle.Coder@va.gov","Kyle.Coder@va.gov","0","0","0",,,,,
"575","Learning Labs","Tenneil Zielaskowski – Wyoming CBOC, RM1M103, Desk 4 @ 12/01/2025 12:00 AM","Tenneil.Zielaskowski@va.gov","Wyoming CBOC, RM1M103, Desk 4","2025-12-02T04:00:00Z","2025-12-01T05:00:00Z",,,"0","0","Learning Labs","HIS","True","Denise.Patterer@va.gov","Desk",,"2025-12-01T05:00:00Z","Super User Training","84",,,,"Wyoming CBOC, RM1M103","True",,,,,,,"2025-12-19T17:37:19Z","2025-12-19T17:37:19Z","Kyle.Coder@va.gov","Kyle.Coder@va.gov","0","0","0",,,,,
"574","Learning Labs","Tenneil Zielaskowski – Wyoming CBOC, RM1M103, Desk 2 @ 12/01/2025 12:00 AM","Tenneil.Zielaskowski@va.gov","Wyoming CBOC, RM1M103, Desk 2","2025-12-02T04:00:00Z","2025-12-01T05:00:00Z",,,"0","0","Learning Labs","HIS","True","Denise.Patterer@va.gov","Desk",,"2025-12-01T05:00:00Z","Super User Training","84",,,,"Wyoming CBOC, RM1M103","True",,,,,,,"2025-12-19T17:37:18Z","2025-12-19T17:37:18Z","Kyle.Coder@va.gov","Kyle.Coder@va.gov","0","0","0",,,,,
"573","Learning Labs","Tenneil Zielaskowski – Wyoming CBOC, RM1M103, Desk 14 @ 12/01/2025 12:00 AM","Tenneil.Zielaskowski@va.gov","Wyoming CBOC, RM1M103, Desk 14","2025-12-02T04:00:00Z","2025-12-01T05:00:00Z",,,"0","0","Learning Labs","HIS","True","Denise.Patterer@va.gov","Desk",,"2025-12-01T05:00:00Z","Super User Training","84",,,,"Wyoming CBOC, RM1M103","True",,,,,,,"2025-12-19T17:37:18Z","2025-12-19T17:37:18Z","Kyle.Coder@va.gov","Kyle.Coder@va.gov","0","0","0",,,,,
"572","Learning Labs","Tenneil Zielaskowski – Wyoming CBOC, RM1M103, Desk 13 @ 12/01/2025 12:00 AM","Tenneil.Zielaskowski@va.gov","Wyoming CBOC, RM1M103, Desk 13","2025-12-02T04:00:00Z","2025-12-01T05:00:00Z",,,"0","0","Learning Labs","HIS","True","Denise.Patterer@va.gov","Desk",,"2025-12-01T05:00:00Z","Super User Training","84",,,,"Wyoming CBOC, RM1M103","True",,,,,,,"2025-12-19T17:37:18Z","2025-12-19T17:37:18Z","Kyle.Coder@va.gov","Kyle.Coder@va.gov","0","0","0",,,,,
"571","Learning Labs","Tenneil Zielaskowski – Wyoming CBOC, RM1M103, Desk 12 @ 12/01/2025 12:00 AM","Tenneil.Zielaskowski@va.gov","Wyoming CBOC, RM1M103, Desk 12","2025-12-02T04:00:00Z","2025-12-01T05:00:00Z",,,"0","0","Learning Labs","HIS","True","Denise.Patterer@va.gov","Desk",,"2025-12-01T05:00:00Z","Super User Training","84",,,,"Wyoming CBOC, RM1M103","True",,,,,,,"2025-12-19T17:37:18Z","2025-12-19T17:37:18Z","Kyle.Coder@va.gov","Kyle.Coder@va.gov","0","0","0",,,,,
"570","Learning Labs","Tenneil Zielaskowski – Wyoming CBOC, RM1M103, Desk 11 @ 12/01/2025 12:00 AM","Tenneil.Zielaskowski@va.gov","Wyoming CBOC, RM1M103, Desk 11","2025-12-02T04:00:00Z","2025-12-01T05:00:00Z",,,"0","0","Learning Labs","HIS","True","Denise.Patterer@va.gov","Desk",,"2025-12-01T05:00:00Z","Super User Training","84",,,,"Wyoming CBOC, RM1M103","True",,,,,,,"2025-12-19T17:37:18Z","2025-12-19T17:37:18Z","Kyle.Coder@va.gov","Kyle.Coder@va.gov","0","0","0",,,,,
"569","Learning Labs","Tenneil Zielaskowski – Wyoming CBOC, RM1M103, Desk 10 @ 12/01/2025 12:00 AM","Tenneil.Zielaskowski@va.gov","Wyoming CBOC, RM1M103, Desk 10","2025-12-02T04:00:00Z","2025-12-01T05:00:00Z",,,"0","0","Learning Labs","HIS","True","Denise.Patterer@va.gov","Desk",,"2025-12-01T05:00:00Z","Super User Training","84",,,,"Wyoming CBOC, RM1M103","True",,,,,,,"2025-12-19T17:37:17Z","2025-12-19T17:37:17Z","Kyle.Coder@va.gov","Kyle.Coder@va.gov","0","0","0",,,,,
"568","Learning Labs","Tenneil Zielaskowski – Wyoming CBOC, RM1M103, Desk 1 @ 12/01/2025 12:00 AM","Tenneil.Zielaskowski@va.gov","Wyoming CBOC, RM1M103, Desk 1","2025-12-02T04:00:00Z","2025-12-01T05:00:00Z",,,"0","0","Learning Labs","HIS","True","Denise.Patterer@va.gov","Desk",,"2025-12-01T05:00:00Z","Super User Training","84",,,,"Wyoming CBOC, RM1M103","True",,,,,,,"2025-12-19T17:37:17Z","2025-12-19T17:37:17Z","Kyle.Coder@va.gov","Kyle.Coder@va.gov","0","0","0",,,,,
"567","Learning Labs","Tenneil Zielaskowski – Wyoming CBOC, RM1M103, Desk 9 @ 12/01/2025 12:00 AM","Tenneil.Zielaskowski@va.gov","Wyoming CBOC, RM1M103, Desk 9","2025-12-02T04:00:00Z","2025-12-01T05:00:00Z",,,"0","0","Learning Labs","HIS","True","Denise.Patterer@va.gov","Desk",,"2025-12-01T05:00:00Z","Super User Training","84",,,,"Wyoming CBOC, RM1M103","True",,,,,,,"2025-12-19T17:37:17Z","2025-12-19T17:37:17Z","Kyle.Coder@va.gov","Kyle.Coder@va.gov","0","0","0",,,,,
"566","Learning Labs","Tenneil Zielaskowski – Wyoming CBOC, RM1M103, Desk 8 @ 12/01/2025 12:00 AM","Tenneil.Zielaskowski@va.gov","Wyoming CBOC, RM1M103, Desk 8","2025-12-02T04:00:00Z","2025-12-01T05:00:00Z",,,"0","0","Learning Labs","HIS","True","Denise.Patterer@va.gov","Desk",,"2025-12-01T05:00:00Z","Super User Training","84",,,,"Wyoming CBOC, RM1M103","True",,,,,,,"2025-12-19T17:37:17Z","2025-12-19T17:37:17Z","Kyle.Coder@va.gov","Kyle.Coder@va.gov","0","0","0",,,,,
"565","Learning Labs","Tenneil Zielaskowski – Wyoming CBOC, RM1M103, Desk 7 @ 12/01/2025 12:00 AM","Tenneil.Zielaskowski@va.gov","Wyoming CBOC, RM1M103, Desk 7","2025-12-02T04:00:00Z","2025-12-01T05:00:00Z",,,"0","0","Learning Labs","HIS","True","Denise.Patterer@va.gov","Desk",,"2025-12-01T05:00:00Z","Super User Training","84",,,,"Wyoming CBOC, RM1M103","True",,,,,,,"2025-12-19T17:37:17Z","2025-12-19T17:37:17Z","Kyle.Coder@va.gov","Kyle.Coder@va.gov","0","0","0",,,,,
"564","Learning Labs","Tenneil Zielaskowski – Wyoming CBOC, RM1M103, Desk 6 @ 12/01/2025 12:00 AM","Tenneil.Zielaskowski@va.gov","Wyoming CBOC, RM1M103, Desk 6","2025-12-02T04:00:00Z","2025-12-01T05:00:00Z",,,"0","0","Learning Labs","HIS","True","Denise.Patterer@va.gov","Desk",,"2025-12-01T05:00:00Z","Super User Training","84",,,,"Wyoming CBOC, RM1M103","True",,,,,,,"2025-12-19T17:37:16Z","2025-12-19T17:37:16Z","Kyle.Coder@va.gov","Kyle.Coder@va.gov","0","0","0",,,,,
"563","Learning Labs","Tenneil Zielaskowski – Wyoming CBOC, RM1M103, Desk 5 @ 12/01/2025 12:00 AM","Tenneil.Zielaskowski@va.gov","Wyoming CBOC, RM1M103, Desk 5","2025-12-02T04:00:00Z","2025-12-01T05:00:00Z",,,"0","0","Learning Labs","HIS","True","Denise.Patterer@va.gov","Desk",,"2025-12-01T05:00:00Z","Super User Training","84",,,,"Wyoming CBOC, RM1M103","True",,,,,,,"2025-12-19T17:37:16Z","2025-12-19T17:37:16Z","Kyle.Coder@va.gov","Kyle.Coder@va.gov","0","0","0",,,,,
"562","Learning Labs","Tenneil Zielaskowski – Wyoming CBOC, RM1M103, Desk 3 @ 12/01/2025 12:00 AM","Tenneil.Zielaskowski@va.gov","Wyoming CBOC, RM1M103, Desk 3","2025-12-02T04:00:00Z","2025-12-01T05:00:00Z",,,"0","0","Learning Labs","HIS","True","Denise.Patterer@va.gov","Desk",,"2025-12-01T05:00:00Z","Super User Training","83",,,,"Wyoming CBOC, RM1M103","True",,,,,,,"2025-12-19T17:37:16Z","2025-12-19T17:37:16Z","Kyle.Coder@va.gov","Kyle.Coder@va.gov","0","0","0",,,,,
"561","Learning Labs","Tenneil Zielaskowski – Wyoming CBOC, RM1M103, Desk 5 @ 11/19/2025 12:00 AM","Tenneil.Zielaskowski@va.gov","Wyoming CBOC, RM1M103, Desk 5","2025-11-20T04:00:00Z","2025-11-19T05:00:00Z",,,"0","0","Learning Labs","HIS","True","Denise.Patterer@va.gov","Desk",,"2025-11-19T05:00:00Z","Super User Training","82",,,,"Wyoming CBOC, RM1M103","True",,,,,,,"2025-12-19T17:37:16Z","2025-12-19T17:37:16Z","Kyle.Coder@va.gov","Kyle.Coder@va.gov","0","0","0",,,,,
"560","Learning Labs","Tenneil Zielaskowski – Wyoming CBOC, RM1M103, Desk 4 @ 11/19/2025 12:00 AM","Tenneil.Zielaskowski@va.gov","Wyoming CBOC, RM1M103, Desk 4","2025-11-20T04:00:00Z","2025-11-19T05:00:00Z",,,"0","0","Learning Labs","HIS","True","Denise.Patterer@va.gov","Desk",,"2025-11-19T05:00:00Z","Super User Training","82",,,,"Wyoming CBOC, RM1M103","True",,,,,,,"2025-12-19T17:37:16Z","2025-12-19T17:37:16Z","Kyle.Coder@va.gov","Kyle.Coder@va.gov","0","0","0",,,,,
"559","Learning Labs","Tenneil Zielaskowski – Wyoming CBOC, RM1M103, Desk 3 @ 11/19/2025 12:00 AM","Tenneil.Zielaskowski@va.gov","Wyoming CBOC, RM1M103, Desk 3","2025-11-20T04:00:00Z","2025-11-19T05:00:00Z",,,"0","0","Learning Labs","HIS","True","Denise.Patterer@va.gov","Desk",,"2025-11-19T05:00:00Z","Super User Training","82",,,,"Wyoming CBOC, RM1M103","True",,,,,,,"2025-12-19T17:37:15Z","2025-12-19T17:37:15Z","Kyle.Coder@va.gov","Kyle.Coder@va.gov","0","0","0",,,,,
"558","Learning Labs","Tenneil Zielaskowski – Wyoming CBOC, RM1M103, Desk 2 @ 11/19/2025 12:00 AM","Tenneil.Zielaskowski@va.gov","Wyoming CBOC, RM1M103, Desk 2","2025-11-20T04:00:00Z","2025-11-19T05:00:00Z",,,"0","0","Learning Labs","HIS","True","Denise.Patterer@va.gov","Desk",,"2025-11-19T05:00:00Z","Super User Training","82",,,,"Wyoming CBOC, RM1M103","True",,,,,,,"2025-12-19T17:37:15Z","2025-12-19T17:37:15Z","Kyle.Coder@va.gov","Kyle.Coder@va.gov","0","0","0",,,,,
"557","Learning Labs","Tenneil Zielaskowski – Wyoming CBOC, RM1M103, Desk 14 @ 11/19/2025 12:00 AM","Tenneil.Zielaskowski@va.gov","Wyoming CBOC, RM1M103, Desk 14","2025-11-20T04:00:00Z","2025-11-19T05:00:00Z",,,"0","0","Learning Labs","HIS","True","Denise.Patterer@va.gov","Desk",,"2025-11-19T05:00:00Z","Super User Training","82",,,,"Wyoming CBOC, RM1M103","True",,,,,,,"2025-12-19T17:37:15Z","2025-12-19T17:37:15Z","Kyle.Coder@va.gov","Kyle.Coder@va.gov","0","0","0",,,,,
"556","Learning Labs","Tenneil Zielaskowski – Wyoming CBOC, RM1M103, Desk 13 @ 11/19/2025 12:00 AM","Tenneil.Zielaskowski@va.gov","Wyoming CBOC, RM1M103, Desk 13","2025-11-20T04:00:00Z","2025-11-19T05:00:00Z",,,"0","0","Learning Labs","HIS","True","Denise.Patterer@va.gov","Desk",,"2025-11-19T05:00:00Z","Super User Training","82",,,,"Wyoming CBOC, RM1M103","True",,,,,,,"2025-12-19T17:37:15Z","2025-12-19T17:37:15Z","Kyle.Coder@va.gov","Kyle.Coder@va.gov","0","0","0",,,,,
"555","Learning Labs","Tenneil Zielaskowski – Wyoming CBOC, RM1M103, Desk 12 @ 11/19/2025 12:00 AM","Tenneil.Zielaskowski@va.gov","Wyoming CBOC, RM1M103, Desk 12","2025-11-20T04:00:00Z","2025-11-19T05:00:00Z",,,"0","0","Learning Labs","HIS","True","Denise.Patterer@va.gov","Desk",,"2025-11-19T05:00:00Z","Super User Training","82",,,,"Wyoming CBOC, RM1M103","True",,,,,,,"2025-12-19T17:37:15Z","2025-12-19T17:37:15Z","Kyle.Coder@va.gov","Kyle.Coder@va.gov","0","0","0",,,,,
"554","Learning Labs","Tenneil Zielaskowski – Wyoming CBOC, RM1M103, Desk 11 @ 11/19/2025 12:00 AM","Tenneil.Zielaskowski@va.gov","Wyoming CBOC, RM1M103, Desk 11","2025-11-20T04:00:00Z","2025-11-19T05:00:00Z",,,"0","0","Learning Labs","HIS","True","Denise.Patterer@va.gov","Desk",,"2025-11-19T05:00:00Z","Super User Training","82",,,,"Wyoming CBOC, RM1M103","True",,,,,,,"2025-12-19T17:37:15Z","2025-12-19T17:37:15Z","Kyle.Coder@va.gov","Kyle.Coder@va.gov","0","0","0",,,,,
"553","Learning Labs","Tenneil Zielaskowski – Wyoming CBOC, RM1M103, Desk 10 @ 11/19/2025 12:00 AM","Tenneil.Zielaskowski@va.gov","Wyoming CBOC, RM1M103, Desk 10","2025-11-20T04:00:00Z","2025-11-19T05:00:00Z",,,"0","0","Learning Labs","HIS","True","Denise.Patterer@va.gov","Desk",,"2025-11-19T05:00:00Z","Super User Training","82",,,,"Wyoming CBOC, RM1M103","True",,,,,,,"2025-12-19T17:37:14Z","2025-12-19T17:37:14Z","Kyle.Coder@va.gov","Kyle.Coder@va.gov","0","0","0",,,,,
"552","Learning Labs","Tenneil Zielaskowski – Wyoming CBOC, RM1M103, Desk 1 @ 11/19/2025 12:00 AM","Tenneil.Zielaskowski@va.gov","Wyoming CBOC, RM1M103, Desk 1","2025-11-20T04:00:00Z","2025-11-19T05:00:00Z",,,"0","0","Learning Labs","HIS","True","Denise.Patterer@va.gov","Desk",,"2025-11-19T05:00:00Z","Super User Training","82",,,,"Wyoming CBOC, RM1M103","True",,,,,,,"2025-12-19T17:37:14Z","2025-12-19T17:37:14Z","Kyle.Coder@va.gov","Kyle.Coder@va.gov","0","0","0",,,,,
"551","Learning Labs","Tenneil Zielaskowski – Wyoming CBOC, RM1M103, Desk 9 @ 11/19/2025 12:00 AM","Tenneil.Zielaskowski@va.gov","Wyoming CBOC, RM1M103, Desk 9","2025-11-20T04:00:00Z","2025-11-19T05:00:00Z",,,"0","0","Learning Labs","HIS","True","Denise.Patterer@va.gov","Desk",,"2025-11-19T05:00:00Z","Super User Training","82",,,,"Wyoming CBOC, RM1M103","True",,,,,,,"2025-12-19T17:37:14Z","2025-12-19T17:37:14Z","Kyle.Coder@va.gov","Kyle.Coder@va.gov","0","0","0",,,,,
"550","Learning Labs","Tenneil Zielaskowski – Wyoming CBOC, RM1M103, Desk 8 @ 11/19/2025 12:00 AM","Tenneil.Zielaskowski@va.gov","Wyoming CBOC, RM1M103, Desk 8","2025-11-20T04:00:00Z","2025-11-19T05:00:00Z",,,"0","0","Learning Labs","HIS","True","Denise.Patterer@va.gov","Desk",,"2025-11-19T05:00:00Z","Super User Training","82",,,,"Wyoming CBOC, RM1M103","True",,,,,,,"2025-12-19T17:37:14Z","2025-12-19T17:37:14Z","Kyle.Coder@va.gov","Kyle.Coder@va.gov","0","0","0",,,,,
"549","Learning Labs","Tenneil Zielaskowski – Wyoming CBOC, RM1M103, Desk 7 @ 11/19/2025 12:00 AM","Tenneil.Zielaskowski@va.gov","Wyoming CBOC, RM1M103, Desk 7","2025-11-20T04:00:00Z","2025-11-19T05:00:00Z",,,"0","0","Learning Labs","HIS","True","Denise.Patterer@va.gov","Desk",,"2025-11-19T05:00:00Z","Super User Training","82",,,,"Wyoming CBOC, RM1M103","True",,,,,,,"2025-12-19T17:37:13Z","2025-12-19T17:37:13Z","Kyle.Coder@va.gov","Kyle.Coder@va.gov","0","0","0",,,,,
"548","Learning Labs","Tenneil Zielaskowski – Wyoming CBOC, RM1M103, Desk 6 @ 11/19/2025 12:00 AM","Tenneil.Zielaskowski@va.gov","Wyoming CBOC, RM1M103, Desk 6","2025-11-20T04:00:00Z","2025-11-19T05:00:00Z",,,"0","0","Learning Labs","HIS","True","Denise.Patterer@va.gov","Desk",,"2025-11-19T05:00:00Z","Super User Training","82",,,,"Wyoming CBOC, RM1M103","True",,,,,,,"2025-12-19T17:37:13Z","2025-12-19T17:37:13Z","Kyle.Coder@va.gov","Kyle.Coder@va.gov","0","0","0",,,,,
"547","Learning Labs
","Tenneil Zielaskowski – Wyoming CBOC, RM1M103, Desk 9 @ 11/18/2025 12:00 AM","Tenneil.Zielaskowski@va.gov","Wyoming CBOC, RM1M103, Desk 9","2025-11-19T04:00:00Z","2025-11-18T05:00:00Z",,,"0","0","Learning Labs
","HIS","True","Denise.Patterer@va.gov","Desk",,"2025-11-18T05:00:00Z","Super User Training","81",,,,"Wyoming CBOC, RM1M103","True",,,,,,,"2025-12-19T17:37:13Z","2025-12-19T17:37:13Z","Kyle.Coder@va.gov","Kyle.Coder@va.gov","0","0","0",,,,,
"546","Learning Labs
","Tenneil Zielaskowski – Wyoming CBOC, RM1M103, Desk 8 @ 11/18/2025 12:00 AM","Tenneil.Zielaskowski@va.gov","Wyoming CBOC, RM1M103, Desk 8","2025-11-19T04:00:00Z","2025-11-18T05:00:00Z",,,"0","0","Learning Labs
","HIS","True","Denise.Patterer@va.gov","Desk",,"2025-11-18T05:00:00Z","Super User Training","81",,,,"Wyoming CBOC, RM1M103","True",,,,,,,"2025-12-19T17:37:13Z","2025-12-19T17:37:13Z","Kyle.Coder@va.gov","Kyle.Coder@va.gov","0","0","0",,,,,
"545","Learning Labs
","Tenneil Zielaskowski – Wyoming CBOC, RM1M103, Desk 7 @ 11/18/2025 12:00 AM","Tenneil.Zielaskowski@va.gov","Wyoming CBOC, RM1M103, Desk 7","2025-11-19T04:00:00Z","2025-11-18T05:00:00Z",,,"0","0","Learning Labs
","HIS","True","Denise.Patterer@va.gov","Desk",,"2025-11-18T05:00:00Z","Super User Training","81",,,,"Wyoming CBOC, RM1M103","True",,,,,,,"2025-12-19T17:37:12Z","2025-12-19T17:37:12Z","Kyle.Coder@va.gov","Kyle.Coder@va.gov","0","0","0",,,,,
"544","Learning Labs
","Tenneil Zielaskowski – Wyoming CBOC, RM1M103, Desk 6 @ 11/18/2025 12:00 AM","Tenneil.Zielaskowski@va.gov","Wyoming CBOC, RM1M103, Desk 6","2025-11-19T04:00:00Z","2025-11-18T05:00:00Z",,,"0","0","Learning Labs
","HIS","True","Denise.Patterer@va.gov","Desk",,"2025-11-18T05:00:00Z","Super User Training","81",,,,"Wyoming CBOC, RM1M103","True",,,,,,,"2025-12-19T17:37:12Z","2025-12-19T17:37:12Z","Kyle.Coder@va.gov","Kyle.Coder@va.gov","0","0","0",,,,,
"543","Learning Labs
","Tenneil Zielaskowski – Wyoming CBOC, RM1M103, Desk 5 @ 11/18/2025 12:00 AM","Tenneil.Zielaskowski@va.gov","Wyoming CBOC, RM1M103, Desk 5","2025-11-19T04:00:00Z","2025-11-18T05:00:00Z",,,"0","0","Learning Labs
","HIS","True","Denise.Patterer@va.gov","Desk",,"2025-11-18T05:00:00Z","Super User Training","81",,,,"Wyoming CBOC, RM1M103","True",,,,,,,"2025-12-19T17:37:12Z","2025-12-19T17:37:12Z","Kyle.Coder@va.gov","Kyle.Coder@va.gov","0","0","0",,,,,
"542","Learning Labs
","Tenneil Zielaskowski – Wyoming CBOC, RM1M103, Desk 4 @ 11/18/2025 12:00 AM","Tenneil.Zielaskowski@va.gov","Wyoming CBOC, RM1M103, Desk 4","2025-11-19T04:00:00Z","2025-11-18T05:00:00Z",,,"0","0","Learning Labs
","HIS","True","Denise.Patterer@va.gov","Desk",,"2025-11-18T05:00:00Z","Super User Training","81",,,,"Wyoming CBOC, RM1M103","True",,,,,,,"2025-12-19T17:37:12Z","2025-12-19T17:37:12Z","Kyle.Coder@va.gov","Kyle.Coder@va.gov","0","0","0",,,,,
"541","Learning Labs
","Tenneil Zielaskowski – Wyoming CBOC, RM1M103, Desk 3 @ 11/18/2025 12:00 AM","Tenneil.Zielaskowski@va.gov","Wyoming CBOC, RM1M103, Desk 3","2025-11-19T04:00:00Z","2025-11-18T05:00:00Z",,,"0","0","Learning Labs
","HIS","True","Denise.Patterer@va.gov","Desk",,"2025-11-18T05:00:00Z","Super User Training","81",,,,"Wyoming CBOC, RM1M103","True",,,,,,,"2025-12-19T17:37:11Z","2025-12-19T17:37:11Z","Kyle.Coder@va.gov","Kyle.Coder@va.gov","0","0","0",,,,,
"540","Learning Labs
","Tenneil Zielaskowski – Wyoming CBOC, RM1M103, Desk 2 @ 11/18/2025 12:00 AM","Tenneil.Zielaskowski@va.gov","Wyoming CBOC, RM1M103, Desk 2","2025-11-19T04:00:00Z","2025-11-18T05:00:00Z",,,"0","0","Learning Labs
","HIS","True","Denise.Patterer@va.gov","Desk",,"2025-11-18T05:00:00Z","Super User Training","81",,,,"Wyoming CBOC, RM1M103","True",,,,,,,"2025-12-19T17:37:11Z","2025-12-19T17:37:11Z","Kyle.Coder@va.gov","Kyle.Coder@va.gov","0","0","0",,,,,
"539","Learning Labs
","Tenneil Zielaskowski – Wyoming CBOC, RM1M103, Desk 14 @ 11/18/2025 12:00 AM","Tenneil.Zielaskowski@va.gov","Wyoming CBOC, RM1M103, Desk 14","2025-11-19T04:00:00Z","2025-11-18T05:00:00Z",,,"0","0","Learning Labs
","HIS","True","Denise.Patterer@va.gov","Desk",,"2025-11-18T05:00:00Z","Super User Training","81",,,,"Wyoming CBOC, RM1M103","True",,,,,,,"2025-12-19T17:37:11Z","2025-12-19T17:37:11Z","Kyle.Coder@va.gov","Kyle.Coder@va.gov","0","0","0",,,,,
"538","Learning Labs
","Tenneil Zielaskowski – Wyoming CBOC, RM1M103, Desk 13 @ 11/18/2025 12:00 AM","Tenneil.Zielaskowski@va.gov","Wyoming CBOC, RM1M103, Desk 13","2025-11-19T04:00:00Z","2025-11-18T05:00:00Z",,,"0","0","Learning Labs
","HIS","True","Denise.Patterer@va.gov","Desk",,"2025-11-18T05:00:00Z","Super User Training","81",,,,"Wyoming CBOC, RM1M103","True",,,,,,,"2025-12-19T17:37:11Z","2025-12-19T17:37:11Z","Kyle.Coder@va.gov","Kyle.Coder@va.gov","0","0","0",,,,,
"537","Learning Labs
","Tenneil Zielaskowski – Wyoming CBOC, RM1M103, Desk 12 @ 11/18/2025 12:00 AM","Tenneil.Zielaskowski@va.gov","Wyoming CBOC, RM1M103, Desk 12","2025-11-19T04:00:00Z","2025-11-18T05:00:00Z",,,"0","0","Learning Labs
","HIS","True","Denise.Patterer@va.gov","Desk",,"2025-11-18T05:00:00Z","Super User Training","81",,,,"Wyoming CBOC, RM1M103","True",,,,,,,"2025-12-19T17:37:11Z","2025-12-19T17:37:11Z","Kyle.Coder@va.gov","Kyle.Coder@va.gov","0","0","0",,,,,
"536","Learning Labs
","Tenneil Zielaskowski – Wyoming CBOC, RM1M103, Desk 11 @ 11/18/2025 12:00 AM","Tenneil.Zielaskowski@va.gov","Wyoming CBOC, RM1M103, Desk 11","2025-11-19T04:00:00Z","2025-11-18T05:00:00Z",,,"0","0","Learning Labs
","HIS","True","Denise.Patterer@va.gov","Desk",,"2025-11-18T05:00:00Z","Super User Training","81",,,,"Wyoming CBOC, RM1M103","True",,,,,,,"2025-12-19T17:37:10Z","2025-12-19T17:37:10Z","Kyle.Coder@va.gov","Kyle.Coder@va.gov","0","0","0",,,,,
"535","Learning Labs
","Tenneil Zielaskowski – Wyoming CBOC, RM1M103, Desk 10 @ 11/18/2025 12:00 AM","Tenneil.Zielaskowski@va.gov","Wyoming CBOC, RM1M103, Desk 10","2025-11-19T04:00:00Z","2025-11-18T05:00:00Z",,,"0","0","Learning Labs
","HIS","True","Denise.Patterer@va.gov","Desk",,"2025-11-18T05:00:00Z","Super User Training","81",,,,"Wyoming CBOC, RM1M103","True",,,,,,,"2025-12-19T17:37:10Z","2025-12-19T17:37:10Z","Kyle.Coder@va.gov","Kyle.Coder@va.gov","0","0","0",,,,,
"534","Learning Labs
","Tenneil Zielaskowski – Wyoming CBOC, RM1M103, Desk 1 @ 11/18/2025 12:00 AM","Tenneil.Zielaskowski@va.gov","Wyoming CBOC, RM1M103, Desk 1","2025-11-19T04:00:00Z","2025-11-18T05:00:00Z",,,"0","0","Learning Labs
","HIS","True","Denise.Patterer@va.gov","Desk",,"2025-11-18T05:00:00Z","Super User Training","81",,,,"Wyoming CBOC, RM1M103","True",,,,,,,"2025-12-19T17:37:10Z","2025-12-19T17:37:10Z","Kyle.Coder@va.gov","Kyle.Coder@va.gov","0","0","0",,,,,
"533",,"Thomas Moon – Bldg. 2, RM1317, Desk 2 @ 11/05/2025 08:00 AM","Thomas.Moon@va.gov","Bldg. 2, RM1317, Desk 2","2025-11-05T22:00:00Z","2025-11-05T13:00:00Z",,,"0","0",,"RN","True","Amanda.Williams@va.gov","Desk",,"2025-11-05T05:00:00Z","Super User Training","80",,,,"Bldg. 2, RM1317","True",,,,,,,"2025-12-19T17:37:10Z","2025-12-19T17:37:10Z","Kyle.Coder@va.gov","Kyle.Coder@va.gov","0","0","0",,,,,
"532",,"Thomas Moon – Bldg. 2, RM1317, Desk 1  @ 11/04/2025 08:00 AM","Thomas.Moon@va.gov","Bldg. 2, RM1317, Desk 1 ","2025-11-04T22:00:00Z","2025-11-04T13:00:00Z",,,"0","0",,"RN","True","Amanda.Williams@va.gov","Desk",,"2025-11-04T05:00:00Z","Super User Training","79",,,,"Bldg. 2, RM1317","True",,,,,,,"2025-12-19T17:37:10Z","2025-12-19T17:37:10Z","Kyle.Coder@va.gov","Kyle.Coder@va.gov","0","0","0",,,,,
"531","Learning Labs","Tenneil Zielaskowski – Wyoming CBOC, RM1M103, Desk 9 @ 11/17/2025 12:00 AM","Tenneil.Zielaskowski@va.gov","Wyoming CBOC, RM1M103, Desk 9","2025-11-18T04:00:00Z","2025-11-17T05:00:00Z",,,"0","0","Learning Labs","HIS","True","Denise.Patterer@va.gov","Desk",,"2025-11-17T05:00:00Z","Super User Training","78",,,,"Wyoming CBOC, RM1M103","True",,,,,,,"2025-12-19T17:37:09Z","2025-12-19T17:37:09Z","Kyle.Coder@va.gov","Kyle.Coder@va.gov","0","0","0",,,,,
"530","Learning Labs","Tenneil Zielaskowski – Wyoming CBOC, RM1M103, Desk 8 @ 11/17/2025 12:00 AM","Tenneil.Zielaskowski@va.gov","Wyoming CBOC, RM1M103, Desk 8","2025-11-18T04:00:00Z","2025-11-17T05:00:00Z",,,"0","0","Learning Labs","HIS","True","Denise.Patterer@va.gov","Desk",,"2025-11-17T05:00:00Z","Super User Training","78",,,,"Wyoming CBOC, RM1M103","True",,,,,,,"2025-12-19T17:37:09Z","2025-12-19T17:37:09Z","Kyle.Coder@va.gov","Kyle.Coder@va.gov","0","0","0",,,,,
"529","Learning Labs","Tenneil Zielaskowski – Wyoming CBOC, RM1M103, Desk 7 @ 11/17/2025 12:00 AM","Tenneil.Zielaskowski@va.gov","Wyoming CBOC, RM1M103, Desk 7","2025-11-18T04:00:00Z","2025-11-17T05:00:00Z",,,"0","0","Learning Labs","HIS","True","Denise.Patterer@va.gov","Desk",,"2025-11-17T05:00:00Z","Super User Training","78",,,,"Wyoming CBOC, RM1M103","True",,,,,,,"2025-12-19T17:37:09Z","2025-12-19T17:37:09Z","Kyle.Coder@va.gov","Kyle.Coder@va.gov","0","0","0",,,,,
"528","Learning Labs","Tenneil Zielaskowski – Wyoming CBOC, RM1M103, Desk 6 @ 11/17/2025 12:00 AM","Tenneil.Zielaskowski@va.gov","Wyoming CBOC, RM1M103, Desk 6","2025-11-18T04:00:00Z","2025-11-17T05:00:00Z",,,"0","0","Learning Labs","HIS","True","Denise.Patterer@va.gov","Desk",,"2025-11-17T05:00:00Z","Super User Training","78",,,,"Wyoming CBOC, RM1M103","True",,,,,,,"2025-12-19T17:37:09Z","2025-12-19T17:37:09Z","Kyle.Coder@va.gov","Kyle.Coder@va.gov","0","0","0",,,,,
"527","Learning Labs","Tenneil Zielaskowski – Wyoming CBOC, RM1M103, Desk 5 @ 11/17/2025 12:00 AM","Tenneil.Zielaskowski@va.gov","Wyoming CBOC, RM1M103, Desk 5","2025-11-18T04:00:00Z","2025-11-17T05:00:00Z",,,"0","0","Learning Labs","HIS","True","Denise.Patterer@va.gov","Desk",,"2025-11-17T05:00:00Z","Super User Training","78",,,,"Wyoming CBOC, RM1M103","True",,,,,,,"2025-12-19T17:37:08Z","2025-12-19T17:37:08Z","Kyle.Coder@va.gov","Kyle.Coder@va.gov","0","0","0",,,,,
"526","Learning Labs","Tenneil Zielaskowski – Wyoming CBOC, RM1M103, Desk 4 @ 11/17/2025 12:00 AM","Tenneil.Zielaskowski@va.gov","Wyoming CBOC, RM1M103, Desk 4","2025-11-18T04:00:00Z","2025-11-17T05:00:00Z",,,"0","0","Learning Labs","HIS","True","Denise.Patterer@va.gov","Desk",,"2025-11-17T05:00:00Z","Super User Training","78",,,,"Wyoming CBOC, RM1M103","True",,,,,,,"2025-12-19T17:37:08Z","2025-12-19T17:37:08Z","Kyle.Coder@va.gov","Kyle.Coder@va.gov","0","0","0",,,,,
"525","Learning Labs","Tenneil Zielaskowski – Wyoming CBOC, RM1M103, Desk 3 @ 11/17/2025 12:00 AM","Tenneil.Zielaskowski@va.gov","Wyoming CBOC, RM1M103, Desk 3","2025-11-18T04:00:00Z","2025-11-17T05:00:00Z",,,"0","0","Learning Labs","HIS","True","Denise.Patterer@va.gov","Desk",,"2025-11-17T05:00:00Z","Super User Training","78",,,,"Wyoming CBOC, RM1M103","True",,,,,,,"2025-12-19T17:37:08Z","2025-12-19T17:37:08Z","Kyle.Coder@va.gov","Kyle.Coder@va.gov","0","0","0",,,,,
"524","Learning Labs","Tenneil Zielaskowski – Wyoming CBOC, RM1M103, Desk 2 @ 11/17/2025 12:00 AM","Tenneil.Zielaskowski@va.gov","Wyoming CBOC, RM1M103, Desk 2","2025-11-18T04:00:00Z","2025-11-17T05:00:00Z",,,"0","0","Learning Labs","HIS","True","Denise.Patterer@va.gov","Desk",,"2025-11-17T05:00:00Z","Super User Training","78",,,,"Wyoming CBOC, RM1M103","True",,,,,,,"2025-12-19T17:37:08Z","2025-12-19T17:37:08Z","Kyle.Coder@va.gov","Kyle.Coder@va.gov","0","0","0",,,,,
"523","Learning Labs","Tenneil Zielaskowski – Wyoming CBOC, RM1M103, Desk 14 @ 11/17/2025 12:00 AM","Tenneil.Zielaskowski@va.gov","Wyoming CBOC, RM1M103, Desk 14","2025-11-18T04:00:00Z","2025-11-17T05:00:00Z",,,"0","0","Learning Labs","HIS","True","Denise.Patterer@va.gov","Desk",,"2025-11-17T05:00:00Z","Super User Training","78",,,,"Wyoming CBOC, RM1M103","True",,,,,,,"2025-12-19T17:37:08Z","2025-12-19T17:37:08Z","Kyle.Coder@va.gov","Kyle.Coder@va.gov","0","0","0",,,,,
"522","Learning Labs","Tenneil Zielaskowski – Wyoming CBOC, RM1M103, Desk 13 @ 11/17/2025 12:00 AM","Tenneil.Zielaskowski@va.gov","Wyoming CBOC, RM1M103, Desk 13","2025-11-18T04:00:00Z","2025-11-17T05:00:00Z",,,"0","0","Learning Labs","HIS","True","Denise.Patterer@va.gov","Desk",,"2025-11-17T05:00:00Z","Super User Training","78",,,,"Wyoming CBOC, RM1M103","True",,,,,,,"2025-12-19T17:37:07Z","2025-12-19T17:37:07Z","Kyle.Coder@va.gov","Kyle.Coder@va.gov","0","0","0",,,,,
"521","Learning Labs","Tenneil Zielaskowski – Wyoming CBOC, RM1M103, Desk 12 @ 11/17/2025 12:00 AM","Tenneil.Zielaskowski@va.gov","Wyoming CBOC, RM1M103, Desk 12","2025-11-18T04:00:00Z","2025-11-17T05:00:00Z",,,"0","0","Learning Labs","HIS","True","Denise.Patterer@va.gov","Desk",,"2025-11-17T05:00:00Z","Super User Training","78",,,,"Wyoming CBOC, RM1M103","True",,,,,,,"2025-12-19T17:37:07Z","2025-12-19T17:37:07Z","Kyle.Coder@va.gov","Kyle.Coder@va.gov","0","0","0",,,,,
"520","Learning Labs","Tenneil Zielaskowski – Wyoming CBOC, RM1M103, Desk 11 @ 11/17/2025 12:00 AM","Tenneil.Zielaskowski@va.gov","Wyoming CBOC, RM1M103, Desk 11","2025-11-18T04:00:00Z","2025-11-17T05:00:00Z",,,"0","0","Learning Labs","HIS","True","Denise.Patterer@va.gov","Desk",,"2025-11-17T05:00:00Z","Super User Training","78",,,,"Wyoming CBOC, RM1M103","True",,,,,,,"2025-12-19T17:37:07Z","2025-12-19T17:37:07Z","Kyle.Coder@va.gov","Kyle.Coder@va.gov","0","0","0",,,,,
"519","Learning Labs","Tenneil Zielaskowski – Wyoming CBOC, RM1M103, Desk 10 @ 11/17/2025 12:00 AM","Tenneil.Zielaskowski@va.gov","Wyoming CBOC, RM1M103, Desk 10","2025-11-18T04:00:00Z","2025-11-17T05:00:00Z",,,"0","0","Learning Labs","HIS","True","Denise.Patterer@va.gov","Desk",,"2025-11-17T05:00:00Z","Super User Training","78",,,,"Wyoming CBOC, RM1M103","True",,,,,,,"2025-12-19T17:37:07Z","2025-12-19T17:37:07Z","Kyle.Coder@va.gov","Kyle.Coder@va.gov","0","0","0",,,,,
"518","Learning Labs","Tenneil Zielaskowski – Wyoming CBOC, RM1M103, Desk 1 @ 11/17/2025 12:00 AM","Tenneil.Zielaskowski@va.gov","Wyoming CBOC, RM1M103, Desk 1","2025-11-18T04:00:00Z","2025-11-17T05:00:00Z",,,"0","0","Learning Labs","HIS","True","Denise.Patterer@va.gov","Desk",,"2025-11-17T05:00:00Z","Super User Training","78",,,,"Wyoming CBOC, RM1M103","True",,,,,,,"2025-12-19T17:37:07Z","2025-12-19T17:37:07Z","Kyle.Coder@va.gov","Kyle.Coder@va.gov","0","0","0",,,,,
"517","Learning Labs","Tenneil Zielaskowski – Bldg. 8, RM105, Desk 9 @ 01/09/2026 12:00 AM","Tenneil.Zielaskowski@va.gov","Bldg. 8, RM105, Desk 9","2026-01-10T04:00:00Z","2026-01-09T05:00:00Z",,,"0","0","Learning Labs","HIS","True","Denise.Patterer@va.gov","Desk",,"2026-01-09T05:00:00Z","Super User Training","77",,,,"Bldg. 8, RM105","True",,,,,,,"2025-12-19T17:37:06Z","2025-12-19T17:37:06Z","Kyle.Coder@va.gov","Kyle.Coder@va.gov","0","0","0",,,,,
"516","Learning Labs","Tenneil Zielaskowski – Bldg. 8, RM105, Desk 8 @ 01/09/2026 12:00 AM","Tenneil.Zielaskowski@va.gov","Bldg. 8, RM105, Desk 8","2026-01-10T04:00:00Z","2026-01-09T05:00:00Z",,,"0","0","Learning Labs","HIS","True","Denise.Patterer@va.gov","Desk",,"2026-01-09T05:00:00Z","Super User Training","77",,,,"Bldg. 8, RM105","True",,,,,,,"2025-12-19T17:37:06Z","2025-12-19T17:37:06Z","Kyle.Coder@va.gov","Kyle.Coder@va.gov","0","0","0",,,,,
"515","Learning Labs","Tenneil Zielaskowski – Bldg. 8, RM105, Desk 7 @ 01/09/2026 12:00 AM","Tenneil.Zielaskowski@va.gov","Bldg. 8, RM105, Desk 7","2026-01-10T04:00:00Z","2026-01-09T05:00:00Z",,,"0","0","Learning Labs","HIS","True","Denise.Patterer@va.gov","Desk",,"2026-01-09T05:00:00Z","Super User Training","77",,,,"Bldg. 8, RM105","True",,,,,,,"2025-12-19T17:37:06Z","2025-12-19T17:37:06Z","Kyle.Coder@va.gov","Kyle.Coder@va.gov","0","0","0",,,,,
"514","Learning Labs","Tenneil Zielaskowski – Bldg. 8, RM105, Desk 6 @ 01/09/2026 12:00 AM","Tenneil.Zielaskowski@va.gov","Bldg. 8, RM105, Desk 6","2026-01-10T04:00:00Z","2026-01-09T05:00:00Z",,,"0","0","Learning Labs","HIS","True","Denise.Patterer@va.gov","Desk",,"2026-01-09T05:00:00Z","Super User Training","77",,,,"Bldg. 8, RM105","True",,,,,,,"2025-12-19T17:37:06Z","2025-12-19T17:37:06Z","Kyle.Coder@va.gov","Kyle.Coder@va.gov","0","0","0",,,,,
"513","Learning Labs","Tenneil Zielaskowski – Bldg. 8, RM105, Desk 5 @ 01/09/2026 12:00 AM","Tenneil.Zielaskowski@va.gov","Bldg. 8, RM105, Desk 5","2026-01-10T04:00:00Z","2026-01-09T05:00:00Z",,,"0","0","Learning Labs","HIS","True","Denise.Patterer@va.gov","Desk",,"2026-01-09T05:00:00Z","Super User Training","77",,,,"Bldg. 8, RM105","True",,,,,,,"2025-12-19T17:37:05Z","2025-12-19T17:37:05Z","Kyle.Coder@va.gov","Kyle.Coder@va.gov","0","0","0",,,,,
"512","Learning Labs","Tenneil Zielaskowski – Bldg. 8, RM105, Desk 4 @ 01/09/2026 12:00 AM","Tenneil.Zielaskowski@va.gov","Bldg. 8, RM105, Desk 4","2026-01-10T04:00:00Z","2026-01-09T05:00:00Z",,,"0","0","Learning Labs","HIS","True","Denise.Patterer@va.gov","Desk",,"2026-01-09T05:00:00Z","Super User Training","77",,,,"Bldg. 8, RM105","True",,,,,,,"2025-12-19T17:37:05Z","2025-12-19T17:37:05Z","Kyle.Coder@va.gov","Kyle.Coder@va.gov","0","0","0",,,,,
"511","Learning Labs","Tenneil Zielaskowski – Bldg. 8, RM105, Desk 3 @ 01/09/2026 12:00 AM","Tenneil.Zielaskowski@va.gov","Bldg. 8, RM105, Desk 3","2026-01-10T04:00:00Z","2026-01-09T05:00:00Z",,,"0","0","Learning Labs","HIS","True","Denise.Patterer@va.gov","Desk",,"2026-01-09T05:00:00Z","Super User Training","77",,,,"Bldg. 8, RM105","True",,,,,,,"2025-12-19T17:37:05Z","2025-12-19T17:37:05Z","Kyle.Coder@va.gov","Kyle.Coder@va.gov","0","0","0",,,,,
"510","Learning Labs","Tenneil Zielaskowski – Bldg. 8, RM105, Desk 2 @ 01/09/2026 12:00 AM","Tenneil.Zielaskowski@va.gov","Bldg. 8, RM105, Desk 2","2026-01-10T04:00:00Z","2026-01-09T05:00:00Z",,,"0","0","Learning Labs","HIS","True","Denise.Patterer@va.gov","Desk",,"2026-01-09T05:00:00Z","Super User Training","77",,,,"Bldg. 8, RM105","True",,,,,,,"2025-12-19T17:37:05Z","2025-12-19T17:37:05Z","Kyle.Coder@va.gov","Kyle.Coder@va.gov","0","0","0",,,,,
"509","Learning Labs","Tenneil Zielaskowski – Bldg. 8, RM105, Desk 16 @ 01/09/2026 12:00 AM","Tenneil.Zielaskowski@va.gov","Bldg. 8, RM105, Desk 16","2026-01-10T04:00:00Z","2026-01-09T05:00:00Z",,,"0","0","Learning Labs","HIS","True","Denise.Patterer@va.gov","Desk",,"2026-01-09T05:00:00Z","Super User Training","77",,,,"Bldg. 8, RM105","True",,,,,,,"2025-12-19T17:37:05Z","2025-12-19T17:37:05Z","Kyle.Coder@va.gov","Kyle.Coder@va.gov","0","0","0",,,,,
"508","Learning Labs","Tenneil Zielaskowski – Bldg. 8, RM105, Desk 15 @ 01/09/2026 12:00 AM","Tenneil.Zielaskowski@va.gov","Bldg. 8, RM105, Desk 15","2026-01-10T04:00:00Z","2026-01-09T05:00:00Z",,,"0","0","Learning Labs","HIS","True","Denise.Patterer@va.gov","Desk",,"2026-01-09T05:00:00Z","Super User Training","77",,,,"Bldg. 8, RM105","True",,,,,,,"2025-12-19T17:37:04Z","2025-12-19T17:37:04Z","Kyle.Coder@va.gov","Kyle.Coder@va.gov","0","0","0",,,,,
"507","Learning Labs","Tenneil Zielaskowski – Bldg. 8, RM105, Desk 14 @ 01/09/2026 12:00 AM","Tenneil.Zielaskowski@va.gov","Bldg. 8, RM105, Desk 14","2026-01-10T04:00:00Z","2026-01-09T05:00:00Z",,,"0","0","Learning Labs","HIS","True","Denise.Patterer@va.gov","Desk",,"2026-01-09T05:00:00Z","Super User Training","77",,,,"Bldg. 8, RM105","True",,,,,,,"2025-12-19T17:37:04Z","2025-12-19T17:37:04Z","Kyle.Coder@va.gov","Kyle.Coder@va.gov","0","0","0",,,,,
"506","Learning Labs","Tenneil Zielaskowski – Bldg. 8, RM105, Desk 13 @ 01/09/2026 12:00 AM","Tenneil.Zielaskowski@va.gov","Bldg. 8, RM105, Desk 13","2026-01-10T04:00:00Z","2026-01-09T05:00:00Z",,,"0","0","Learning Labs","HIS","True","Denise.Patterer@va.gov","Desk",,"2026-01-09T05:00:00Z","Super User Training","77",,,,"Bldg. 8, RM105","True",,,,,,,"2025-12-19T17:37:04Z","2025-12-19T17:37:04Z","Kyle.Coder@va.gov","Kyle.Coder@va.gov","0","0","0",,,,,
"505","Learning Labs","Tenneil Zielaskowski – Bldg. 8, RM105, Desk 12 @ 01/09/2026 12:00 AM","Tenneil.Zielaskowski@va.gov","Bldg. 8, RM105, Desk 12","2026-01-10T04:00:00Z","2026-01-09T05:00:00Z",,,"0","0","Learning Labs","HIS","True","Denise.Patterer@va.gov","Desk",,"2026-01-09T05:00:00Z","Super User Training","77",,,,"Bldg. 8, RM105","True",,,,,,,"2025-12-19T17:37:04Z","2025-12-19T17:37:04Z","Kyle.Coder@va.gov","Kyle.Coder@va.gov","0","0","0",,,,,
"504","Learning Labs","Tenneil Zielaskowski – Bldg. 8, RM105, Desk 11 @ 01/09/2026 12:00 AM","Tenneil.Zielaskowski@va.gov","Bldg. 8, RM105, Desk 11","2026-01-10T04:00:00Z","2026-01-09T05:00:00Z",,,"0","0","Learning Labs","HIS","True","Denise.Patterer@va.gov","Desk",,"2026-01-09T05:00:00Z","Super User Training","77",,,,"Bldg. 8, RM105","True",,,,,,,"2025-12-19T17:37:04Z","2025-12-19T17:37:04Z","Kyle.Coder@va.gov","Kyle.Coder@va.gov","0","0","0",,,,,
"503","Learning Labs","Tenneil Zielaskowski – Bldg. 8, RM105, Desk 10 @ 01/09/2026 12:00 AM","Tenneil.Zielaskowski@va.gov","Bldg. 8, RM105, Desk 10","2026-01-10T04:00:00Z","2026-01-09T05:00:00Z",,,"0","0","Learning Labs","HIS","True","Denise.Patterer@va.gov","Desk",,"2026-01-09T05:00:00Z","Super User Training","77",,,,"Bldg. 8, RM105","True",,,,,,,"2025-12-19T17:37:03Z","2025-12-19T17:37:03Z","Kyle.Coder@va.gov","Kyle.Coder@va.gov","0","0","0",,,,,
"502","Learning Labs","Tenneil Zielaskowski – Bldg. 8, RM105, Desk 1 @ 01/09/2026 12:00 AM","Tenneil.Zielaskowski@va.gov","Bldg. 8, RM105, Desk 1","2026-01-10T04:00:00Z","2026-01-09T05:00:00Z",,,"0","0","Learning Labs","HIS","True","Denise.Patterer@va.gov","Desk",,"2026-01-09T05:00:00Z","Super User Training","77",,,,"Bldg. 8, RM105","True",,,,,,,"2025-12-19T17:37:03Z","2025-12-19T17:37:03Z","Kyle.Coder@va.gov","Kyle.Coder@va.gov","0","0","0",,,,,
"501","Learning Labs","Tenneil Zielaskowski – Bldg. 8, RM105, Desk 9 @ 01/08/2026 12:00 AM","Tenneil.Zielaskowski@va.gov","Bldg. 8, RM105, Desk 9","2026-01-09T04:00:00Z","2026-01-08T05:00:00Z",,,"0","0","Learning Labs","HIS","True","Denise.Patterer@va.gov","Desk",,"2026-01-08T05:00:00Z","Super User Training","76",,,,"Bldg. 8, RM105","True",,,,,,,"2025-12-19T17:37:03Z","2025-12-19T17:37:03Z","Kyle.Coder@va.gov","Kyle.Coder@va.gov","0","0","0",,,,,
"500","Learning Labs","Tenneil Zielaskowski – Bldg. 8, RM105, Desk 8 @ 01/08/2026 12:00 AM","Tenneil.Zielaskowski@va.gov","Bldg. 8, RM105, Desk 8","2026-01-09T04:00:00Z","2026-01-08T05:00:00Z",,,"0","0","Learning Labs","HIS","True","Denise.Patterer@va.gov","Desk",,"2026-01-08T05:00:00Z","Super User Training","76",,,,"Bldg. 8, RM105","True",,,,,,,"2025-12-19T17:37:02Z","2025-12-19T17:37:02Z","Kyle.Coder@va.gov","Kyle.Coder@va.gov","0","0","0",,,,,
"499","Learning Labs","Tenneil Zielaskowski – Bldg. 8, RM105, Desk 7 @ 01/08/2026 12:00 AM","Tenneil.Zielaskowski@va.gov","Bldg. 8, RM105, Desk 7","2026-01-09T04:00:00Z","2026-01-08T05:00:00Z",,,"0","0","Learning Labs","HIS","True","Denise.Patterer@va.gov","Desk",,"2026-01-08T05:00:00Z","Super User Training","76",,,,"Bldg. 8, RM105","True",,,,,,,"2025-12-19T17:37:02Z","2025-12-19T17:37:02Z","Kyle.Coder@va.gov","Kyle.Coder@va.gov","0","0","0",,,,,
"498","Learning Labs","Tenneil Zielaskowski – Bldg. 8, RM105, Desk 6 @ 01/08/2026 12:00 AM","Tenneil.Zielaskowski@va.gov","Bldg. 8, RM105, Desk 6","2026-01-09T04:00:00Z","2026-01-08T05:00:00Z",,,"0","0","Learning Labs","HIS","True","Denise.Patterer@va.gov","Desk",,"2026-01-08T05:00:00Z","Super User Training","76",,,,"Bldg. 8, RM105","True",,,,,,,"2025-12-19T17:37:02Z","2025-12-19T17:37:02Z","Kyle.Coder@va.gov","Kyle.Coder@va.gov","0","0","0",,,,,
"497","Learning Labs","Tenneil Zielaskowski – Bldg. 8, RM105, Desk 5 @ 01/08/2026 12:00 AM","Tenneil.Zielaskowski@va.gov","Bldg. 8, RM105, Desk 5","2026-01-09T04:00:00Z","2026-01-08T05:00:00Z",,,"0","0","Learning Labs","HIS","True","Denise.Patterer@va.gov","Desk",,"2026-01-08T05:00:00Z","Super User Training","76",,,,"Bldg. 8, RM105","True",,,,,,,"2025-12-19T17:37:02Z","2025-12-19T17:37:02Z","Kyle.Coder@va.gov","Kyle.Coder@va.gov","0","0","0",,,,,
"496","Learning Labs","Tenneil Zielaskowski – Bldg. 8, RM105, Desk 4 @ 01/08/2026 12:00 AM","Tenneil.Zielaskowski@va.gov","Bldg. 8, RM105, Desk 4","2026-01-09T04:00:00Z","2026-01-08T05:00:00Z",,,"0","0","Learning Labs","HIS","True","Denise.Patterer@va.gov","Desk",,"2026-01-08T05:00:00Z","Super User Training","76",,,,"Bldg. 8, RM105","True",,,,,,,"2025-12-19T17:37:02Z","2025-12-19T17:37:02Z","Kyle.Coder@va.gov","Kyle.Coder@va.gov","0","0","0",,,,,
"495","Learning Labs","Tenneil Zielaskowski – Bldg. 8, RM105, Desk 3 @ 01/08/2026 12:00 AM","Tenneil.Zielaskowski@va.gov","Bldg. 8, RM105, Desk 3","2026-01-09T04:00:00Z","2026-01-08T05:00:00Z",,,"0","0","Learning Labs","HIS","True","Denise.Patterer@va.gov","Desk",,"2026-01-08T05:00:00Z","Super User Training","76",,,,"Bldg. 8, RM105","True",,,,,,,"2025-12-19T17:37:01Z","2025-12-19T17:37:01Z","Kyle.Coder@va.gov","Kyle.Coder@va.gov","0","0","0",,,,,
"494","Learning Labs","Tenneil Zielaskowski – Bldg. 8, RM105, Desk 2 @ 01/08/2026 12:00 AM","Tenneil.Zielaskowski@va.gov","Bldg. 8, RM105, Desk 2","2026-01-09T04:00:00Z","2026-01-08T05:00:00Z",,,"0","0","Learning Labs","HIS","True","Denise.Patterer@va.gov","Desk",,"2026-01-08T05:00:00Z","Super User Training","76",,,,"Bldg. 8, RM105","True",,,,,,,"2025-12-19T17:37:01Z","2025-12-19T17:37:01Z","Kyle.Coder@va.gov","Kyle.Coder@va.gov","0","0","0",,,,,
"493","Learning Labs","Tenneil Zielaskowski – Bldg. 8, RM105, Desk 16 @ 01/08/2026 12:00 AM","Tenneil.Zielaskowski@va.gov","Bldg. 8, RM105, Desk 16","2026-01-09T04:00:00Z","2026-01-08T05:00:00Z",,,"0","0","Learning Labs","HIS","True","Denise.Patterer@va.gov","Desk",,"2026-01-08T05:00:00Z","Super User Training","76",,,,"Bldg. 8, RM105","True",,,,,,,"2025-12-19T17:37:01Z","2025-12-19T17:37:01Z","Kyle.Coder@va.gov","Kyle.Coder@va.gov","0","0","0",,,,,
"492","Learning Labs","Tenneil Zielaskowski – Bldg. 8, RM105, Desk 15 @ 01/08/2026 12:00 AM","Tenneil.Zielaskowski@va.gov","Bldg. 8, RM105, Desk 15","2026-01-09T04:00:00Z","2026-01-08T05:00:00Z",,,"0","0","Learning Labs","HIS","True","Denise.Patterer@va.gov","Desk",,"2026-01-08T05:00:00Z","Super User Training","76",,,,"Bldg. 8, RM105","True",,,,,,,"2025-12-19T17:37:01Z","2025-12-19T17:37:01Z","Kyle.Coder@va.gov","Kyle.Coder@va.gov","0","0","0",,,,,
"491","Learning Labs","Tenneil Zielaskowski – Bldg. 8, RM105, Desk 14 @ 01/08/2026 12:00 AM","Tenneil.Zielaskowski@va.gov","Bldg. 8, RM105, Desk 14","2026-01-09T04:00:00Z","2026-01-08T05:00:00Z",,,"0","0","Learning Labs","HIS","True","Denise.Patterer@va.gov","Desk",,"2026-01-08T05:00:00Z","Super User Training","76",,,,"Bldg. 8, RM105","True",,,,,,,"2025-12-19T17:37:01Z","2025-12-19T17:37:01Z","Kyle.Coder@va.gov","Kyle.Coder@va.gov","0","0","0",,,,,
"490","Learning Labs","Tenneil Zielaskowski – Bldg. 8, RM105, Desk 13 @ 01/08/2026 12:00 AM","Tenneil.Zielaskowski@va.gov","Bldg. 8, RM105, Desk 13","2026-01-09T04:00:00Z","2026-01-08T05:00:00Z",,,"0","0","Learning Labs","HIS","True","Denise.Patterer@va.gov","Desk",,"2026-01-08T05:00:00Z","Super User Training","76",,,,"Bldg. 8, RM105","True",,,,,,,"2025-12-19T17:37:00Z","2025-12-19T17:37:00Z","Kyle.Coder@va.gov","Kyle.Coder@va.gov","0","0","0",,,,,
"489","Learning Labs","Tenneil Zielaskowski – Bldg. 8, RM105, Desk 12 @ 01/08/2026 12:00 AM","Tenneil.Zielaskowski@va.gov","Bldg. 8, RM105, Desk 12","2026-01-09T04:00:00Z","2026-01-08T05:00:00Z",,,"0","0","Learning Labs","HIS","True","Denise.Patterer@va.gov","Desk",,"2026-01-08T05:00:00Z","Super User Training","76",,,,"Bldg. 8, RM105","True",,,,,,,"2025-12-19T17:37:00Z","2025-12-19T17:37:00Z","Kyle.Coder@va.gov","Kyle.Coder@va.gov","0","0","0",,,,,
"488","Learning Labs","Tenneil Zielaskowski – Bldg. 8, RM105, Desk 11 @ 01/08/2026 12:00 AM","Tenneil.Zielaskowski@va.gov","Bldg. 8, RM105, Desk 11","2026-01-09T04:00:00Z","2026-01-08T05:00:00Z",,,"0","0","Learning Labs","HIS","True","Denise.Patterer@va.gov","Desk",,"2026-01-08T05:00:00Z","Super User Training","76",,,,"Bldg. 8, RM105","True",,,,,,,"2025-12-19T17:37:00Z","2025-12-19T17:37:00Z","Kyle.Coder@va.gov","Kyle.Coder@va.gov","0","0","0",,,,,
"487","Learning Labs","Tenneil Zielaskowski – Bldg. 8, RM105, Desk 10 @ 01/08/2026 12:00 AM","Tenneil.Zielaskowski@va.gov","Bldg. 8, RM105, Desk 10","2026-01-09T04:00:00Z","2026-01-08T05:00:00Z",,,"0","0","Learning Labs","HIS","True","Denise.Patterer@va.gov","Desk",,"2026-01-08T05:00:00Z","Super User Training","76",,,,"Bldg. 8, RM105","True",,,,,,,"2025-12-19T17:37:00Z","2025-12-19T17:37:00Z","Kyle.Coder@va.gov","Kyle.Coder@va.gov","0","0","0",,,,,
"486","Learning Labs","Tenneil Zielaskowski – Bldg. 8, RM105, Desk 1 @ 01/08/2026 12:00 AM","Tenneil.Zielaskowski@va.gov","Bldg. 8, RM105, Desk 1","2026-01-09T04:00:00Z","2026-01-08T05:00:00Z",,,"0","0","Learning Labs","HIS","True","Denise.Patterer@va.gov","Desk",,"2026-01-08T05:00:00Z","Super User Training","76",,,,"Bldg. 8, RM105","True",,,,,,,"2025-12-19T17:36:59Z","2025-12-19T17:36:59Z","Kyle.Coder@va.gov","Kyle.Coder@va.gov","0","0","0",,,,,
"485","Learning Labs","Tenneil Zielaskowski – Bldg. 8, RM105, Desk 9 @ 01/07/2026 12:00 AM","Tenneil.Zielaskowski@va.gov","Bldg. 8, RM105, Desk 9","2026-01-08T04:00:00Z","2026-01-07T05:00:00Z",,,"0","0","Learning Labs","HIS","True","Denise.Patterer@va.gov","Desk",,"2026-01-07T05:00:00Z","Super User Training","75",,,,"Bldg. 8, RM105","True",,,,,,,"2025-12-19T17:36:59Z","2025-12-19T17:36:59Z","Kyle.Coder@va.gov","Kyle.Coder@va.gov","0","0","0",,,,,
"484","Learning Labs","Tenneil Zielaskowski – Bldg. 8, RM105, Desk 8 @ 01/07/2026 12:00 AM","Tenneil.Zielaskowski@va.gov","Bldg. 8, RM105, Desk 8","2026-01-08T04:00:00Z","2026-01-07T05:00:00Z",,,"0","0","Learning Labs","HIS","True","Denise.Patterer@va.gov","Desk",,"2026-01-07T05:00:00Z","Super User Training","75",,,,"Bldg. 8, RM105","True",,,,,,,"2025-12-19T17:36:59Z","2025-12-19T17:36:59Z","Kyle.Coder@va.gov","Kyle.Coder@va.gov","0","0","0",,,,,
"483","Learning Labs","Tenneil Zielaskowski – Bldg. 8, RM105, Desk 7 @ 01/07/2026 12:00 AM","Tenneil.Zielaskowski@va.gov","Bldg. 8, RM105, Desk 7","2026-01-08T04:00:00Z","2026-01-07T05:00:00Z",,,"0","0","Learning Labs","HIS","True","Denise.Patterer@va.gov","Desk",,"2026-01-07T05:00:00Z","Super User Training","75",,,,"Bldg. 8, RM105","True",,,,,,,"2025-12-19T17:36:59Z","2025-12-19T17:36:59Z","Kyle.Coder@va.gov","Kyle.Coder@va.gov","0","0","0",,,,,
"482","Learning Labs","Tenneil Zielaskowski – Bldg. 8, RM105, Desk 6 @ 01/07/2026 12:00 AM","Tenneil.Zielaskowski@va.gov","Bldg. 8, RM105, Desk 6","2026-01-08T04:00:00Z","2026-01-07T05:00:00Z",,,"0","0","Learning Labs","HIS","True","Denise.Patterer@va.gov","Desk",,"2026-01-07T05:00:00Z","Super User Training","75",,,,"Bldg. 8, RM105","True",,,,,,,"2025-12-19T17:36:58Z","2025-12-19T17:36:58Z","Kyle.Coder@va.gov","Kyle.Coder@va.gov","0","0","0",,,,,
"481","Learning Labs","Tenneil Zielaskowski – Bldg. 8, RM105, Desk 5 @ 01/07/2026 12:00 AM","Tenneil.Zielaskowski@va.gov","Bldg. 8, RM105, Desk 5","2026-01-08T04:00:00Z","2026-01-07T05:00:00Z",,,"0","0","Learning Labs","HIS","True","Denise.Patterer@va.gov","Desk",,"2026-01-07T05:00:00Z","Super User Training","75",,,,"Bldg. 8, RM105","True",,,,,,,"2025-12-19T17:36:58Z","2025-12-19T17:36:58Z","Kyle.Coder@va.gov","Kyle.Coder@va.gov","0","0","0",,,,,
"480","Learning Labs","Tenneil Zielaskowski – Bldg. 8, RM105, Desk 4 @ 01/07/2026 12:00 AM","Tenneil.Zielaskowski@va.gov","Bldg. 8, RM105, Desk 4","2026-01-08T04:00:00Z","2026-01-07T05:00:00Z",,,"0","0","Learning Labs","HIS","True","Denise.Patterer@va.gov","Desk",,"2026-01-07T05:00:00Z","Super User Training","75",,,,"Bldg. 8, RM105","True",,,,,,,"2025-12-19T17:36:58Z","2025-12-19T17:36:58Z","Kyle.Coder@va.gov","Kyle.Coder@va.gov","0","0","0",,,,,
"479","Learning Labs","Tenneil Zielaskowski – Bldg. 8, RM105, Desk 3 @ 01/07/2026 12:00 AM","Tenneil.Zielaskowski@va.gov","Bldg. 8, RM105, Desk 3","2026-01-08T04:00:00Z","2026-01-07T05:00:00Z",,,"0","0","Learning Labs","HIS","True","Denise.Patterer@va.gov","Desk",,"2026-01-07T05:00:00Z","Super User Training","75",,,,"Bldg. 8, RM105","True",,,,,,,"2025-12-19T17:36:58Z","2025-12-19T17:36:58Z","Kyle.Coder@va.gov","Kyle.Coder@va.gov","0","0","0",,,,,
"478","Learning Labs","Tenneil Zielaskowski – Bldg. 8, RM105, Desk 2 @ 01/07/2026 12:00 AM","Tenneil.Zielaskowski@va.gov","Bldg. 8, RM105, Desk 2","2026-01-08T04:00:00Z","2026-01-07T05:00:00Z",,,"0","0","Learning Labs","HIS","True","Denise.Patterer@va.gov","Desk",,"2026-01-07T05:00:00Z","Super User Training","75",,,,"Bldg. 8, RM105","True",,,,,,,"2025-12-19T17:36:57Z","2025-12-19T17:36:57Z","Kyle.Coder@va.gov","Kyle.Coder@va.gov","0","0","0",,,,,
"477","Learning Labs","Tenneil Zielaskowski – Bldg. 8, RM105, Desk 16 @ 01/07/2026 12:00 AM","Tenneil.Zielaskowski@va.gov","Bldg. 8, RM105, Desk 16","2026-01-08T04:00:00Z","2026-01-07T05:00:00Z",,,"0","0","Learning Labs","HIS","True","Denise.Patterer@va.gov","Desk",,"2026-01-07T05:00:00Z","Super User Training","75",,,,"Bldg. 8, RM105","True",,,,,,,"2025-12-19T17:36:57Z","2025-12-19T17:36:57Z","Kyle.Coder@va.gov","Kyle.Coder@va.gov","0","0","0",,,,,
"476","Learning Labs","Tenneil Zielaskowski – Bldg. 8, RM105, Desk 15 @ 01/07/2026 12:00 AM","Tenneil.Zielaskowski@va.gov","Bldg. 8, RM105, Desk 15","2026-01-08T04:00:00Z","2026-01-07T05:00:00Z",,,"0","0","Learning Labs","HIS","True","Denise.Patterer@va.gov","Desk",,"2026-01-07T05:00:00Z","Super User Training","75",,,,"Bldg. 8, RM105","True",,,,,,,"2025-12-19T17:36:57Z","2025-12-19T17:36:57Z","Kyle.Coder@va.gov","Kyle.Coder@va.gov","0","0","0",,,,,
"475","Learning Labs","Tenneil Zielaskowski – Bldg. 8, RM105, Desk 14 @ 01/07/2026 12:00 AM","Tenneil.Zielaskowski@va.gov","Bldg. 8, RM105, Desk 14","2026-01-08T04:00:00Z","2026-01-07T05:00:00Z",,,"0","0","Learning Labs","HIS","True","Denise.Patterer@va.gov","Desk",,"2026-01-07T05:00:00Z","Super User Training","75",,,,"Bldg. 8, RM105","True",,,,,,,"2025-12-19T17:36:57Z","2025-12-19T17:36:57Z","Kyle.Coder@va.gov","Kyle.Coder@va.gov","0","0","0",,,,,
"474","Learning Labs","Tenneil Zielaskowski – Bldg. 8, RM105, Desk 13 @ 01/07/2026 12:00 AM","Tenneil.Zielaskowski@va.gov","Bldg. 8, RM105, Desk 13","2026-01-08T04:00:00Z","2026-01-07T05:00:00Z",,,"0","0","Learning Labs","HIS","True","Denise.Patterer@va.gov","Desk",,"2026-01-07T05:00:00Z","Super User Training","75",,,,"Bldg. 8, RM105","True",,,,,,,"2025-12-19T17:36:56Z","2025-12-19T17:36:56Z","Kyle.Coder@va.gov","Kyle.Coder@va.gov","0","0","0",,,,,
"473","Learning Labs","Tenneil Zielaskowski – Bldg. 8, RM105, Desk 12 @ 01/07/2026 12:00 AM","Tenneil.Zielaskowski@va.gov","Bldg. 8, RM105, Desk 12","2026-01-08T04:00:00Z","2026-01-07T05:00:00Z",,,"0","0","Learning Labs","HIS","True","Denise.Patterer@va.gov","Desk",,"2026-01-07T05:00:00Z","Super User Training","75",,,,"Bldg. 8, RM105","True",,,,,,,"2025-12-19T17:36:56Z","2025-12-19T17:36:56Z","Kyle.Coder@va.gov","Kyle.Coder@va.gov","0","0","0",,,,,
"472","Learning Labs","Tenneil Zielaskowski – Bldg. 8, RM105, Desk 11 @ 01/07/2026 12:00 AM","Tenneil.Zielaskowski@va.gov","Bldg. 8, RM105, Desk 11","2026-01-08T04:00:00Z","2026-01-07T05:00:00Z",,,"0","0","Learning Labs","HIS","True","Denise.Patterer@va.gov","Desk",,"2026-01-07T05:00:00Z","Super User Training","75",,,,"Bldg. 8, RM105","True",,,,,,,"2025-12-19T17:36:56Z","2025-12-19T17:36:56Z","Kyle.Coder@va.gov","Kyle.Coder@va.gov","0","0","0",,,,,
"471","Learning Labs","Tenneil Zielaskowski – Bldg. 8, RM105, Desk 10 @ 01/07/2026 12:00 AM","Tenneil.Zielaskowski@va.gov","Bldg. 8, RM105, Desk 10","2026-01-08T04:00:00Z","2026-01-07T05:00:00Z",,,"0","0","Learning Labs","HIS","True","Denise.Patterer@va.gov","Desk",,"2026-01-07T05:00:00Z","Super User Training","75",,,,"Bldg. 8, RM105","True",,,,,,,"2025-12-19T17:36:56Z","2025-12-19T17:36:56Z","Kyle.Coder@va.gov","Kyle.Coder@va.gov","0","0","0",,,,,
"470","Learning Labs","Tenneil Zielaskowski – Bldg. 8, RM105, Desk 1 @ 01/07/2026 12:00 AM","Tenneil.Zielaskowski@va.gov","Bldg. 8, RM105, Desk 1","2026-01-08T04:00:00Z","2026-01-07T05:00:00Z",,,"0","0","Learning Labs","HIS","True","Denise.Patterer@va.gov","Desk",,"2026-01-07T05:00:00Z","Super User Training","75",,,,"Bldg. 8, RM105","True",,,,,,,"2025-12-19T17:36:56Z","2025-12-19T17:36:56Z","Kyle.Coder@va.gov","Kyle.Coder@va.gov","0","0","0",,,,,
"469","Learning Labs","Tenneil Zielaskowski – Bldg. 8, RM105, Desk 9 @ 01/06/2026 12:00 AM","Tenneil.Zielaskowski@va.gov","Bldg. 8, RM105, Desk 9","2026-01-07T04:00:00Z","2026-01-06T05:00:00Z",,,"0","0","Learning Labs","HIS","True","Denise.Patterer@va.gov","Desk",,"2026-01-06T05:00:00Z","Super User Training","74",,,,"Bldg. 8, RM105","True",,,,,,,"2025-12-19T17:36:55Z","2025-12-19T17:36:55Z","Kyle.Coder@va.gov","Kyle.Coder@va.gov","0","0","0",,,,,
"468","Learning Labs","Tenneil Zielaskowski – Bldg. 8, RM105, Desk 8 @ 01/06/2026 12:00 AM","Tenneil.Zielaskowski@va.gov","Bldg. 8, RM105, Desk 8","2026-01-07T04:00:00Z","2026-01-06T05:00:00Z",,,"0","0","Learning Labs","HIS","True","Denise.Patterer@va.gov","Desk",,"2026-01-06T05:00:00Z","Super User Training","74",,,,"Bldg. 8, RM105","True",,,,,,,"2025-12-19T17:36:55Z","2025-12-19T17:36:55Z","Kyle.Coder@va.gov","Kyle.Coder@va.gov","0","0","0",,,,,
"467","Learning Labs","Tenneil Zielaskowski – Bldg. 8, RM105, Desk 7 @ 01/06/2026 12:00 AM","Tenneil.Zielaskowski@va.gov","Bldg. 8, RM105, Desk 7","2026-01-07T04:00:00Z","2026-01-06T05:00:00Z",,,"0","0","Learning Labs","HIS","True","Denise.Patterer@va.gov","Desk",,"2026-01-06T05:00:00Z","Super User Training","74",,,,"Bldg. 8, RM105","True",,,,,,,"2025-12-19T17:36:55Z","2025-12-19T17:36:55Z","Kyle.Coder@va.gov","Kyle.Coder@va.gov","0","0","0",,,,,
"466","Learning Labs","Tenneil Zielaskowski – Bldg. 8, RM105, Desk 6 @ 01/06/2026 12:00 AM","Tenneil.Zielaskowski@va.gov","Bldg. 8, RM105, Desk 6","2026-01-07T04:00:00Z","2026-01-06T05:00:00Z",,,"0","0","Learning Labs","HIS","True","Denise.Patterer@va.gov","Desk",,"2026-01-06T05:00:00Z","Super User Training","74",,,,"Bldg. 8, RM105","True",,,,,,,"2025-12-19T17:36:55Z","2025-12-19T17:36:55Z","Kyle.Coder@va.gov","Kyle.Coder@va.gov","0","0","0",,,,,
"465","Learning Labs","Tenneil Zielaskowski – Bldg. 8, RM105, Desk 5 @ 01/06/2026 12:00 AM","Tenneil.Zielaskowski@va.gov","Bldg. 8, RM105, Desk 5","2026-01-07T04:00:00Z","2026-01-06T05:00:00Z",,,"0","0","Learning Labs","HIS","True","Denise.Patterer@va.gov","Desk",,"2026-01-06T05:00:00Z","Super User Training","74",,,,"Bldg. 8, RM105","True",,,,,,,"2025-12-19T17:36:55Z","2025-12-19T17:36:55Z","Kyle.Coder@va.gov","Kyle.Coder@va.gov","0","0","0",,,,,
"464","Learning Labs","Tenneil Zielaskowski – Bldg. 8, RM105, Desk 4 @ 01/06/2026 12:00 AM","Tenneil.Zielaskowski@va.gov","Bldg. 8, RM105, Desk 4","2026-01-07T04:00:00Z","2026-01-06T05:00:00Z",,,"0","0","Learning Labs","HIS","True","Denise.Patterer@va.gov","Desk",,"2026-01-06T05:00:00Z","Super User Training","74",,,,"Bldg. 8, RM105","True",,,,,,,"2025-12-19T17:36:54Z","2025-12-19T17:36:54Z","Kyle.Coder@va.gov","Kyle.Coder@va.gov","0","0","0",,,,,
"463","Learning Labs","Tenneil Zielaskowski – Bldg. 8, RM105, Desk 3 @ 01/06/2026 12:00 AM","Tenneil.Zielaskowski@va.gov","Bldg. 8, RM105, Desk 3","2026-01-07T04:00:00Z","2026-01-06T05:00:00Z",,,"0","0","Learning Labs","HIS","True","Denise.Patterer@va.gov","Desk",,"2026-01-06T05:00:00Z","Super User Training","74",,,,"Bldg. 8, RM105","True",,,,,,,"2025-12-19T17:36:54Z","2025-12-19T17:36:54Z","Kyle.Coder@va.gov","Kyle.Coder@va.gov","0","0","0",,,,,
"462","Learning Labs","Tenneil Zielaskowski – Bldg. 8, RM105, Desk 2 @ 01/06/2026 12:00 AM","Tenneil.Zielaskowski@va.gov","Bldg. 8, RM105, Desk 2","2026-01-07T04:00:00Z","2026-01-06T05:00:00Z",,,"0","0","Learning Labs","HIS","True","Denise.Patterer@va.gov","Desk",,"2026-01-06T05:00:00Z","Super User Training","74",,,,"Bldg. 8, RM105","True",,,,,,,"2025-12-19T17:36:54Z","2025-12-19T17:36:54Z","Kyle.Coder@va.gov","Kyle.Coder@va.gov","0","0","0",,,,,
"461","Learning Labs","Tenneil Zielaskowski – Bldg. 8, RM105, Desk 16 @ 01/06/2026 12:00 AM","Tenneil.Zielaskowski@va.gov","Bldg. 8, RM105, Desk 16","2026-01-07T04:00:00Z","2026-01-06T05:00:00Z",,,"0","0","Learning Labs","HIS","True","Denise.Patterer@va.gov","Desk",,"2026-01-06T05:00:00Z","Super User Training","74",,,,"Bldg. 8, RM105","True",,,,,,,"2025-12-19T17:36:54Z","2025-12-19T17:36:54Z","Kyle.Coder@va.gov","Kyle.Coder@va.gov","0","0","0",,,,,
"460","Learning Labs","Tenneil Zielaskowski – Bldg. 8, RM105, Desk 15 @ 01/06/2026 12:00 AM","Tenneil.Zielaskowski@va.gov","Bldg. 8, RM105, Desk 15","2026-01-07T04:00:00Z","2026-01-06T05:00:00Z",,,"0","0","Learning Labs","HIS","True","Denise.Patterer@va.gov","Desk",,"2026-01-06T05:00:00Z","Super User Training","74",,,,"Bldg. 8, RM105","True",,,,,,,"2025-12-19T17:36:54Z","2025-12-19T17:36:54Z","Kyle.Coder@va.gov","Kyle.Coder@va.gov","0","0","0",,,,,
"459","Learning Labs","Tenneil Zielaskowski – Bldg. 8, RM105, Desk 14 @ 01/06/2026 12:00 AM","Tenneil.Zielaskowski@va.gov","Bldg. 8, RM105, Desk 14","2026-01-07T04:00:00Z","2026-01-06T05:00:00Z",,,"0","0","Learning Labs","HIS","True","Denise.Patterer@va.gov","Desk",,"2026-01-06T05:00:00Z","Super User Training","74",,,,"Bldg. 8, RM105","True",,,,,,,"2025-12-19T17:36:53Z","2025-12-19T17:36:53Z","Kyle.Coder@va.gov","Kyle.Coder@va.gov","0","0","0",,,,,
"458","Learning Labs","Tenneil Zielaskowski – Bldg. 8, RM105, Desk 13 @ 01/06/2026 12:00 AM","Tenneil.Zielaskowski@va.gov","Bldg. 8, RM105, Desk 13","2026-01-07T04:00:00Z","2026-01-06T05:00:00Z",,,"0","0","Learning Labs","HIS","True","Denise.Patterer@va.gov","Desk",,"2026-01-06T05:00:00Z","Super User Training","74",,,,"Bldg. 8, RM105","True",,,,,,,"2025-12-19T17:36:53Z","2025-12-19T17:36:53Z","Kyle.Coder@va.gov","Kyle.Coder@va.gov","0","0","0",,,,,
"457","Learning Labs","Tenneil Zielaskowski – Bldg. 8, RM105, Desk 12 @ 01/06/2026 12:00 AM","Tenneil.Zielaskowski@va.gov","Bldg. 8, RM105, Desk 12","2026-01-07T04:00:00Z","2026-01-06T05:00:00Z",,,"0","0","Learning Labs","HIS","True","Denise.Patterer@va.gov","Desk",,"2026-01-06T05:00:00Z","Super User Training","74",,,,"Bldg. 8, RM105","True",,,,,,,"2025-12-19T17:36:53Z","2025-12-19T17:36:53Z","Kyle.Coder@va.gov","Kyle.Coder@va.gov","0","0","0",,,,,
"456","Learning Labs","Tenneil Zielaskowski – Bldg. 8, RM105, Desk 11 @ 01/06/2026 12:00 AM","Tenneil.Zielaskowski@va.gov","Bldg. 8, RM105, Desk 11","2026-01-07T04:00:00Z","2026-01-06T05:00:00Z",,,"0","0","Learning Labs","HIS","True","Denise.Patterer@va.gov","Desk",,"2026-01-06T05:00:00Z","Super User Training","74",,,,"Bldg. 8, RM105","True",,,,,,,"2025-12-19T17:36:53Z","2025-12-19T17:36:53Z","Kyle.Coder@va.gov","Kyle.Coder@va.gov","0","0","0",,,,,
"455","Learning Labs","Tenneil Zielaskowski – Bldg. 8, RM105, Desk 10 @ 01/06/2026 12:00 AM","Tenneil.Zielaskowski@va.gov","Bldg. 8, RM105, Desk 10","2026-01-07T04:00:00Z","2026-01-06T05:00:00Z",,,"0","0","Learning Labs","HIS","True","Denise.Patterer@va.gov","Desk",,"2026-01-06T05:00:00Z","Super User Training","74",,,,"Bldg. 8, RM105","True",,,,,,,"2025-12-19T17:36:53Z","2025-12-19T17:36:53Z","Kyle.Coder@va.gov","Kyle.Coder@va.gov","0","0","0",,,,,
"454","Learning Labs","Tenneil Zielaskowski – Bldg. 8, RM105, Desk 1 @ 01/06/2026 12:00 AM","Tenneil.Zielaskowski@va.gov","Bldg. 8, RM105, Desk 1","2026-01-07T04:00:00Z","2026-01-06T05:00:00Z",,,"0","0","Learning Labs","HIS","True","Denise.Patterer@va.gov","Desk",,"2026-01-06T05:00:00Z","Super User Training","74",,,,"Bldg. 8, RM105","True",,,,,,,"2025-12-19T17:36:53Z","2025-12-19T17:36:53Z","Kyle.Coder@va.gov","Kyle.Coder@va.gov","0","0","0",,,,,
"453","Learning Labs","Tenneil Zielaskowski – Bldg. 8, RM105, Desk 9 @ 01/05/2026 12:00 AM","Tenneil.Zielaskowski@va.gov","Bldg. 8, RM105, Desk 9","2026-01-06T04:00:00Z","2026-01-05T05:00:00Z",,,"0","0","Learning Labs","HIS","True","Denise.Patterer@va.gov","Desk",,"2026-01-05T05:00:00Z","Super User Training","73",,,,"Bldg. 8, RM105","True",,,,,,,"2025-12-19T17:36:52Z","2025-12-19T17:36:52Z","Kyle.Coder@va.gov","Kyle.Coder@va.gov","0","0","0",,,,,
"452","Learning Labs","Tenneil Zielaskowski – Bldg. 8, RM105, Desk 8 @ 01/05/2026 12:00 AM","Tenneil.Zielaskowski@va.gov","Bldg. 8, RM105, Desk 8","2026-01-06T04:00:00Z","2026-01-05T05:00:00Z",,,"0","0","Learning Labs","HIS","True","Denise.Patterer@va.gov","Desk",,"2026-01-05T05:00:00Z","Super User Training","73",,,,"Bldg. 8, RM105","True",,,,,,,"2025-12-19T17:36:52Z","2025-12-19T17:36:52Z","Kyle.Coder@va.gov","Kyle.Coder@va.gov","0","0","0",,,,,
"451","Learning Labs","Tenneil Zielaskowski – Bldg. 8, RM105, Desk 7 @ 01/05/2026 12:00 AM","Tenneil.Zielaskowski@va.gov","Bldg. 8, RM105, Desk 7","2026-01-06T04:00:00Z","2026-01-05T05:00:00Z",,,"0","0","Learning Labs","HIS","True","Denise.Patterer@va.gov","Desk",,"2026-01-05T05:00:00Z","Super User Training","73",,,,"Bldg. 8, RM105","True",,,,,,,"2025-12-19T17:36:52Z","2025-12-19T17:36:52Z","Kyle.Coder@va.gov","Kyle.Coder@va.gov","0","0","0",,,,,
"450","Learning Labs","Tenneil Zielaskowski – Bldg. 8, RM105, Desk 6 @ 01/05/2026 12:00 AM","Tenneil.Zielaskowski@va.gov","Bldg. 8, RM105, Desk 6","2026-01-06T04:00:00Z","2026-01-05T05:00:00Z",,,"0","0","Learning Labs","HIS","True","Denise.Patterer@va.gov","Desk",,"2026-01-05T05:00:00Z","Super User Training","73",,,,"Bldg. 8, RM105","True",,,,,,,"2025-12-19T17:36:51Z","2025-12-19T17:36:51Z","Kyle.Coder@va.gov","Kyle.Coder@va.gov","0","0","0",,,,,
"449","Learning Labs","Tenneil Zielaskowski – Bldg. 8, RM105, Desk 5 @ 01/05/2026 12:00 AM","Tenneil.Zielaskowski@va.gov","Bldg. 8, RM105, Desk 5","2026-01-06T04:00:00Z","2026-01-05T05:00:00Z",,,"0","0","Learning Labs","HIS","True","Denise.Patterer@va.gov","Desk",,"2026-01-05T05:00:00Z","Super User Training","73",,,,"Bldg. 8, RM105","True",,,,,,,"2025-12-19T17:36:51Z","2025-12-19T17:36:51Z","Kyle.Coder@va.gov","Kyle.Coder@va.gov","0","0","0",,,,,
"448","Learning Labs","Tenneil Zielaskowski – Bldg. 8, RM105, Desk 4 @ 01/05/2026 12:00 AM","Tenneil.Zielaskowski@va.gov","Bldg. 8, RM105, Desk 4","2026-01-06T04:00:00Z","2026-01-05T05:00:00Z",,,"0","0","Learning Labs","HIS","True","Denise.Patterer@va.gov","Desk",,"2026-01-05T05:00:00Z","Super User Training","73",,,,"Bldg. 8, RM105","True",,,,,,,"2025-12-19T17:36:51Z","2025-12-19T17:36:51Z","Kyle.Coder@va.gov","Kyle.Coder@va.gov","0","0","0",,,,,
"447","Learning Labs","Tenneil Zielaskowski – Bldg. 8, RM105, Desk 3 @ 01/05/2026 12:00 AM","Tenneil.Zielaskowski@va.gov","Bldg. 8, RM105, Desk 3","2026-01-06T04:00:00Z","2026-01-05T05:00:00Z",,,"0","0","Learning Labs","HIS","True","Denise.Patterer@va.gov","Desk",,"2026-01-05T05:00:00Z","Super User Training","73",,,,"Bldg. 8, RM105","True",,,,,,,"2025-12-19T17:36:51Z","2025-12-19T17:36:51Z","Kyle.Coder@va.gov","Kyle.Coder@va.gov","0","0","0",,,,,
"446","Learning Labs","Tenneil Zielaskowski – Bldg. 8, RM105, Desk 2 @ 01/05/2026 12:00 AM","Tenneil.Zielaskowski@va.gov","Bldg. 8, RM105, Desk 2","2026-01-06T04:00:00Z","2026-01-05T05:00:00Z",,,"0","0","Learning Labs","HIS","True","Denise.Patterer@va.gov","Desk",,"2026-01-05T05:00:00Z","Super User Training","73",,,,"Bldg. 8, RM105","True",,,,,,,"2025-12-19T17:36:51Z","2025-12-19T17:36:51Z","Kyle.Coder@va.gov","Kyle.Coder@va.gov","0","0","0",,,,,
"445","Learning Labs","Tenneil Zielaskowski – Bldg. 8, RM105, Desk 16 @ 01/05/2026 12:00 AM","Tenneil.Zielaskowski@va.gov","Bldg. 8, RM105, Desk 16","2026-01-06T04:00:00Z","2026-01-05T05:00:00Z",,,"0","0","Learning Labs","HIS","True","Denise.Patterer@va.gov","Desk",,"2026-01-05T05:00:00Z","Super User Training","73",,,,"Bldg. 8, RM105","True",,,,,,,"2025-12-19T17:36:50Z","2025-12-19T17:36:50Z","Kyle.Coder@va.gov","Kyle.Coder@va.gov","0","0","0",,,,,
"444","Learning Labs","Tenneil Zielaskowski – Bldg. 8, RM105, Desk 15 @ 01/05/2026 12:00 AM","Tenneil.Zielaskowski@va.gov","Bldg. 8, RM105, Desk 15","2026-01-06T04:00:00Z","2026-01-05T05:00:00Z",,,"0","0","Learning Labs","HIS","True","Denise.Patterer@va.gov","Desk",,"2026-01-05T05:00:00Z","Super User Training","73",,,,"Bldg. 8, RM105","True",,,,,,,"2025-12-19T17:36:50Z","2025-12-19T17:36:50Z","Kyle.Coder@va.gov","Kyle.Coder@va.gov","0","0","0",,,,,
"443","Learning Labs","Tenneil Zielaskowski – Bldg. 8, RM105, Desk 14 @ 01/05/2026 12:00 AM","Tenneil.Zielaskowski@va.gov","Bldg. 8, RM105, Desk 14","2026-01-06T04:00:00Z","2026-01-05T05:00:00Z",,,"0","0","Learning Labs","HIS","True","Denise.Patterer@va.gov","Desk",,"2026-01-05T05:00:00Z","Super User Training","73",,,,"Bldg. 8, RM105","True",,,,,,,"2025-12-19T17:36:50Z","2025-12-19T17:36:50Z","Kyle.Coder@va.gov","Kyle.Coder@va.gov","0","0","0",,,,,
"442","Learning Labs","Tenneil Zielaskowski – Bldg. 8, RM105, Desk 13 @ 01/05/2026 12:00 AM","Tenneil.Zielaskowski@va.gov","Bldg. 8, RM105, Desk 13","2026-01-06T04:00:00Z","2026-01-05T05:00:00Z",,,"0","0","Learning Labs","HIS","True","Denise.Patterer@va.gov","Desk",,"2026-01-05T05:00:00Z","Super User Training","73",,,,"Bldg. 8, RM105","True",,,,,,,"2025-12-19T17:36:50Z","2025-12-19T17:36:50Z","Kyle.Coder@va.gov","Kyle.Coder@va.gov","0","0","0",,,,,
"441","Learning Labs","Tenneil Zielaskowski – Bldg. 8, RM105, Desk 12 @ 01/05/2026 12:00 AM","Tenneil.Zielaskowski@va.gov","Bldg. 8, RM105, Desk 12","2026-01-06T04:00:00Z","2026-01-05T05:00:00Z",,,"0","0","Learning Labs","HIS","True","Denise.Patterer@va.gov","Desk",,"2026-01-05T05:00:00Z","Super User Training","73",,,,"Bldg. 8, RM105","True",,,,,,,"2025-12-19T17:36:49Z","2025-12-19T17:36:49Z","Kyle.Coder@va.gov","Kyle.Coder@va.gov","0","0","0",,,,,
"440","Learning Labs","Tenneil Zielaskowski – Bldg. 8, RM105, Desk 11 @ 01/05/2026 12:00 AM","Tenneil.Zielaskowski@va.gov","Bldg. 8, RM105, Desk 11","2026-01-06T04:00:00Z","2026-01-05T05:00:00Z",,,"0","0","Learning Labs","HIS","True","Denise.Patterer@va.gov","Desk",,"2026-01-05T05:00:00Z","Super User Training","73",,,,"Bldg. 8, RM105","True",,,,,,,"2025-12-19T17:36:49Z","2025-12-19T17:36:49Z","Kyle.Coder@va.gov","Kyle.Coder@va.gov","0","0","0",,,,,
"439","Learning Labs","Tenneil Zielaskowski – Bldg. 8, RM105, Desk 10 @ 01/05/2026 12:00 AM","Tenneil.Zielaskowski@va.gov","Bldg. 8, RM105, Desk 10","2026-01-06T04:00:00Z","2026-01-05T05:00:00Z",,,"0","0","Learning Labs","HIS","True","Denise.Patterer@va.gov","Desk",,"2026-01-05T05:00:00Z","Super User Training","73",,,,"Bldg. 8, RM105","True",,,,,,,"2025-12-19T17:36:49Z","2025-12-19T17:36:49Z","Kyle.Coder@va.gov","Kyle.Coder@va.gov","0","0","0",,,,,
"438","Learning Labs","Tenneil Zielaskowski – Bldg. 8, RM105, Desk 1 @ 01/05/2026 12:00 AM","Tenneil.Zielaskowski@va.gov","Bldg. 8, RM105, Desk 1","2026-01-06T04:00:00Z","2026-01-05T05:00:00Z",,,"0","0","Learning Labs","HIS","True","Denise.Patterer@va.gov","Desk",,"2026-01-05T05:00:00Z","Super User Training","73",,,,"Bldg. 8, RM105","True",,,,,,,"2025-12-19T17:36:49Z","2025-12-19T17:36:49Z","Kyle.Coder@va.gov","Kyle.Coder@va.gov","0","0","0",,,,,
"437","Learning Labs","Tenneil Zielaskowski – Bldg. 8, RM105, Desk 9 @ 12/11/2025 12:00 AM","Tenneil.Zielaskowski@va.gov","Bldg. 8, RM105, Desk 9","2025-12-12T04:00:00Z","2025-12-11T05:00:00Z",,,"0","0","Learning Labs","HIS","True","Denise.Patterer@va.gov","Desk",,"2025-12-11T05:00:00Z","Super User Training","72",,,,"Bldg. 8, RM105","True",,,,,,,"2025-12-19T17:36:48Z","2025-12-19T17:36:48Z","Kyle.Coder@va.gov","Kyle.Coder@va.gov","0","0","0",,,,,
"436","Learning Labs","Tenneil Zielaskowski – Bldg. 8, RM105, Desk 8 @ 12/11/2025 12:00 AM","Tenneil.Zielaskowski@va.gov","Bldg. 8, RM105, Desk 8","2025-12-12T04:00:00Z","2025-12-11T05:00:00Z",,,"0","0","Learning Labs","HIS","True","Denise.Patterer@va.gov","Desk",,"2025-12-11T05:00:00Z","Super User Training","72",,,,"Bldg. 8, RM105","True",,,,,,,"2025-12-19T17:36:48Z","2025-12-19T17:36:48Z","Kyle.Coder@va.gov","Kyle.Coder@va.gov","0","0","0",,,,,
"435","Learning Labs","Tenneil Zielaskowski – Bldg. 8, RM105, Desk 7 @ 12/11/2025 12:00 AM","Tenneil.Zielaskowski@va.gov","Bldg. 8, RM105, Desk 7","2025-12-12T04:00:00Z","2025-12-11T05:00:00Z",,,"0","0","Learning Labs","HIS","True","Denise.Patterer@va.gov","Desk",,"2025-12-11T05:00:00Z","Super User Training","72",,,,"Bldg. 8, RM105","True",,,,,,,"2025-12-19T17:36:48Z","2025-12-19T17:36:48Z","Kyle.Coder@va.gov","Kyle.Coder@va.gov","0","0","0",,,,,
"434","Learning Labs","Tenneil Zielaskowski – Bldg. 8, RM105, Desk 6 @ 12/11/2025 12:00 AM","Tenneil.Zielaskowski@va.gov","Bldg. 8, RM105, Desk 6","2025-12-12T04:00:00Z","2025-12-11T05:00:00Z",,,"0","0","Learning Labs","HIS","True","Denise.Patterer@va.gov","Desk",,"2025-12-11T05:00:00Z","Super User Training","72",,,,"Bldg. 8, RM105","True",,,,,,,"2025-12-19T17:36:48Z","2025-12-19T17:36:48Z","Kyle.Coder@va.gov","Kyle.Coder@va.gov","0","0","0",,,,,
"433","Learning Labs","Tenneil Zielaskowski – Bldg. 8, RM105, Desk 5 @ 12/11/2025 12:00 AM","Tenneil.Zielaskowski@va.gov","Bldg. 8, RM105, Desk 5","2025-12-12T04:00:00Z","2025-12-11T05:00:00Z",,,"0","0","Learning Labs","HIS","True","Denise.Patterer@va.gov","Desk",,"2025-12-11T05:00:00Z","Super User Training","72",,,,"Bldg. 8, RM105","True",,,,,,,"2025-12-19T17:36:47Z","2025-12-19T17:36:47Z","Kyle.Coder@va.gov","Kyle.Coder@va.gov","0","0","0",,,,,
"432","Learning Labs","Tenneil Zielaskowski – Bldg. 8, RM105, Desk 4 @ 12/11/2025 12:00 AM","Tenneil.Zielaskowski@va.gov","Bldg. 8, RM105, Desk 4","2025-12-12T04:00:00Z","2025-12-11T05:00:00Z",,,"0","0","Learning Labs","HIS","True","Denise.Patterer@va.gov","Desk",,"2025-12-11T05:00:00Z","Super User Training","72",,,,"Bldg. 8, RM105","True",,,,,,,"2025-12-19T17:36:47Z","2025-12-19T17:36:47Z","Kyle.Coder@va.gov","Kyle.Coder@va.gov","0","0","0",,,,,
"431","Learning Labs","Tenneil Zielaskowski – Bldg. 8, RM105, Desk 3 @ 12/11/2025 12:00 AM","Tenneil.Zielaskowski@va.gov","Bldg. 8, RM105, Desk 3","2025-12-12T04:00:00Z","2025-12-11T05:00:00Z",,,"0","0","Learning Labs","HIS","True","Denise.Patterer@va.gov","Desk",,"2025-12-11T05:00:00Z","Super User Training","72",,,,"Bldg. 8, RM105","True",,,,,,,"2025-12-19T17:36:47Z","2025-12-19T17:36:47Z","Kyle.Coder@va.gov","Kyle.Coder@va.gov","0","0","0",,,,,
"430","Learning Labs","Tenneil Zielaskowski – Bldg. 8, RM105, Desk 2 @ 12/11/2025 12:00 AM","Tenneil.Zielaskowski@va.gov","Bldg. 8, RM105, Desk 2","2025-12-12T04:00:00Z","2025-12-11T05:00:00Z",,,"0","0","Learning Labs","HIS","True","Denise.Patterer@va.gov","Desk",,"2025-12-11T05:00:00Z","Super User Training","72",,,,"Bldg. 8, RM105","True",,,,,,,"2025-12-19T17:36:47Z","2025-12-19T17:36:47Z","Kyle.Coder@va.gov","Kyle.Coder@va.gov","0","0","0",,,,,
"429","Learning Labs","Tenneil Zielaskowski – Bldg. 8, RM105, Desk 16 @ 12/11/2025 12:00 AM","Tenneil.Zielaskowski@va.gov","Bldg. 8, RM105, Desk 16","2025-12-12T04:00:00Z","2025-12-11T05:00:00Z",,,"0","0","Learning Labs","HIS","True","Denise.Patterer@va.gov","Desk",,"2025-12-11T05:00:00Z","Super User Training","72",,,,"Bldg. 8, RM105","True",,,,,,,"2025-12-19T17:36:47Z","2025-12-19T17:36:47Z","Kyle.Coder@va.gov","Kyle.Coder@va.gov","0","0","0",,,,,
"428","Learning Labs","Tenneil Zielaskowski – Bldg. 8, RM105, Desk 15 @ 12/11/2025 12:00 AM","Tenneil.Zielaskowski@va.gov","Bldg. 8, RM105, Desk 15","2025-12-12T04:00:00Z","2025-12-11T05:00:00Z",,,"0","0","Learning Labs","HIS","True","Denise.Patterer@va.gov","Desk",,"2025-12-11T05:00:00Z","Super User Training","72",,,,"Bldg. 8, RM105","True",,,,,,,"2025-12-19T17:36:46Z","2025-12-19T17:36:46Z","Kyle.Coder@va.gov","Kyle.Coder@va.gov","0","0","0",,,,,
"427","Learning Labs","Tenneil Zielaskowski – Bldg. 8, RM105, Desk 14 @ 12/11/2025 12:00 AM","Tenneil.Zielaskowski@va.gov","Bldg. 8, RM105, Desk 14","2025-12-12T04:00:00Z","2025-12-11T05:00:00Z",,,"0","0","Learning Labs","HIS","True","Denise.Patterer@va.gov","Desk",,"2025-12-11T05:00:00Z","Super User Training","72",,,,"Bldg. 8, RM105","True",,,,,,,"2025-12-19T17:36:46Z","2025-12-19T17:36:46Z","Kyle.Coder@va.gov","Kyle.Coder@va.gov","0","0","0",,,,,
"426","Learning Labs","Tenneil Zielaskowski – Bldg. 8, RM105, Desk 13 @ 12/11/2025 12:00 AM","Tenneil.Zielaskowski@va.gov","Bldg. 8, RM105, Desk 13","2025-12-12T04:00:00Z","2025-12-11T05:00:00Z",,,"0","0","Learning Labs","HIS","True","Denise.Patterer@va.gov","Desk",,"2025-12-11T05:00:00Z","Super User Training","72",,,,"Bldg. 8, RM105","True",,,,,,,"2025-12-19T17:36:46Z","2025-12-19T17:36:46Z","Kyle.Coder@va.gov","Kyle.Coder@va.gov","0","0","0",,,,,
"425","Learning Labs","Tenneil Zielaskowski – Bldg. 8, RM105, Desk 12 @ 12/11/2025 12:00 AM","Tenneil.Zielaskowski@va.gov","Bldg. 8, RM105, Desk 12","2025-12-12T04:00:00Z","2025-12-11T05:00:00Z",,,"0","0","Learning Labs","HIS","True","Denise.Patterer@va.gov","Desk",,"2025-12-11T05:00:00Z","Super User Training","72",,,,"Bldg. 8, RM105","True",,,,,,,"2025-12-19T17:36:46Z","2025-12-19T17:36:46Z","Kyle.Coder@va.gov","Kyle.Coder@va.gov","0","0","0",,,,,
"424","Learning Labs","Tenneil Zielaskowski – Bldg. 8, RM105, Desk 11 @ 12/11/2025 12:00 AM","Tenneil.Zielaskowski@va.gov","Bldg. 8, RM105, Desk 11","2025-12-12T04:00:00Z","2025-12-11T05:00:00Z",,,"0","0","Learning Labs","HIS","True","Denise.Patterer@va.gov","Desk",,"2025-12-11T05:00:00Z","Super User Training","72",,,,"Bldg. 8, RM105","True",,,,,,,"2025-12-19T17:36:45Z","2025-12-19T17:36:45Z","Kyle.Coder@va.gov","Kyle.Coder@va.gov","0","0","0",,,,,
"423","Learning Labs","Tenneil Zielaskowski – Bldg. 8, RM105, Desk 10 @ 12/11/2025 12:00 AM","Tenneil.Zielaskowski@va.gov","Bldg. 8, RM105, Desk 10","2025-12-12T04:00:00Z","2025-12-11T05:00:00Z",,,"0","0","Learning Labs","HIS","True","Denise.Patterer@va.gov","Desk",,"2025-12-11T05:00:00Z","Super User Training","72",,,,"Bldg. 8, RM105","True",,,,,,,"2025-12-19T17:36:45Z","2025-12-19T17:36:45Z","Kyle.Coder@va.gov","Kyle.Coder@va.gov","0","0","0",,,,,
"422","Learning Labs","Tenneil Zielaskowski – Bldg. 8, RM105, Desk 1 @ 12/11/2025 12:00 AM","Tenneil.Zielaskowski@va.gov","Bldg. 8, RM105, Desk 1","2025-12-12T04:00:00Z","2025-12-11T05:00:00Z",,,"0","0","Learning Labs","HIS","True","Denise.Patterer@va.gov","Desk",,"2025-12-11T05:00:00Z","Super User Training","72",,,,"Bldg. 8, RM105","True",,,,,,,"2025-12-19T17:36:45Z","2025-12-19T17:36:45Z","Kyle.Coder@va.gov","Kyle.Coder@va.gov","0","0","0",,,,,
"421","Learning Labs","Tenneil Zielaskowski – Bldg. 8, RM105, Desk 9 @ 12/10/2025 12:00 AM","Tenneil.Zielaskowski@va.gov","Bldg. 8, RM105, Desk 9","2025-12-11T04:00:00Z","2025-12-10T05:00:00Z",,,"0","0","Learning Labs","HIS","True","Denise.Patterer@va.gov","Desk",,"2025-12-10T05:00:00Z","Super User Training","71",,,,"Bldg. 8, RM105","True",,,,,,,"2025-12-19T17:36:45Z","2025-12-19T17:36:45Z","Kyle.Coder@va.gov","Kyle.Coder@va.gov","0","0","0",,,,,
"420","Learning Labs","Tenneil Zielaskowski – Bldg. 8, RM105, Desk 8 @ 12/10/2025 12:00 AM","Tenneil.Zielaskowski@va.gov","Bldg. 8, RM105, Desk 8","2025-12-11T04:00:00Z","2025-12-10T05:00:00Z",,,"0","0","Learning Labs","HIS","True","Denise.Patterer@va.gov","Desk",,"2025-12-10T05:00:00Z","Super User Training","71",,,,"Bldg. 8, RM105","True",,,,,,,"2025-12-19T17:36:44Z","2025-12-19T17:36:44Z","Kyle.Coder@va.gov","Kyle.Coder@va.gov","0","0","0",,,,,
"419","Learning Labs","Tenneil Zielaskowski – Bldg. 8, RM105, Desk 7 @ 12/10/2025 12:00 AM","Tenneil.Zielaskowski@va.gov","Bldg. 8, RM105, Desk 7","2025-12-11T04:00:00Z","2025-12-10T05:00:00Z",,,"0","0","Learning Labs","HIS","True","Denise.Patterer@va.gov","Desk",,"2025-12-10T05:00:00Z","Super User Training","71",,,,"Bldg. 8, RM105","True",,,,,,,"2025-12-19T17:36:44Z","2025-12-19T17:36:44Z","Kyle.Coder@va.gov","Kyle.Coder@va.gov","0","0","0",,,,,
"418","Learning Labs","Tenneil Zielaskowski – Bldg. 8, RM105, Desk 6 @ 12/10/2025 12:00 AM","Tenneil.Zielaskowski@va.gov","Bldg. 8, RM105, Desk 6","2025-12-11T04:00:00Z","2025-12-10T05:00:00Z",,,"0","0","Learning Labs","HIS","True","Denise.Patterer@va.gov","Desk",,"2025-12-10T05:00:00Z","Super User Training","71",,,,"Bldg. 8, RM105","True",,,,,,,"2025-12-19T17:36:44Z","2025-12-19T17:36:44Z","Kyle.Coder@va.gov","Kyle.Coder@va.gov","0","0","0",,,,,
"417","Learning Labs","Tenneil Zielaskowski – Bldg. 8, RM105, Desk 5 @ 12/10/2025 12:00 AM","Tenneil.Zielaskowski@va.gov","Bldg. 8, RM105, Desk 5","2025-12-11T04:00:00Z","2025-12-10T05:00:00Z",,,"0","0","Learning Labs","HIS","True","Denise.Patterer@va.gov","Desk",,"2025-12-10T05:00:00Z","Super User Training","71",,,,"Bldg. 8, RM105","True",,,,,,,"2025-12-19T17:36:44Z","2025-12-19T17:36:44Z","Kyle.Coder@va.gov","Kyle.Coder@va.gov","0","0","0",,,,,
"416","Learning Labs","Tenneil Zielaskowski – Bldg. 8, RM105, Desk 4 @ 12/10/2025 12:00 AM","Tenneil.Zielaskowski@va.gov","Bldg. 8, RM105, Desk 4","2025-12-11T04:00:00Z","2025-12-10T05:00:00Z",,,"0","0","Learning Labs","HIS","True","Denise.Patterer@va.gov","Desk",,"2025-12-10T05:00:00Z","Super User Training","71",,,,"Bldg. 8, RM105","True",,,,,,,"2025-12-19T17:36:44Z","2025-12-19T17:36:44Z","Kyle.Coder@va.gov","Kyle.Coder@va.gov","0","0","0",,,,,
"415","Learning Labs","Tenneil Zielaskowski – Bldg. 8, RM105, Desk 3 @ 12/10/2025 12:00 AM","Tenneil.Zielaskowski@va.gov","Bldg. 8, RM105, Desk 3","2025-12-11T04:00:00Z","2025-12-10T05:00:00Z",,,"0","0","Learning Labs","HIS","True","Denise.Patterer@va.gov","Desk",,"2025-12-10T05:00:00Z","Super User Training","71",,,,"Bldg. 8, RM105","True",,,,,,,"2025-12-19T17:36:43Z","2025-12-19T17:36:43Z","Kyle.Coder@va.gov","Kyle.Coder@va.gov","0","0","0",,,,,
"414","Learning Labs","Tenneil Zielaskowski – Bldg. 8, RM105, Desk 2 @ 12/10/2025 12:00 AM","Tenneil.Zielaskowski@va.gov","Bldg. 8, RM105, Desk 2","2025-12-11T04:00:00Z","2025-12-10T05:00:00Z",,,"0","0","Learning Labs","HIS","True","Denise.Patterer@va.gov","Desk",,"2025-12-10T05:00:00Z","Super User Training","71",,,,"Bldg. 8, RM105","True",,,,,,,"2025-12-19T17:36:43Z","2025-12-19T17:36:43Z","Kyle.Coder@va.gov","Kyle.Coder@va.gov","0","0","0",,,,,
"413","Learning Labs","Tenneil Zielaskowski – Bldg. 8, RM105, Desk 16 @ 12/10/2025 12:00 AM","Tenneil.Zielaskowski@va.gov","Bldg. 8, RM105, Desk 16","2025-12-11T04:00:00Z","2025-12-10T05:00:00Z",,,"0","0","Learning Labs","HIS","True","Denise.Patterer@va.gov","Desk",,"2025-12-10T05:00:00Z","Super User Training","71",,,,"Bldg. 8, RM105","True",,,,,,,"2025-12-19T17:36:43Z","2025-12-19T17:36:43Z","Kyle.Coder@va.gov","Kyle.Coder@va.gov","0","0","0",,,,,
"412","Learning Labs","Tenneil Zielaskowski – Bldg. 8, RM105, Desk 15 @ 12/10/2025 12:00 AM","Tenneil.Zielaskowski@va.gov","Bldg. 8, RM105, Desk 15","2025-12-11T04:00:00Z","2025-12-10T05:00:00Z",,,"0","0","Learning Labs","HIS","True","Denise.Patterer@va.gov","Desk",,"2025-12-10T05:00:00Z","Super User Training","71",,,,"Bldg. 8, RM105","True",,,,,,,"2025-12-19T17:36:43Z","2025-12-19T17:36:43Z","Kyle.Coder@va.gov","Kyle.Coder@va.gov","0","0","0",,,,,
"411","Learning Labs","Tenneil Zielaskowski – Bldg. 8, RM105, Desk 14 @ 12/10/2025 12:00 AM","Tenneil.Zielaskowski@va.gov","Bldg. 8, RM105, Desk 14","2025-12-11T04:00:00Z","2025-12-10T05:00:00Z",,,"0","0","Learning Labs","HIS","True","Denise.Patterer@va.gov","Desk",,"2025-12-10T05:00:00Z","Super User Training","71",,,,"Bldg. 8, RM105","True",,,,,,,"2025-12-19T17:36:42Z","2025-12-19T17:36:42Z","Kyle.Coder@va.gov","Kyle.Coder@va.gov","0","0","0",,,,,
"410","Learning Labs","Tenneil Zielaskowski – Bldg. 8, RM105, Desk 13 @ 12/10/2025 12:00 AM","Tenneil.Zielaskowski@va.gov","Bldg. 8, RM105, Desk 13","2025-12-11T04:00:00Z","2025-12-10T05:00:00Z",,,"0","0","Learning Labs","HIS","True","Denise.Patterer@va.gov","Desk",,"2025-12-10T05:00:00Z","Super User Training","71",,,,"Bldg. 8, RM105","True",,,,,,,"2025-12-19T17:36:42Z","2025-12-19T17:36:42Z","Kyle.Coder@va.gov","Kyle.Coder@va.gov","0","0","0",,,,,
"409","Learning Labs","Tenneil Zielaskowski – Bldg. 8, RM105, Desk 12 @ 12/10/2025 12:00 AM","Tenneil.Zielaskowski@va.gov","Bldg. 8, RM105, Desk 12","2025-12-11T04:00:00Z","2025-12-10T05:00:00Z",,,"0","0","Learning Labs","HIS","True","Denise.Patterer@va.gov","Desk",,"2025-12-10T05:00:00Z","Super User Training","71",,,,"Bldg. 8, RM105","True",,,,,,,"2025-12-19T17:36:42Z","2025-12-19T17:36:42Z","Kyle.Coder@va.gov","Kyle.Coder@va.gov","0","0","0",,,,,
"408","Learning Labs","Tenneil Zielaskowski – Bldg. 8, RM105, Desk 11 @ 12/10/2025 12:00 AM","Tenneil.Zielaskowski@va.gov","Bldg. 8, RM105, Desk 11","2025-12-11T04:00:00Z","2025-12-10T05:00:00Z",,,"0","0","Learning Labs","HIS","True","Denise.Patterer@va.gov","Desk",,"2025-12-10T05:00:00Z","Super User Training","71",,,,"Bldg. 8, RM105","True",,,,,,,"2025-12-19T17:36:41Z","2025-12-19T17:36:41Z","Kyle.Coder@va.gov","Kyle.Coder@va.gov","0","0","0",,,,,
"407","Learning Labs","Tenneil Zielaskowski – Bldg. 8, RM105, Desk 10 @ 12/10/2025 12:00 AM","Tenneil.Zielaskowski@va.gov","Bldg. 8, RM105, Desk 10","2025-12-11T04:00:00Z","2025-12-10T05:00:00Z",,,"0","0","Learning Labs","HIS","True","Denise.Patterer@va.gov","Desk",,"2025-12-10T05:00:00Z","Super User Training","71",,,,"Bldg. 8, RM105","True",,,,,,,"2025-12-19T17:36:41Z","2025-12-19T17:36:41Z","Kyle.Coder@va.gov","Kyle.Coder@va.gov","0","0","0",,,,,
"406","Learning Labs","Tenneil Zielaskowski – Bldg. 8, RM105, Desk 1 @ 12/10/2025 12:00 AM","Tenneil.Zielaskowski@va.gov","Bldg. 8, RM105, Desk 1","2025-12-11T04:00:00Z","2025-12-10T05:00:00Z",,,"0","0","Learning Labs","HIS","True","Denise.Patterer@va.gov","Desk",,"2025-12-10T05:00:00Z","Super User Training","71",,,,"Bldg. 8, RM105","True",,,,,,,"2025-12-19T17:36:41Z","2025-12-19T17:36:41Z","Kyle.Coder@va.gov","Kyle.Coder@va.gov","0","0","0",,,,,
"405","Learning Labs","Tenneil Zielaskowski – Bldg. 8, RM105, Desk 9 @ 12/09/2025 12:00 AM","Tenneil.Zielaskowski@va.gov","Bldg. 8, RM105, Desk 9","2025-12-10T04:00:00Z","2025-12-09T05:00:00Z",,,"0","0","Learning Labs","HIS","True","Denise.Patterer@va.gov","Desk",,"2025-12-09T05:00:00Z","Super User Training","70",,,,"Bldg. 8, RM105","True",,,,,,,"2025-12-19T17:36:40Z","2025-12-19T17:36:40Z","Kyle.Coder@va.gov","Kyle.Coder@va.gov","0","0","0",,,,,
"404","Learning Labs","Tenneil Zielaskowski – Bldg. 8, RM105, Desk 8 @ 12/09/2025 12:00 AM","Tenneil.Zielaskowski@va.gov","Bldg. 8, RM105, Desk 8","2025-12-10T04:00:00Z","2025-12-09T05:00:00Z",,,"0","0","Learning Labs","HIS","True","Denise.Patterer@va.gov","Desk",,"2025-12-09T05:00:00Z","Super User Training","70",,,,"Bldg. 8, RM105","True",,,,,,,"2025-12-19T17:36:40Z","2025-12-19T17:36:40Z","Kyle.Coder@va.gov","Kyle.Coder@va.gov","0","0","0",,,,,
"403","Learning Labs","Tenneil Zielaskowski – Bldg. 8, RM105, Desk 7 @ 12/09/2025 12:00 AM","Tenneil.Zielaskowski@va.gov","Bldg. 8, RM105, Desk 7","2025-12-10T04:00:00Z","2025-12-09T05:00:00Z",,,"0","0","Learning Labs","HIS","True","Denise.Patterer@va.gov","Desk",,"2025-12-09T05:00:00Z","Super User Training","70",,,,"Bldg. 8, RM105","True",,,,,,,"2025-12-19T17:36:40Z","2025-12-19T17:36:40Z","Kyle.Coder@va.gov","Kyle.Coder@va.gov","0","0","0",,,,,
"402","Learning Labs","Tenneil Zielaskowski – Bldg. 8, RM105, Desk 6 @ 12/09/2025 12:00 AM","Tenneil.Zielaskowski@va.gov","Bldg. 8, RM105, Desk 6","2025-12-10T04:00:00Z","2025-12-09T05:00:00Z",,,"0","0","Learning Labs","HIS","True","Denise.Patterer@va.gov","Desk",,"2025-12-09T05:00:00Z","Super User Training","70",,,,"Bldg. 8, RM105","True",,,,,,,"2025-12-19T17:36:39Z","2025-12-19T17:36:39Z","Kyle.Coder@va.gov","Kyle.Coder@va.gov","0","0","0",,,,,
"401","Learning Labs","Tenneil Zielaskowski – Bldg. 8, RM105, Desk 5 @ 12/09/2025 12:00 AM","Tenneil.Zielaskowski@va.gov","Bldg. 8, RM105, Desk 5","2025-12-10T04:00:00Z","2025-12-09T05:00:00Z",,,"0","0","Learning Labs","HIS","True","Denise.Patterer@va.gov","Desk",,"2025-12-09T05:00:00Z","Super User Training","70",,,,"Bldg. 8, RM105","True",,,,,,,"2025-12-19T17:36:39Z","2025-12-19T17:36:39Z","Kyle.Coder@va.gov","Kyle.Coder@va.gov","0","0","0",,,,,
"400","Learning Labs","Tenneil Zielaskowski – Bldg. 8, RM105, Desk 4 @ 12/09/2025 12:00 AM","Tenneil.Zielaskowski@va.gov","Bldg. 8, RM105, Desk 4","2025-12-10T04:00:00Z","2025-12-09T05:00:00Z",,,"0","0","Learning Labs","HIS","True","Denise.Patterer@va.gov","Desk",,"2025-12-09T05:00:00Z","Super User Training","70",,,,"Bldg. 8, RM105","True",,,,,,,"2025-12-19T17:36:40Z","2025-12-19T17:36:40Z","Kyle.Coder@va.gov","Kyle.Coder@va.gov","0","0","0",,,,,
"399","Learning Labs","Tenneil Zielaskowski – Bldg. 8, RM105, Desk 3 @ 12/09/2025 12:00 AM","Tenneil.Zielaskowski@va.gov","Bldg. 8, RM105, Desk 3","2025-12-10T04:00:00Z","2025-12-09T05:00:00Z",,,"0","0","Learning Labs","HIS","True","Denise.Patterer@va.gov","Desk",,"2025-12-09T05:00:00Z","Super User Training","70",,,,"Bldg. 8, RM105","True",,,,,,,"2025-12-19T17:36:39Z","2025-12-19T17:36:39Z","Kyle.Coder@va.gov","Kyle.Coder@va.gov","0","0","0",,,,,
"398","Learning Labs","Tenneil Zielaskowski – Bldg. 8, RM105, Desk 2 @ 12/09/2025 12:00 AM","Tenneil.Zielaskowski@va.gov","Bldg. 8, RM105, Desk 2","2025-12-10T04:00:00Z","2025-12-09T05:00:00Z",,,"0","0","Learning Labs","HIS","True","Denise.Patterer@va.gov","Desk",,"2025-12-09T05:00:00Z","Super User Training","70",,,,"Bldg. 8, RM105","True",,,,,,,"2025-12-19T17:36:39Z","2025-12-19T17:36:39Z","Kyle.Coder@va.gov","Kyle.Coder@va.gov","0","0","0",,,,,
"397","Learning Labs","Tenneil Zielaskowski – Bldg. 8, RM105, Desk 16 @ 12/09/2025 12:00 AM","Tenneil.Zielaskowski@va.gov","Bldg. 8, RM105, Desk 16","2025-12-10T04:00:00Z","2025-12-09T05:00:00Z",,,"0","0","Learning Labs","HIS","True","Denise.Patterer@va.gov","Desk",,"2025-12-09T05:00:00Z","Super User Training","70",,,,"Bldg. 8, RM105","True",,,,,,,"2025-12-19T17:36:39Z","2025-12-19T17:36:39Z","Kyle.Coder@va.gov","Kyle.Coder@va.gov","0","0","0",,,,,
"396","Learning Labs","Tenneil Zielaskowski – Bldg. 8, RM105, Desk 15 @ 12/09/2025 12:00 AM","Tenneil.Zielaskowski@va.gov","Bldg. 8, RM105, Desk 15","2025-12-10T04:00:00Z","2025-12-09T05:00:00Z",,,"0","0","Learning Labs","HIS","True","Denise.Patterer@va.gov","Desk",,"2025-12-09T05:00:00Z","Super User Training","70",,,,"Bldg. 8, RM105","True",,,,,,,"2025-12-19T17:36:39Z","2025-12-19T17:36:39Z","Kyle.Coder@va.gov","Kyle.Coder@va.gov","0","0","0",,,,,
"395","Learning Labs","Tenneil Zielaskowski – Bldg. 8, RM105, Desk 14 @ 12/09/2025 12:00 AM","Tenneil.Zielaskowski@va.gov","Bldg. 8, RM105, Desk 14","2025-12-10T04:00:00Z","2025-12-09T05:00:00Z",,,"0","0","Learning Labs","HIS","True","Denise.Patterer@va.gov","Desk",,"2025-12-09T05:00:00Z","Super User Training","70",,,,"Bldg. 8, RM105","True",,,,,,,"2025-12-19T17:36:39Z","2025-12-19T17:36:39Z","Kyle.Coder@va.gov","Kyle.Coder@va.gov","0","0","0",,,,,
"394","Learning Labs","Tenneil Zielaskowski – Bldg. 8, RM105, Desk 13 @ 12/09/2025 12:00 AM","Tenneil.Zielaskowski@va.gov","Bldg. 8, RM105, Desk 13","2025-12-10T04:00:00Z","2025-12-09T05:00:00Z",,,"0","0","Learning Labs","HIS","True","Denise.Patterer@va.gov","Desk",,"2025-12-09T05:00:00Z","Super User Training","70",,,,"Bldg. 8, RM105","True",,,,,,,"2025-12-19T17:36:39Z","2025-12-19T17:36:39Z","Kyle.Coder@va.gov","Kyle.Coder@va.gov","0","0","0",,,,,
"393","Learning Labs","Tenneil Zielaskowski – Bldg. 8, RM105, Desk 12 @ 12/09/2025 12:00 AM","Tenneil.Zielaskowski@va.gov","Bldg. 8, RM105, Desk 12","2025-12-10T04:00:00Z","2025-12-09T05:00:00Z",,,"0","0","Learning Labs","HIS","True","Denise.Patterer@va.gov","Desk",,"2025-12-09T05:00:00Z","Super User Training","70",,,,"Bldg. 8, RM105","True",,,,,,,"2025-12-19T17:36:38Z","2025-12-19T17:36:38Z","Kyle.Coder@va.gov","Kyle.Coder@va.gov","0","0","0",,,,,
"392","Learning Labs","Tenneil Zielaskowski – Bldg. 8, RM105, Desk 11 @ 12/09/2025 12:00 AM","Tenneil.Zielaskowski@va.gov","Bldg. 8, RM105, Desk 11","2025-12-10T04:00:00Z","2025-12-09T05:00:00Z",,,"0","0","Learning Labs","HIS","True","Denise.Patterer@va.gov","Desk",,"2025-12-09T05:00:00Z","Super User Training","70",,,,"Bldg. 8, RM105","True",,,,,,,"2025-12-19T17:36:38Z","2025-12-19T17:36:38Z","Kyle.Coder@va.gov","Kyle.Coder@va.gov","0","0","0",,,,,
"391","Learning Labs","Tenneil Zielaskowski – Bldg. 8, RM105, Desk 10 @ 12/09/2025 12:00 AM","Tenneil.Zielaskowski@va.gov","Bldg. 8, RM105, Desk 10","2025-12-10T04:00:00Z","2025-12-09T05:00:00Z",,,"0","0","Learning Labs","HIS","True","Denise.Patterer@va.gov","Desk",,"2025-12-09T05:00:00Z","Super User Training","70",,,,"Bldg. 8, RM105","True",,,,,,,"2025-12-19T17:36:38Z","2025-12-19T17:36:38Z","Kyle.Coder@va.gov","Kyle.Coder@va.gov","0","0","0",,,,,
"390","Learning Labs","Tenneil Zielaskowski – Bldg. 8, RM105, Desk 1 @ 12/09/2025 12:00 AM","Tenneil.Zielaskowski@va.gov","Bldg. 8, RM105, Desk 1","2025-12-10T04:00:00Z","2025-12-09T05:00:00Z",,,"0","0","Learning Labs","HIS","True","Denise.Patterer@va.gov","Desk",,"2025-12-09T05:00:00Z","Super User Training","70",,,,"Bldg. 8, RM105","True",,,,,,,"2025-12-19T17:36:38Z","2025-12-19T17:36:38Z","Kyle.Coder@va.gov","Kyle.Coder@va.gov","0","0","0",,,,,
"389","Learning Labs","Tenneil Zielaskowski – Bldg. 8, RM105, Desk 9 @ 12/08/2025 12:00 AM","Tenneil.Zielaskowski@va.gov","Bldg. 8, RM105, Desk 9","2025-12-09T04:00:00Z","2025-12-08T05:00:00Z",,,"0","0","Learning Labs","HIS","True","Denise.Patterer@va.gov","Desk",,"2025-12-08T05:00:00Z","Super User Training","69",,,,"Bldg. 8, RM105","True",,,,,,,"2025-12-19T17:36:38Z","2025-12-19T17:36:38Z","Kyle.Coder@va.gov","Kyle.Coder@va.gov","0","0","0",,,,,
"388","Learning Labs","Tenneil Zielaskowski – Bldg. 8, RM105, Desk 8 @ 12/08/2025 12:00 AM","Tenneil.Zielaskowski@va.gov","Bldg. 8, RM105, Desk 8","2025-12-09T04:00:00Z","2025-12-08T05:00:00Z",,,"0","0","Learning Labs","HIS","True","Denise.Patterer@va.gov","Desk",,"2025-12-08T05:00:00Z","Super User Training","69",,,,"Bldg. 8, RM105","True",,,,,,,"2025-12-19T17:36:38Z","2025-12-19T17:36:38Z","Kyle.Coder@va.gov","Kyle.Coder@va.gov","0","0","0",,,,,
"387","Learning Labs","Tenneil Zielaskowski – Bldg. 8, RM105, Desk 7 @ 12/08/2025 12:00 AM","Tenneil.Zielaskowski@va.gov","Bldg. 8, RM105, Desk 7","2025-12-09T04:00:00Z","2025-12-08T05:00:00Z",,,"0","0","Learning Labs","HIS","True","Denise.Patterer@va.gov","Desk",,"2025-12-08T05:00:00Z","Super User Training","69",,,,"Bldg. 8, RM105","True",,,,,,,"2025-12-19T17:36:37Z","2025-12-19T17:36:37Z","Kyle.Coder@va.gov","Kyle.Coder@va.gov","0","0","0",,,,,
"386","Learning Labs","Tenneil Zielaskowski – Bldg. 8, RM105, Desk 6 @ 12/08/2025 12:00 AM","Tenneil.Zielaskowski@va.gov","Bldg. 8, RM105, Desk 6","2025-12-09T04:00:00Z","2025-12-08T05:00:00Z",,,"0","0","Learning Labs","HIS","True","Denise.Patterer@va.gov","Desk",,"2025-12-08T05:00:00Z","Super User Training","69",,,,"Bldg. 8, RM105","True",,,,,,,"2025-12-19T17:36:37Z","2025-12-19T17:36:37Z","Kyle.Coder@va.gov","Kyle.Coder@va.gov","0","0","0",,,,,
"385","Learning Labs","Tenneil Zielaskowski – Bldg. 8, RM105, Desk 5 @ 12/08/2025 12:00 AM","Tenneil.Zielaskowski@va.gov","Bldg. 8, RM105, Desk 5","2025-12-09T04:00:00Z","2025-12-08T05:00:00Z",,,"0","0","Learning Labs","HIS","True","Denise.Patterer@va.gov","Desk",,"2025-12-08T05:00:00Z","Super User Training","69",,,,"Bldg. 8, RM105","True",,,,,,,"2025-12-19T17:36:37Z","2025-12-19T17:36:37Z","Kyle.Coder@va.gov","Kyle.Coder@va.gov","0","0","0",,,,,
"384","Learning Labs","Tenneil Zielaskowski – Bldg. 8, RM105, Desk 4 @ 12/08/2025 12:00 AM","Tenneil.Zielaskowski@va.gov","Bldg. 8, RM105, Desk 4","2025-12-09T04:00:00Z","2025-12-08T05:00:00Z",,,"0","0","Learning Labs","HIS","True","Denise.Patterer@va.gov","Desk",,"2025-12-08T05:00:00Z","Super User Training","69",,,,"Bldg. 8, RM105","True",,,,,,,"2025-12-19T17:36:37Z","2025-12-19T17:36:37Z","Kyle.Coder@va.gov","Kyle.Coder@va.gov","0","0","0",,,,,
"383","Learning Labs","Tenneil Zielaskowski – Bldg. 8, RM105, Desk 3 @ 12/08/2025 12:00 AM","Tenneil.Zielaskowski@va.gov","Bldg. 8, RM105, Desk 3","2025-12-09T04:00:00Z","2025-12-08T05:00:00Z",,,"0","0","Learning Labs","HIS","True","Denise.Patterer@va.gov","Desk",,"2025-12-08T05:00:00Z","Super User Training","69",,,,"Bldg. 8, RM105","True",,,,,,,"2025-12-19T17:36:37Z","2025-12-19T17:36:37Z","Kyle.Coder@va.gov","Kyle.Coder@va.gov","0","0","0",,,,,
"382","Learning Labs","Tenneil Zielaskowski – Bldg. 8, RM105, Desk 2 @ 12/08/2025 12:00 AM","Tenneil.Zielaskowski@va.gov","Bldg. 8, RM105, Desk 2","2025-12-09T04:00:00Z","2025-12-08T05:00:00Z",,,"0","0","Learning Labs","HIS","True","Denise.Patterer@va.gov","Desk",,"2025-12-08T05:00:00Z","Super User Training","69",,,,"Bldg. 8, RM105","True",,,,,,,"2025-12-19T17:36:36Z","2025-12-19T17:36:36Z","Kyle.Coder@va.gov","Kyle.Coder@va.gov","0","0","0",,,,,
"381","Learning Labs","Tenneil Zielaskowski – Bldg. 8, RM105, Desk 16 @ 12/08/2025 12:00 AM","Tenneil.Zielaskowski@va.gov","Bldg. 8, RM105, Desk 16","2025-12-09T04:00:00Z","2025-12-08T05:00:00Z",,,"0","0","Learning Labs","HIS","True","Denise.Patterer@va.gov","Desk",,"2025-12-08T05:00:00Z","Super User Training","69",,,,"Bldg. 8, RM105","True",,,,,,,"2025-12-19T17:36:36Z","2025-12-19T17:36:36Z","Kyle.Coder@va.gov","Kyle.Coder@va.gov","0","0","0",,,,,
"380","Learning Labs","Tenneil Zielaskowski – Bldg. 8, RM105, Desk 15 @ 12/08/2025 12:00 AM","Tenneil.Zielaskowski@va.gov","Bldg. 8, RM105, Desk 15","2025-12-09T04:00:00Z","2025-12-08T05:00:00Z",,,"0","0","Learning Labs","HIS","True","Denise.Patterer@va.gov","Desk",,"2025-12-08T05:00:00Z","Super User Training","69",,,,"Bldg. 8, RM105","True",,,,,,,"2025-12-19T17:36:36Z","2025-12-19T17:36:36Z","Kyle.Coder@va.gov","Kyle.Coder@va.gov","0","0","0",,,,,
"379","Learning Labs","Tenneil Zielaskowski – Bldg. 8, RM105, Desk 14 @ 12/08/2025 12:00 AM","Tenneil.Zielaskowski@va.gov","Bldg. 8, RM105, Desk 14","2025-12-09T04:00:00Z","2025-12-08T05:00:00Z",,,"0","0","Learning Labs","HIS","True","Denise.Patterer@va.gov","Desk",,"2025-12-08T05:00:00Z","Super User Training","69",,,,"Bldg. 8, RM105","True",,,,,,,"2025-12-19T17:36:35Z","2025-12-19T17:36:35Z","Kyle.Coder@va.gov","Kyle.Coder@va.gov","0","0","0",,,,,
"378","Learning Labs","Tenneil Zielaskowski – Bldg. 8, RM105, Desk 13 @ 12/08/2025 12:00 AM","Tenneil.Zielaskowski@va.gov","Bldg. 8, RM105, Desk 13","2025-12-09T04:00:00Z","2025-12-08T05:00:00Z",,,"0","0","Learning Labs","HIS","True","Denise.Patterer@va.gov","Desk",,"2025-12-08T05:00:00Z","Super User Training","69",,,,"Bldg. 8, RM105","True",,,,,,,"2025-12-19T17:36:35Z","2025-12-19T17:36:35Z","Kyle.Coder@va.gov","Kyle.Coder@va.gov","0","0","0",,,,,
"377","Learning Labs","Tenneil Zielaskowski – Bldg. 8, RM105, Desk 12 @ 12/08/2025 12:00 AM","Tenneil.Zielaskowski@va.gov","Bldg. 8, RM105, Desk 12","2025-12-09T04:00:00Z","2025-12-08T05:00:00Z",,,"0","0","Learning Labs","HIS","True","Denise.Patterer@va.gov","Desk",,"2025-12-08T05:00:00Z","Super User Training","69",,,,"Bldg. 8, RM105","True",,,,,,,"2025-12-19T17:36:35Z","2025-12-19T17:36:35Z","Kyle.Coder@va.gov","Kyle.Coder@va.gov","0","0","0",,,,,
"376","Learning Labs","Tenneil Zielaskowski – Bldg. 8, RM105, Desk 11 @ 12/08/2025 12:00 AM","Tenneil.Zielaskowski@va.gov","Bldg. 8, RM105, Desk 11","2025-12-09T04:00:00Z","2025-12-08T05:00:00Z",,,"0","0","Learning Labs","HIS","True","Denise.Patterer@va.gov","Desk",,"2025-12-08T05:00:00Z","Super User Training","69",,,,"Bldg. 8, RM105","True",,,,,,,"2025-12-19T17:36:35Z","2025-12-19T17:36:35Z","Kyle.Coder@va.gov","Kyle.Coder@va.gov","0","0","0",,,,,
"375","Learning Labs","Tenneil Zielaskowski – Bldg. 8, RM105, Desk 10 @ 12/08/2025 12:00 AM","Tenneil.Zielaskowski@va.gov","Bldg. 8, RM105, Desk 10","2025-12-09T04:00:00Z","2025-12-08T05:00:00Z",,,"0","0","Learning Labs","HIS","True","Denise.Patterer@va.gov","Desk",,"2025-12-08T05:00:00Z","Super User Training","69",,,,"Bldg. 8, RM105","True",,,,,,,"2025-12-19T17:36:35Z","2025-12-19T17:36:35Z","Kyle.Coder@va.gov","Kyle.Coder@va.gov","0","0","0",,,,,
"374","Learning Labs","Tenneil Zielaskowski – Bldg. 8, RM105, Desk 1 @ 12/08/2025 12:00 AM","Tenneil.Zielaskowski@va.gov","Bldg. 8, RM105, Desk 1","2025-12-09T04:00:00Z","2025-12-08T05:00:00Z",,,"0","0","Learning Labs","HIS","True","Denise.Patterer@va.gov","Desk",,"2025-12-08T05:00:00Z","Super User Training","69",,,,"Bldg. 8, RM105","True",,,,,,,"2025-12-19T17:36:35Z","2025-12-19T17:36:35Z","Kyle.Coder@va.gov","Kyle.Coder@va.gov","0","0","0",,,,,
"373","Learning Labs","Tenneil Zielaskowski – Bldg. 8, RM105, Desk 9 @ 12/05/2025 12:00 AM","Tenneil.Zielaskowski@va.gov","Bldg. 8, RM105, Desk 9","2025-12-06T04:00:00Z","2025-12-05T05:00:00Z",,,"0","0","Learning Labs","HIS","True","Denise.Patterer@va.gov","Desk",,"2025-12-05T05:00:00Z","Super User Training","68",,,,"Bldg. 8, RM105","True",,,,,,,"2025-12-19T17:36:34Z","2025-12-19T17:36:34Z","Kyle.Coder@va.gov","Kyle.Coder@va.gov","0","0","0",,,,,
"372","Learning Labs","Tenneil Zielaskowski – Bldg. 8, RM105, Desk 8 @ 12/05/2025 12:00 AM","Tenneil.Zielaskowski@va.gov","Bldg. 8, RM105, Desk 8","2025-12-06T04:00:00Z","2025-12-05T05:00:00Z",,,"0","0","Learning Labs","HIS","True","Denise.Patterer@va.gov","Desk",,"2025-12-05T05:00:00Z","Super User Training","68",,,,"Bldg. 8, RM105","True",,,,,,,"2025-12-19T17:36:34Z","2025-12-19T17:36:34Z","Kyle.Coder@va.gov","Kyle.Coder@va.gov","0","0","0",,,,,
"371","Learning Labs","Tenneil Zielaskowski – Bldg. 8, RM105, Desk 7 @ 12/05/2025 12:00 AM","Tenneil.Zielaskowski@va.gov","Bldg. 8, RM105, Desk 7","2025-12-06T04:00:00Z","2025-12-05T05:00:00Z",,,"0","0","Learning Labs","HIS","True","Denise.Patterer@va.gov","Desk",,"2025-12-05T05:00:00Z","Super User Training","68",,,,"Bldg. 8, RM105","True",,,,,,,"2025-12-19T17:36:34Z","2025-12-19T17:36:34Z","Kyle.Coder@va.gov","Kyle.Coder@va.gov","0","0","0",,,,,
"370","Learning Labs","Tenneil Zielaskowski – Bldg. 8, RM105, Desk 6 @ 12/05/2025 12:00 AM","Tenneil.Zielaskowski@va.gov","Bldg. 8, RM105, Desk 6","2025-12-06T04:00:00Z","2025-12-05T05:00:00Z",,,"0","0","Learning Labs","HIS","True","Denise.Patterer@va.gov","Desk",,"2025-12-05T05:00:00Z","Super User Training","68",,,,"Bldg. 8, RM105","True",,,,,,,"2025-12-19T17:36:34Z","2025-12-19T17:36:34Z","Kyle.Coder@va.gov","Kyle.Coder@va.gov","0","0","0",,,,,
"369","Learning Labs","Tenneil Zielaskowski – Bldg. 8, RM105, Desk 5 @ 12/05/2025 12:00 AM","Tenneil.Zielaskowski@va.gov","Bldg. 8, RM105, Desk 5","2025-12-06T04:00:00Z","2025-12-05T05:00:00Z",,,"0","0","Learning Labs","HIS","True","Denise.Patterer@va.gov","Desk",,"2025-12-05T05:00:00Z","Super User Training","68",,,,"Bldg. 8, RM105","True",,,,,,,"2025-12-19T17:36:34Z","2025-12-19T17:36:34Z","Kyle.Coder@va.gov","Kyle.Coder@va.gov","0","0","0",,,,,
"368","Learning Labs","Tenneil Zielaskowski – Bldg. 8, RM105, Desk 4 @ 12/05/2025 12:00 AM","Tenneil.Zielaskowski@va.gov","Bldg. 8, RM105, Desk 4","2025-12-06T04:00:00Z","2025-12-05T05:00:00Z",,,"0","0","Learning Labs","HIS","True","Denise.Patterer@va.gov","Desk",,"2025-12-05T05:00:00Z","Super User Training","68",,,,"Bldg. 8, RM105","True",,,,,,,"2025-12-19T17:36:33Z","2025-12-19T17:36:33Z","Kyle.Coder@va.gov","Kyle.Coder@va.gov","0","0","0",,,,,
"367","Learning Labs","Tenneil Zielaskowski – Bldg. 8, RM105, Desk 3 @ 12/05/2025 12:00 AM","Tenneil.Zielaskowski@va.gov","Bldg. 8, RM105, Desk 3","2025-12-06T04:00:00Z","2025-12-05T05:00:00Z",,,"0","0","Learning Labs","HIS","True","Denise.Patterer@va.gov","Desk",,"2025-12-05T05:00:00Z","Super User Training","68",,,,"Bldg. 8, RM105","True",,,,,,,"2025-12-19T17:36:33Z","2025-12-19T17:36:33Z","Kyle.Coder@va.gov","Kyle.Coder@va.gov","0","0","0",,,,,
"366","Learning Labs","Tenneil Zielaskowski – Bldg. 8, RM105, Desk 2 @ 12/05/2025 12:00 AM","Tenneil.Zielaskowski@va.gov","Bldg. 8, RM105, Desk 2","2025-12-06T04:00:00Z","2025-12-05T05:00:00Z",,,"0","0","Learning Labs","HIS","True","Denise.Patterer@va.gov","Desk",,"2025-12-05T05:00:00Z","Super User Training","68",,,,"Bldg. 8, RM105","True",,,,,,,"2025-12-19T17:36:33Z","2025-12-19T17:36:33Z","Kyle.Coder@va.gov","Kyle.Coder@va.gov","0","0","0",,,,,
"365","Learning Labs","Tenneil Zielaskowski – Bldg. 8, RM105, Desk 16 @ 12/05/2025 12:00 AM","Tenneil.Zielaskowski@va.gov","Bldg. 8, RM105, Desk 16","2025-12-06T04:00:00Z","2025-12-05T05:00:00Z",,,"0","0","Learning Labs","HIS","True","Denise.Patterer@va.gov","Desk",,"2025-12-05T05:00:00Z","Super User Training","68",,,,"Bldg. 8, RM105","True",,,,,,,"2025-12-19T17:36:33Z","2025-12-19T17:36:33Z","Kyle.Coder@va.gov","Kyle.Coder@va.gov","0","0","0",,,,,
"364","Learning Labs","Tenneil Zielaskowski – Bldg. 8, RM105, Desk 15 @ 12/05/2025 12:00 AM","Tenneil.Zielaskowski@va.gov","Bldg. 8, RM105, Desk 15","2025-12-06T04:00:00Z","2025-12-05T05:00:00Z",,,"0","0","Learning Labs","HIS","True","Denise.Patterer@va.gov","Desk",,"2025-12-05T05:00:00Z","Super User Training","68",,,,"Bldg. 8, RM105","True",,,,,,,"2025-12-19T17:36:33Z","2025-12-19T17:36:33Z","Kyle.Coder@va.gov","Kyle.Coder@va.gov","0","0","0",,,,,
"363","Learning Labs","Tenneil Zielaskowski – Bldg. 8, RM105, Desk 14 @ 12/05/2025 12:00 AM","Tenneil.Zielaskowski@va.gov","Bldg. 8, RM105, Desk 14","2025-12-06T04:00:00Z","2025-12-05T05:00:00Z",,,"0","0","Learning Labs","HIS","True","Denise.Patterer@va.gov","Desk",,"2025-12-05T05:00:00Z","Super User Training","68",,,,"Bldg. 8, RM105","True",,,,,,,"2025-12-19T17:36:33Z","2025-12-19T17:36:33Z","Kyle.Coder@va.gov","Kyle.Coder@va.gov","0","0","0",,,,,
"362","Learning Labs","Tenneil Zielaskowski – Bldg. 8, RM105, Desk 13 @ 12/05/2025 12:00 AM","Tenneil.Zielaskowski@va.gov","Bldg. 8, RM105, Desk 13","2025-12-06T04:00:00Z","2025-12-05T05:00:00Z",,,"0","0","Learning Labs","HIS","True","Denise.Patterer@va.gov","Desk",,"2025-12-05T05:00:00Z","Super User Training","68",,,,"Bldg. 8, RM105","True",,,,,,,"2025-12-19T17:36:32Z","2025-12-19T17:36:32Z","Kyle.Coder@va.gov","Kyle.Coder@va.gov","0","0","0",,,,,
"361","Learning Labs","Tenneil Zielaskowski – Bldg. 8, RM105, Desk 12 @ 12/05/2025 12:00 AM","Tenneil.Zielaskowski@va.gov","Bldg. 8, RM105, Desk 12","2025-12-06T04:00:00Z","2025-12-05T05:00:00Z",,,"0","0","Learning Labs","HIS","True","Denise.Patterer@va.gov","Desk",,"2025-12-05T05:00:00Z","Super User Training","68",,,,"Bldg. 8, RM105","True",,,,,,,"2025-12-19T17:36:32Z","2025-12-19T17:36:32Z","Kyle.Coder@va.gov","Kyle.Coder@va.gov","0","0","0",,,,,
"360","Learning Labs","Tenneil Zielaskowski – Bldg. 8, RM105, Desk 11 @ 12/05/2025 12:00 AM","Tenneil.Zielaskowski@va.gov","Bldg. 8, RM105, Desk 11","2025-12-06T04:00:00Z","2025-12-05T05:00:00Z",,,"0","0","Learning Labs","HIS","True","Denise.Patterer@va.gov","Desk",,"2025-12-05T05:00:00Z","Super User Training","68",,,,"Bldg. 8, RM105","True",,,,,,,"2025-12-19T17:36:32Z","2025-12-19T17:36:32Z","Kyle.Coder@va.gov","Kyle.Coder@va.gov","0","0","0",,,,,
"359","Learning Labs","Tenneil Zielaskowski – Bldg. 8, RM105, Desk 10 @ 12/05/2025 12:00 AM","Tenneil.Zielaskowski@va.gov","Bldg. 8, RM105, Desk 10","2025-12-06T04:00:00Z","2025-12-05T05:00:00Z",,,"0","0","Learning Labs","HIS","True","Denise.Patterer@va.gov","Desk",,"2025-12-05T05:00:00Z","Super User Training","68",,,,"Bldg. 8, RM105","True",,,,,,,"2025-12-19T17:36:32Z","2025-12-19T17:36:32Z","Kyle.Coder@va.gov","Kyle.Coder@va.gov","0","0","0",,,,,
"358","Learning Labs","Tenneil Zielaskowski – Bldg. 8, RM105, Desk 1 @ 12/05/2025 12:00 AM","Tenneil.Zielaskowski@va.gov","Bldg. 8, RM105, Desk 1","2025-12-06T04:00:00Z","2025-12-05T05:00:00Z",,,"0","0","Learning Labs","HIS","True","Denise.Patterer@va.gov","Desk",,"2025-12-05T05:00:00Z","Super User Training","68",,,,"Bldg. 8, RM105","True",,,,,,,"2025-12-19T17:36:32Z","2025-12-19T17:36:32Z","Kyle.Coder@va.gov","Kyle.Coder@va.gov","0","0","0",,,,,
"357","Learning Labs","Tenneil Zielaskowski – Bldg. 8, RM105, Desk 9 @ 12/04/2025 12:00 AM","Tenneil.Zielaskowski@va.gov","Bldg. 8, RM105, Desk 9","2025-12-05T04:00:00Z","2025-12-04T05:00:00Z",,,"0","0","Learning Labs","HIS","True","Denise.Patterer@va.gov","Desk",,"2025-12-04T05:00:00Z","Super User Training","67",,,,"Bldg. 8, RM105","True",,,,,,,"2025-12-19T17:36:32Z","2025-12-19T17:36:32Z","Kyle.Coder@va.gov","Kyle.Coder@va.gov","0","0","0",,,,,
"356","Learning Labs","Tenneil Zielaskowski – Bldg. 8, RM105, Desk 8 @ 12/04/2025 12:00 AM","Tenneil.Zielaskowski@va.gov","Bldg. 8, RM105, Desk 8","2025-12-05T04:00:00Z","2025-12-04T05:00:00Z",,,"0","0","Learning Labs","HIS","True","Denise.Patterer@va.gov","Desk",,"2025-12-04T05:00:00Z","Super User Training","67",,,,"Bldg. 8, RM105","True",,,,,,,"2025-12-19T17:36:31Z","2025-12-19T17:36:31Z","Kyle.Coder@va.gov","Kyle.Coder@va.gov","0","0","0",,,,,
"355","Learning Labs","Tenneil Zielaskowski – Bldg. 8, RM105, Desk 7 @ 12/04/2025 12:00 AM","Tenneil.Zielaskowski@va.gov","Bldg. 8, RM105, Desk 7","2025-12-05T04:00:00Z","2025-12-04T05:00:00Z",,,"0","0","Learning Labs","HIS","True","Denise.Patterer@va.gov","Desk",,"2025-12-04T05:00:00Z","Super User Training","67",,,,"Bldg. 8, RM105","True",,,,,,,"2025-12-19T17:36:31Z","2025-12-19T17:36:31Z","Kyle.Coder@va.gov","Kyle.Coder@va.gov","0","0","0",,,,,
"354","Learning Labs","Tenneil Zielaskowski – Bldg. 8, RM105, Desk 6 @ 12/04/2025 12:00 AM","Tenneil.Zielaskowski@va.gov","Bldg. 8, RM105, Desk 6","2025-12-05T04:00:00Z","2025-12-04T05:00:00Z",,,"0","0","Learning Labs","HIS","True","Denise.Patterer@va.gov","Desk",,"2025-12-04T05:00:00Z","Super User Training","67",,,,"Bldg. 8, RM105","True",,,,,,,"2025-12-19T17:36:31Z","2025-12-19T17:36:31Z","Kyle.Coder@va.gov","Kyle.Coder@va.gov","0","0","0",,,,,
"353","Learning Labs","Tenneil Zielaskowski – Bldg. 8, RM105, Desk 5 @ 12/04/2025 12:00 AM","Tenneil.Zielaskowski@va.gov","Bldg. 8, RM105, Desk 5","2025-12-05T04:00:00Z","2025-12-04T05:00:00Z",,,"0","0","Learning Labs","HIS","True","Denise.Patterer@va.gov","Desk",,"2025-12-04T05:00:00Z","Super User Training","67",,,,"Bldg. 8, RM105","True",,,,,,,"2025-12-19T17:36:31Z","2025-12-19T17:36:31Z","Kyle.Coder@va.gov","Kyle.Coder@va.gov","0","0","0",,,,,
"352","Learning Labs","Tenneil Zielaskowski – Bldg. 8, RM105, Desk 4 @ 12/04/2025 12:00 AM","Tenneil.Zielaskowski@va.gov","Bldg. 8, RM105, Desk 4","2025-12-05T04:00:00Z","2025-12-04T05:00:00Z",,,"0","0","Learning Labs","HIS","True","Denise.Patterer@va.gov","Desk",,"2025-12-04T05:00:00Z","Super User Training","67",,,,"Bldg. 8, RM105","True",,,,,,,"2025-12-19T17:36:31Z","2025-12-19T17:36:31Z","Kyle.Coder@va.gov","Kyle.Coder@va.gov","0","0","0",,,,,
"351","Learning Labs","Tenneil Zielaskowski – Bldg. 8, RM105, Desk 3 @ 12/04/2025 12:00 AM","Tenneil.Zielaskowski@va.gov","Bldg. 8, RM105, Desk 3","2025-12-05T04:00:00Z","2025-12-04T05:00:00Z",,,"0","0","Learning Labs","HIS","True","Denise.Patterer@va.gov","Desk",,"2025-12-04T05:00:00Z","Super User Training","67",,,,"Bldg. 8, RM105","True",,,,,,,"2025-12-19T17:36:30Z","2025-12-19T17:36:30Z","Kyle.Coder@va.gov","Kyle.Coder@va.gov","0","0","0",,,,,
"350","Learning Labs","Tenneil Zielaskowski – Bldg. 8, RM105, Desk 2 @ 12/04/2025 12:00 AM","Tenneil.Zielaskowski@va.gov","Bldg. 8, RM105, Desk 2","2025-12-05T04:00:00Z","2025-12-04T05:00:00Z",,,"0","0","Learning Labs","HIS","True","Denise.Patterer@va.gov","Desk",,"2025-12-04T05:00:00Z","Super User Training","67",,,,"Bldg. 8, RM105","True",,,,,,,"2025-12-19T17:36:29Z","2025-12-19T17:36:29Z","Kyle.Coder@va.gov","Kyle.Coder@va.gov","0","0","0",,,,,
"349","Learning Labs","Tenneil Zielaskowski – Bldg. 8, RM105, Desk 16 @ 12/04/2025 12:00 AM","Tenneil.Zielaskowski@va.gov","Bldg. 8, RM105, Desk 16","2025-12-05T04:00:00Z","2025-12-04T05:00:00Z",,,"0","0","Learning Labs","HIS","True","Denise.Patterer@va.gov","Desk",,"2025-12-04T05:00:00Z","Super User Training","67",,,,"Bldg. 8, RM105","True",,,,,,,"2025-12-19T17:36:29Z","2025-12-19T17:36:29Z","Kyle.Coder@va.gov","Kyle.Coder@va.gov","0","0","0",,,,,
"348","Learning Labs","Tenneil Zielaskowski – Bldg. 8, RM105, Desk 15 @ 12/04/2025 12:00 AM","Tenneil.Zielaskowski@va.gov","Bldg. 8, RM105, Desk 15","2025-12-05T04:00:00Z","2025-12-04T05:00:00Z",,,"0","0","Learning Labs","HIS","True","Denise.Patterer@va.gov","Desk",,"2025-12-04T05:00:00Z","Super User Training","67",,,,"Bldg. 8, RM105","True",,,,,,,"2025-12-19T17:36:29Z","2025-12-19T17:36:29Z","Kyle.Coder@va.gov","Kyle.Coder@va.gov","0","0","0",,,,,
"347","Learning Labs","Tenneil Zielaskowski – Bldg. 8, RM105, Desk 14 @ 12/04/2025 12:00 AM","Tenneil.Zielaskowski@va.gov","Bldg. 8, RM105, Desk 14","2025-12-05T04:00:00Z","2025-12-04T05:00:00Z",,,"0","0","Learning Labs","HIS","True","Denise.Patterer@va.gov","Desk",,"2025-12-04T05:00:00Z","Super User Training","67",,,,"Bldg. 8, RM105","True",,,,,,,"2025-12-19T17:36:28Z","2025-12-19T17:36:28Z","Kyle.Coder@va.gov","Kyle.Coder@va.gov","0","0","0",,,,,
"346","Learning Labs","Tenneil Zielaskowski – Bldg. 8, RM105, Desk 13 @ 12/04/2025 12:00 AM","Tenneil.Zielaskowski@va.gov","Bldg. 8, RM105, Desk 13","2025-12-05T04:00:00Z","2025-12-04T05:00:00Z",,,"0","0","Learning Labs","HIS","True","Denise.Patterer@va.gov","Desk",,"2025-12-04T05:00:00Z","Super User Training","67",,,,"Bldg. 8, RM105","True",,,,,,,"2025-12-19T17:36:28Z","2025-12-19T17:36:28Z","Kyle.Coder@va.gov","Kyle.Coder@va.gov","0","0","0",,,,,
"345","Learning Labs","Tenneil Zielaskowski – Bldg. 8, RM105, Desk 12 @ 12/04/2025 12:00 AM","Tenneil.Zielaskowski@va.gov","Bldg. 8, RM105, Desk 12","2025-12-05T04:00:00Z","2025-12-04T05:00:00Z",,,"0","0","Learning Labs","HIS","True","Denise.Patterer@va.gov","Desk",,"2025-12-04T05:00:00Z","Super User Training","67",,,,"Bldg. 8, RM105","True",,,,,,,"2025-12-19T17:36:28Z","2025-12-19T17:36:28Z","Kyle.Coder@va.gov","Kyle.Coder@va.gov","0","0","0",,,,,
"344","Learning Labs","Tenneil Zielaskowski – Bldg. 8, RM105, Desk 11 @ 12/04/2025 12:00 AM","Tenneil.Zielaskowski@va.gov","Bldg. 8, RM105, Desk 11","2025-12-05T04:00:00Z","2025-12-04T05:00:00Z",,,"0","0","Learning Labs","HIS","True","Denise.Patterer@va.gov","Desk",,"2025-12-04T05:00:00Z","Super User Training","67",,,,"Bldg. 8, RM105","True",,,,,,,"2025-12-19T17:36:28Z","2025-12-19T17:36:28Z","Kyle.Coder@va.gov","Kyle.Coder@va.gov","0","0","0",,,,,
"343","Learning Labs","Tenneil Zielaskowski – Bldg. 8, RM105, Desk 10 @ 12/04/2025 12:00 AM","Tenneil.Zielaskowski@va.gov","Bldg. 8, RM105, Desk 10","2025-12-05T04:00:00Z","2025-12-04T05:00:00Z",,,"0","0","Learning Labs","HIS","True","Denise.Patterer@va.gov","Desk",,"2025-12-04T05:00:00Z","Super User Training","67",,,,"Bldg. 8, RM105","True",,,,,,,"2025-12-19T17:36:27Z","2025-12-19T17:36:27Z","Kyle.Coder@va.gov","Kyle.Coder@va.gov","0","0","0",,,,,
"342","Learning Labs","Tenneil Zielaskowski – Bldg. 8, RM105, Desk 1 @ 12/04/2025 12:00 AM","Tenneil.Zielaskowski@va.gov","Bldg. 8, RM105, Desk 1","2025-12-05T04:00:00Z","2025-12-04T05:00:00Z",,,"0","0","Learning Labs","HIS","True","Denise.Patterer@va.gov","Desk",,"2025-12-04T05:00:00Z","Super User Training","67",,,,"Bldg. 8, RM105","True",,,,,,,"2025-12-19T17:36:27Z","2025-12-19T17:36:27Z","Kyle.Coder@va.gov","Kyle.Coder@va.gov","0","0","0",,,,,
"341","Learning Labs","Tenneil Zielaskowski – Bldg. 8, RM105, Desk 9 @ 12/03/2025 12:00 AM","Tenneil.Zielaskowski@va.gov","Bldg. 8, RM105, Desk 9","2025-12-04T04:00:00Z","2025-12-03T05:00:00Z",,,"0","0","Learning Labs","HIS","True","Denise.Patterer@va.gov","Desk",,"2025-12-03T05:00:00Z","Super User Training","66",,,,"Bldg. 8, RM105","True",,,,,,,"2025-12-19T17:36:27Z","2025-12-19T17:36:27Z","Kyle.Coder@va.gov","Kyle.Coder@va.gov","0","0","0",,,,,
"340","Learning Labs","Tenneil Zielaskowski – Bldg. 8, RM105, Desk 8 @ 12/03/2025 12:00 AM","Tenneil.Zielaskowski@va.gov","Bldg. 8, RM105, Desk 8","2025-12-04T04:00:00Z","2025-12-03T05:00:00Z",,,"0","0","Learning Labs","HIS","True","Denise.Patterer@va.gov","Desk",,"2025-12-03T05:00:00Z","Super User Training","66",,,,"Bldg. 8, RM105","True",,,,,,,"2025-12-19T17:36:27Z","2025-12-19T17:36:27Z","Kyle.Coder@va.gov","Kyle.Coder@va.gov","0","0","0",,,,,
"339","Learning Labs","Tenneil Zielaskowski – Bldg. 8, RM105, Desk 7 @ 12/03/2025 12:00 AM","Tenneil.Zielaskowski@va.gov","Bldg. 8, RM105, Desk 7","2025-12-04T04:00:00Z","2025-12-03T05:00:00Z",,,"0","0","Learning Labs","HIS","True","Denise.Patterer@va.gov","Desk",,"2025-12-03T05:00:00Z","Super User Training","66",,,,"Bldg. 8, RM105","True",,,,,,,"2025-12-19T17:36:27Z","2025-12-19T17:36:27Z","Kyle.Coder@va.gov","Kyle.Coder@va.gov","0","0","0",,,,,
"338","Learning Labs","Tenneil Zielaskowski – Bldg. 8, RM105, Desk 6 @ 12/03/2025 12:00 AM","Tenneil.Zielaskowski@va.gov","Bldg. 8, RM105, Desk 6","2025-12-04T04:00:00Z","2025-12-03T05:00:00Z",,,"0","0","Learning Labs","HIS","True","Denise.Patterer@va.gov","Desk",,"2025-12-03T05:00:00Z","Super User Training","66",,,,"Bldg. 8, RM105","True",,,,,,,"2025-12-19T17:36:26Z","2025-12-19T17:36:26Z","Kyle.Coder@va.gov","Kyle.Coder@va.gov","0","0","0",,,,,
"337","Learning Labs","Tenneil Zielaskowski – Bldg. 8, RM105, Desk 5 @ 12/03/2025 12:00 AM","Tenneil.Zielaskowski@va.gov","Bldg. 8, RM105, Desk 5","2025-12-04T04:00:00Z","2025-12-03T05:00:00Z",,,"0","0","Learning Labs","HIS","True","Denise.Patterer@va.gov","Desk",,"2025-12-03T05:00:00Z","Super User Training","66",,,,"Bldg. 8, RM105","True",,,,,,,"2025-12-19T17:36:26Z","2025-12-19T17:36:26Z","Kyle.Coder@va.gov","Kyle.Coder@va.gov","0","0","0",,,,,
"336","Learning Labs","Tenneil Zielaskowski – Bldg. 8, RM105, Desk 4 @ 12/03/2025 12:00 AM","Tenneil.Zielaskowski@va.gov","Bldg. 8, RM105, Desk 4","2025-12-04T04:00:00Z","2025-12-03T05:00:00Z",,,"0","0","Learning Labs","HIS","True","Denise.Patterer@va.gov","Desk",,"2025-12-03T05:00:00Z","Super User Training","66",,,,"Bldg. 8, RM105","True",,,,,,,"2025-12-19T17:36:26Z","2025-12-19T17:36:26Z","Kyle.Coder@va.gov","Kyle.Coder@va.gov","0","0","0",,,,,
"335","Learning Labs","Tenneil Zielaskowski – Bldg. 8, RM105, Desk 3 @ 12/03/2025 12:00 AM","Tenneil.Zielaskowski@va.gov","Bldg. 8, RM105, Desk 3","2025-12-04T04:00:00Z","2025-12-03T05:00:00Z",,,"0","0","Learning Labs","HIS","True","Denise.Patterer@va.gov","Desk",,"2025-12-03T05:00:00Z","Super User Training","66",,,,"Bldg. 8, RM105","True",,,,,,,"2025-12-19T17:36:26Z","2025-12-19T17:36:26Z","Kyle.Coder@va.gov","Kyle.Coder@va.gov","0","0","0",,,,,
"334","Learning Labs","Tenneil Zielaskowski – Bldg. 8, RM105, Desk 2 @ 12/03/2025 12:00 AM","Tenneil.Zielaskowski@va.gov","Bldg. 8, RM105, Desk 2","2025-12-04T04:00:00Z","2025-12-03T05:00:00Z",,,"0","0","Learning Labs","HIS","True","Denise.Patterer@va.gov","Desk",,"2025-12-03T05:00:00Z","Super User Training","66",,,,"Bldg. 8, RM105","True",,,,,,,"2025-12-19T17:36:25Z","2025-12-19T17:36:25Z","Kyle.Coder@va.gov","Kyle.Coder@va.gov","0","0","0",,,,,
"333","Learning Labs","Tenneil Zielaskowski – Bldg. 8, RM105, Desk 16 @ 12/03/2025 12:00 AM","Tenneil.Zielaskowski@va.gov","Bldg. 8, RM105, Desk 16","2025-12-04T04:00:00Z","2025-12-03T05:00:00Z",,,"0","0","Learning Labs","HIS","True","Denise.Patterer@va.gov","Desk",,"2025-12-03T05:00:00Z","Super User Training","66",,,,"Bldg. 8, RM105","True",,,,,,,"2025-12-19T17:36:25Z","2025-12-19T17:36:25Z","Kyle.Coder@va.gov","Kyle.Coder@va.gov","0","0","0",,,,,
"332","Learning Labs","Tenneil Zielaskowski – Bldg. 8, RM105, Desk 15 @ 12/03/2025 12:00 AM","Tenneil.Zielaskowski@va.gov","Bldg. 8, RM105, Desk 15","2025-12-04T04:00:00Z","2025-12-03T05:00:00Z",,,"0","0","Learning Labs","HIS","True","Denise.Patterer@va.gov","Desk",,"2025-12-03T05:00:00Z","Super User Training","66",,,,"Bldg. 8, RM105","True",,,,,,,"2025-12-19T17:36:25Z","2025-12-19T17:36:25Z","Kyle.Coder@va.gov","Kyle.Coder@va.gov","0","0","0",,,,,
"331","Learning Labs","Tenneil Zielaskowski – Bldg. 8, RM105, Desk 14 @ 12/03/2025 12:00 AM","Tenneil.Zielaskowski@va.gov","Bldg. 8, RM105, Desk 14","2025-12-04T04:00:00Z","2025-12-03T05:00:00Z",,,"0","0","Learning Labs","HIS","True","Denise.Patterer@va.gov","Desk",,"2025-12-03T05:00:00Z","Super User Training","66",,,,"Bldg. 8, RM105","True",,,,,,,"2025-12-19T17:36:25Z","2025-12-19T17:36:25Z","Kyle.Coder@va.gov","Kyle.Coder@va.gov","0","0","0",,,,,
"330","Learning Labs","Tenneil Zielaskowski – Bldg. 8, RM105, Desk 13 @ 12/03/2025 12:00 AM","Tenneil.Zielaskowski@va.gov","Bldg. 8, RM105, Desk 13","2025-12-04T04:00:00Z","2025-12-03T05:00:00Z",,,"0","0","Learning Labs","HIS","True","Denise.Patterer@va.gov","Desk",,"2025-12-03T05:00:00Z","Super User Training","66",,,,"Bldg. 8, RM105","True",,,,,,,"2025-12-19T17:36:24Z","2025-12-19T17:36:24Z","Kyle.Coder@va.gov","Kyle.Coder@va.gov","0","0","0",,,,,
"329","Learning Labs","Tenneil Zielaskowski – Bldg. 8, RM105, Desk 12 @ 12/03/2025 12:00 AM","Tenneil.Zielaskowski@va.gov","Bldg. 8, RM105, Desk 12","2025-12-04T04:00:00Z","2025-12-03T05:00:00Z",,,"0","0","Learning Labs","HIS","True","Denise.Patterer@va.gov","Desk",,"2025-12-03T05:00:00Z","Super User Training","66",,,,"Bldg. 8, RM105","True",,,,,,,"2025-12-19T17:36:24Z","2025-12-19T17:36:24Z","Kyle.Coder@va.gov","Kyle.Coder@va.gov","0","0","0",,,,,
"328","Learning Labs","Tenneil Zielaskowski – Bldg. 8, RM105, Desk 11 @ 12/03/2025 12:00 AM","Tenneil.Zielaskowski@va.gov","Bldg. 8, RM105, Desk 11","2025-12-04T04:00:00Z","2025-12-03T05:00:00Z",,,"0","0","Learning Labs","HIS","True","Denise.Patterer@va.gov","Desk",,"2025-12-03T05:00:00Z","Super User Training","66",,,,"Bldg. 8, RM105","True",,,,,,,"2025-12-19T17:36:24Z","2025-12-19T17:36:24Z","Kyle.Coder@va.gov","Kyle.Coder@va.gov","0","0","0",,,,,
"327","Learning Labs","Tenneil Zielaskowski – Bldg. 8, RM105, Desk 10 @ 12/03/2025 12:00 AM","Tenneil.Zielaskowski@va.gov","Bldg. 8, RM105, Desk 10","2025-12-04T04:00:00Z","2025-12-03T05:00:00Z",,,"0","0","Learning Labs","HIS","True","Denise.Patterer@va.gov","Desk",,"2025-12-03T05:00:00Z","Super User Training","66",,,,"Bldg. 8, RM105","True",,,,,,,"2025-12-19T17:36:24Z","2025-12-19T17:36:24Z","Kyle.Coder@va.gov","Kyle.Coder@va.gov","0","0","0",,,,,
"326","Learning Labs","Tenneil Zielaskowski – Bldg. 8, RM105, Desk 1 @ 12/03/2025 12:00 AM","Tenneil.Zielaskowski@va.gov","Bldg. 8, RM105, Desk 1","2025-12-04T04:00:00Z","2025-12-03T05:00:00Z",,,"0","0","Learning Labs","HIS","True","Denise.Patterer@va.gov","Desk",,"2025-12-03T05:00:00Z","Super User Training","66",,,,"Bldg. 8, RM105","True",,,,,,,"2025-12-19T17:36:23Z","2025-12-19T17:36:23Z","Kyle.Coder@va.gov","Kyle.Coder@va.gov","0","0","0",,,,,
"325","Learning Labs","Tenneil Zielaskowski – Bldg. 8, RM105, Desk 9 @ 11/20/2025 12:00 AM","Tenneil.Zielaskowski@va.gov","Bldg. 8, RM105, Desk 9","2025-11-21T04:00:00Z","2025-11-20T05:00:00Z",,,"0","0","Learning Labs","HIS","True","Denise.Patterer@va.gov","Desk",,"2025-11-20T05:00:00Z","Super User Training","65",,,,"Bldg. 8, RM105","True",,,,,,,"2025-12-19T17:36:23Z","2025-12-19T17:36:23Z","Kyle.Coder@va.gov","Kyle.Coder@va.gov","0","0","0",,,,,
"324","Learning Labs","Tenneil Zielaskowski – Bldg. 8, RM105, Desk 8 @ 11/20/2025 12:00 AM","Tenneil.Zielaskowski@va.gov","Bldg. 8, RM105, Desk 8","2025-11-21T04:00:00Z","2025-11-20T05:00:00Z",,,"0","0","Learning Labs","HIS","True","Denise.Patterer@va.gov","Desk",,"2025-11-20T05:00:00Z","Super User Training","65",,,,"Bldg. 8, RM105","True",,,,,,,"2025-12-19T17:36:23Z","2025-12-19T17:36:23Z","Kyle.Coder@va.gov","Kyle.Coder@va.gov","0","0","0",,,,,
"323","Learning Labs","Tenneil Zielaskowski – Bldg. 8, RM105, Desk 7 @ 11/20/2025 12:00 AM","Tenneil.Zielaskowski@va.gov","Bldg. 8, RM105, Desk 7","2025-11-21T04:00:00Z","2025-11-20T05:00:00Z",,,"0","0","Learning Labs","HIS","True","Denise.Patterer@va.gov","Desk",,"2025-11-20T05:00:00Z","Super User Training","65",,,,"Bldg. 8, RM105","True",,,,,,,"2025-12-19T17:36:23Z","2025-12-19T17:36:23Z","Kyle.Coder@va.gov","Kyle.Coder@va.gov","0","0","0",,,,,
"322","Learning Labs","Tenneil Zielaskowski – Bldg. 8, RM105, Desk 6 @ 11/20/2025 12:00 AM","Tenneil.Zielaskowski@va.gov","Bldg. 8, RM105, Desk 6","2025-11-21T04:00:00Z","2025-11-20T05:00:00Z",,,"0","0","Learning Labs","HIS","True","Denise.Patterer@va.gov","Desk",,"2025-11-20T05:00:00Z","Super User Training","65",,,,"Bldg. 8, RM105","True",,,,,,,"2025-12-19T17:36:22Z","2025-12-19T17:36:22Z","Kyle.Coder@va.gov","Kyle.Coder@va.gov","0","0","0",,,,,
"321","Learning Labs","Tenneil Zielaskowski – Bldg. 8, RM105, Desk 5 @ 11/20/2025 12:00 AM","Tenneil.Zielaskowski@va.gov","Bldg. 8, RM105, Desk 5","2025-11-21T04:00:00Z","2025-11-20T05:00:00Z",,,"0","0","Learning Labs","HIS","True","Denise.Patterer@va.gov","Desk",,"2025-11-20T05:00:00Z","Super User Training","65",,,,"Bldg. 8, RM105","True",,,,,,,"2025-12-19T17:36:22Z","2025-12-19T17:36:22Z","Kyle.Coder@va.gov","Kyle.Coder@va.gov","0","0","0",,,,,
"320","Learning Labs","Tenneil Zielaskowski – Bldg. 8, RM105, Desk 4 @ 11/20/2025 12:00 AM","Tenneil.Zielaskowski@va.gov","Bldg. 8, RM105, Desk 4","2025-11-21T04:00:00Z","2025-11-20T05:00:00Z",,,"0","0","Learning Labs","HIS","True","Denise.Patterer@va.gov","Desk",,"2025-11-20T05:00:00Z","Super User Training","65",,,,"Bldg. 8, RM105","True",,,,,,,"2025-12-19T17:36:22Z","2025-12-19T17:36:22Z","Kyle.Coder@va.gov","Kyle.Coder@va.gov","0","0","0",,,,,
"319","Learning Labs","Tenneil Zielaskowski – Bldg. 8, RM105, Desk 3 @ 11/20/2025 12:00 AM","Tenneil.Zielaskowski@va.gov","Bldg. 8, RM105, Desk 3","2025-11-21T04:00:00Z","2025-11-20T05:00:00Z",,,"0","0","Learning Labs","HIS","True","Denise.Patterer@va.gov","Desk",,"2025-11-20T05:00:00Z","Super User Training","65",,,,"Bldg. 8, RM105","True",,,,,,,"2025-12-19T17:36:22Z","2025-12-19T17:36:22Z","Kyle.Coder@va.gov","Kyle.Coder@va.gov","0","0","0",,,,,
"318","Learning Labs","Tenneil Zielaskowski – Bldg. 8, RM105, Desk 2 @ 11/20/2025 12:00 AM","Tenneil.Zielaskowski@va.gov","Bldg. 8, RM105, Desk 2","2025-11-21T04:00:00Z","2025-11-20T05:00:00Z",,,"0","0","Learning Labs","HIS","True","Denise.Patterer@va.gov","Desk",,"2025-11-20T05:00:00Z","Super User Training","65",,,,"Bldg. 8, RM105","True",,,,,,,"2025-12-19T17:36:22Z","2025-12-19T17:36:22Z","Kyle.Coder@va.gov","Kyle.Coder@va.gov","0","0","0",,,,,
"317","Learning Labs","Tenneil Zielaskowski – Bldg. 8, RM105, Desk 16 @ 11/20/2025 12:00 AM","Tenneil.Zielaskowski@va.gov","Bldg. 8, RM105, Desk 16","2025-11-21T04:00:00Z","2025-11-20T05:00:00Z",,,"0","0","Learning Labs","HIS","True","Denise.Patterer@va.gov","Desk",,"2025-11-20T05:00:00Z","Super User Training","65",,,,"Bldg. 8, RM105","True",,,,,,,"2025-12-19T17:36:21Z","2025-12-19T17:36:21Z","Kyle.Coder@va.gov","Kyle.Coder@va.gov","0","0","0",,,,,
"316","Learning Labs","Tenneil Zielaskowski – Bldg. 8, RM105, Desk 15 @ 11/20/2025 12:00 AM","Tenneil.Zielaskowski@va.gov","Bldg. 8, RM105, Desk 15","2025-11-21T04:00:00Z","2025-11-20T05:00:00Z",,,"0","0","Learning Labs","HIS","True","Denise.Patterer@va.gov","Desk",,"2025-11-20T05:00:00Z","Super User Training","65",,,,"Bldg. 8, RM105","True",,,,,,,"2025-12-19T17:36:21Z","2025-12-19T17:36:21Z","Kyle.Coder@va.gov","Kyle.Coder@va.gov","0","0","0",,,,,
"315","Learning Labs","Tenneil Zielaskowski – Bldg. 8, RM105, Desk 14 @ 11/20/2025 12:00 AM","Tenneil.Zielaskowski@va.gov","Bldg. 8, RM105, Desk 14","2025-11-21T04:00:00Z","2025-11-20T05:00:00Z",,,"0","0","Learning Labs","HIS","True","Denise.Patterer@va.gov","Desk",,"2025-11-20T05:00:00Z","Super User Training","65",,,,"Bldg. 8, RM105","True",,,,,,,"2025-12-19T17:36:21Z","2025-12-19T17:36:21Z","Kyle.Coder@va.gov","Kyle.Coder@va.gov","0","0","0",,,,,
"314","Learning Labs","Tenneil Zielaskowski – Bldg. 8, RM105, Desk 13 @ 11/20/2025 12:00 AM","Tenneil.Zielaskowski@va.gov","Bldg. 8, RM105, Desk 13","2025-11-21T04:00:00Z","2025-11-20T05:00:00Z",,,"0","0","Learning Labs","HIS","True","Denise.Patterer@va.gov","Desk",,"2025-11-20T05:00:00Z","Super User Training","65",,,,"Bldg. 8, RM105","True",,,,,,,"2025-12-19T17:36:21Z","2025-12-19T17:36:21Z","Kyle.Coder@va.gov","Kyle.Coder@va.gov","0","0","0",,,,,
"313","Learning Labs","Tenneil Zielaskowski – Bldg. 8, RM105, Desk 12 @ 11/20/2025 12:00 AM","Tenneil.Zielaskowski@va.gov","Bldg. 8, RM105, Desk 12","2025-11-21T04:00:00Z","2025-11-20T05:00:00Z",,,"0","0","Learning Labs","HIS","True","Denise.Patterer@va.gov","Desk",,"2025-11-20T05:00:00Z","Super User Training","65",,,,"Bldg. 8, RM105","True",,,,,,,"2025-12-19T17:36:20Z","2025-12-19T17:36:20Z","Kyle.Coder@va.gov","Kyle.Coder@va.gov","0","0","0",,,,,
"312","Learning Labs","Tenneil Zielaskowski – Bldg. 8, RM105, Desk 11 @ 11/20/2025 12:00 AM","Tenneil.Zielaskowski@va.gov","Bldg. 8, RM105, Desk 11","2025-11-21T04:00:00Z","2025-11-20T05:00:00Z",,,"0","0","Learning Labs","HIS","True","Denise.Patterer@va.gov","Desk",,"2025-11-20T05:00:00Z","Super User Training","65",,,,"Bldg. 8, RM105","True",,,,,,,"2025-12-19T17:36:20Z","2025-12-19T17:36:20Z","Kyle.Coder@va.gov","Kyle.Coder@va.gov","0","0","0",,,,,
"311","Learning Labs","Tenneil Zielaskowski – Bldg. 8, RM105, Desk 10 @ 11/20/2025 12:00 AM","Tenneil.Zielaskowski@va.gov","Bldg. 8, RM105, Desk 10","2025-11-21T04:00:00Z","2025-11-20T05:00:00Z",,,"0","0","Learning Labs","HIS","True","Denise.Patterer@va.gov","Desk",,"2025-11-20T05:00:00Z","Super User Training","65",,,,"Bldg. 8, RM105","True",,,,,,,"2025-12-19T17:36:20Z","2025-12-19T17:36:20Z","Kyle.Coder@va.gov","Kyle.Coder@va.gov","0","0","0",,,,,
"310","Learning Labs","Tenneil Zielaskowski – Bldg. 8, RM105, Desk 1 @ 11/20/2025 12:00 AM","Tenneil.Zielaskowski@va.gov","Bldg. 8, RM105, Desk 1","2025-11-21T04:00:00Z","2025-11-20T05:00:00Z",,,"0","0","Learning Labs","HIS","True","Denise.Patterer@va.gov","Desk",,"2025-11-20T05:00:00Z","Super User Training","65",,,,"Bldg. 8, RM105","True",,,,,,,"2025-12-19T17:36:20Z","2025-12-19T17:36:20Z","Kyle.Coder@va.gov","Kyle.Coder@va.gov","0","0","0",,,,,
"309","Learning Labs","Tenneil Zielaskowski – Bldg. 8, RM105, Desk 9 @ 11/19/2025 12:00 AM","Tenneil.Zielaskowski@va.gov","Bldg. 8, RM105, Desk 9","2025-11-20T04:00:00Z","2025-11-19T05:00:00Z",,,"0","0","Learning Labs","HIS","True","Denise.Patterer@va.gov","Desk",,"2025-11-19T05:00:00Z","Super User Training","64",,,,"Bldg. 8, RM105","True",,,,,,,"2025-12-19T17:36:20Z","2025-12-19T17:36:20Z","Kyle.Coder@va.gov","Kyle.Coder@va.gov","0","0","0",,,,,
"308","Learning Labs","Tenneil Zielaskowski – Bldg. 8, RM105, Desk 8 @ 11/19/2025 12:00 AM","Tenneil.Zielaskowski@va.gov","Bldg. 8, RM105, Desk 8","2025-11-20T04:00:00Z","2025-11-19T05:00:00Z",,,"0","0","Learning Labs","HIS","True","Denise.Patterer@va.gov","Desk",,"2025-11-19T05:00:00Z","Super User Training","64",,,,"Bldg. 8, RM105","True",,,,,,,"2025-12-19T17:36:19Z","2025-12-19T17:36:19Z","Kyle.Coder@va.gov","Kyle.Coder@va.gov","0","0","0",,,,,
"307","Learning Labs","Tenneil Zielaskowski – Bldg. 8, RM105, Desk 7 @ 11/19/2025 12:00 AM","Tenneil.Zielaskowski@va.gov","Bldg. 8, RM105, Desk 7","2025-11-20T04:00:00Z","2025-11-19T05:00:00Z",,,"0","0","Learning Labs","HIS","True","Denise.Patterer@va.gov","Desk",,"2025-11-19T05:00:00Z","Super User Training","64",,,,"Bldg. 8, RM105","True",,,,,,,"2025-12-19T17:36:19Z","2025-12-19T17:36:19Z","Kyle.Coder@va.gov","Kyle.Coder@va.gov","0","0","0",,,,,
"306","Learning Labs","Tenneil Zielaskowski – Bldg. 8, RM105, Desk 6 @ 11/19/2025 12:00 AM","Tenneil.Zielaskowski@va.gov","Bldg. 8, RM105, Desk 6","2025-11-20T04:00:00Z","2025-11-19T05:00:00Z",,,"0","0","Learning Labs","HIS","True","Denise.Patterer@va.gov","Desk",,"2025-11-19T05:00:00Z","Super User Training","64",,,,"Bldg. 8, RM105","True",,,,,,,"2025-12-19T17:36:19Z","2025-12-19T17:36:19Z","Kyle.Coder@va.gov","Kyle.Coder@va.gov","0","0","0",,,,,
"305","Learning Labs","Tenneil Zielaskowski – Bldg. 8, RM105, Desk 5 @ 11/19/2025 12:00 AM","Tenneil.Zielaskowski@va.gov","Bldg. 8, RM105, Desk 5","2025-11-20T04:00:00Z","2025-11-19T05:00:00Z",,,"0","0","Learning Labs","HIS","True","Denise.Patterer@va.gov","Desk",,"2025-11-19T05:00:00Z","Super User Training","64",,,,"Bldg. 8, RM105","True",,,,,,,"2025-12-19T17:36:19Z","2025-12-19T17:36:19Z","Kyle.Coder@va.gov","Kyle.Coder@va.gov","0","0","0",,,,,
"304","Learning Labs","Tenneil Zielaskowski – Bldg. 8, RM105, Desk 4 @ 11/19/2025 12:00 AM","Tenneil.Zielaskowski@va.gov","Bldg. 8, RM105, Desk 4","2025-11-20T04:00:00Z","2025-11-19T05:00:00Z",,,"0","0","Learning Labs","HIS","True","Denise.Patterer@va.gov","Desk",,"2025-11-19T05:00:00Z","Super User Training","64",,,,"Bldg. 8, RM105","True",,,,,,,"2025-12-19T17:36:18Z","2025-12-19T17:36:18Z","Kyle.Coder@va.gov","Kyle.Coder@va.gov","0","0","0",,,,,
"303","Learning Labs","Tenneil Zielaskowski – Bldg. 8, RM105, Desk 3 @ 11/19/2025 12:00 AM","Tenneil.Zielaskowski@va.gov","Bldg. 8, RM105, Desk 3","2025-11-20T04:00:00Z","2025-11-19T05:00:00Z",,,"0","0","Learning Labs","HIS","True","Denise.Patterer@va.gov","Desk",,"2025-11-19T05:00:00Z","Super User Training","64",,,,"Bldg. 8, RM105","True",,,,,,,"2025-12-19T17:36:18Z","2025-12-19T17:36:18Z","Kyle.Coder@va.gov","Kyle.Coder@va.gov","0","0","0",,,,,
"302","Learning Labs","Tenneil Zielaskowski – Bldg. 8, RM105, Desk 2 @ 11/19/2025 12:00 AM","Tenneil.Zielaskowski@va.gov","Bldg. 8, RM105, Desk 2","2025-11-20T04:00:00Z","2025-11-19T05:00:00Z",,,"0","0","Learning Labs","HIS","True","Denise.Patterer@va.gov","Desk",,"2025-11-19T05:00:00Z","Super User Training","64",,,,"Bldg. 8, RM105","True",,,,,,,"2025-12-19T17:36:18Z","2025-12-19T17:36:18Z","Kyle.Coder@va.gov","Kyle.Coder@va.gov","0","0","0",,,,,
"301","Learning Labs","Tenneil Zielaskowski – Bldg. 8, RM105, Desk 16 @ 11/19/2025 12:00 AM","Tenneil.Zielaskowski@va.gov","Bldg. 8, RM105, Desk 16","2025-11-20T04:00:00Z","2025-11-19T05:00:00Z",,,"0","0","Learning Labs","HIS","True","Denise.Patterer@va.gov","Desk",,"2025-11-19T05:00:00Z","Super User Training","64",,,,"Bldg. 8, RM105","True",,,,,,,"2025-12-19T17:36:18Z","2025-12-19T17:36:18Z","Kyle.Coder@va.gov","Kyle.Coder@va.gov","0","0","0",,,,,
"300","Learning Labs","Tenneil Zielaskowski – Bldg. 8, RM105, Desk 15 @ 11/19/2025 12:00 AM","Tenneil.Zielaskowski@va.gov","Bldg. 8, RM105, Desk 15","2025-11-20T04:00:00Z","2025-11-19T05:00:00Z",,,"0","0","Learning Labs","HIS","True","Denise.Patterer@va.gov","Desk",,"2025-11-19T05:00:00Z","Super User Training","64",,,,"Bldg. 8, RM105","True",,,,,,,"2025-12-19T17:36:18Z","2025-12-19T17:36:18Z","Kyle.Coder@va.gov","Kyle.Coder@va.gov","0","0","0",,,,,
"299","Learning Labs","Tenneil Zielaskowski – Bldg. 8, RM105, Desk 14 @ 11/19/2025 12:00 AM","Tenneil.Zielaskowski@va.gov","Bldg. 8, RM105, Desk 14","2025-11-20T04:00:00Z","2025-11-19T05:00:00Z",,,"0","0","Learning Labs","HIS","True","Denise.Patterer@va.gov","Desk",,"2025-11-19T05:00:00Z","Super User Training","64",,,,"Bldg. 8, RM105","True",,,,,,,"2025-12-19T17:36:18Z","2025-12-19T17:36:18Z","Kyle.Coder@va.gov","Kyle.Coder@va.gov","0","0","0",,,,,
"298","Learning Labs","Tenneil Zielaskowski – Bldg. 8, RM105, Desk 13 @ 11/19/2025 12:00 AM","Tenneil.Zielaskowski@va.gov","Bldg. 8, RM105, Desk 13","2025-11-20T04:00:00Z","2025-11-19T05:00:00Z",,,"0","0","Learning Labs","HIS","True","Denise.Patterer@va.gov","Desk",,"2025-11-19T05:00:00Z","Super User Training","64",,,,"Bldg. 8, RM105","True",,,,,,,"2025-12-19T17:36:18Z","2025-12-19T17:36:18Z","Kyle.Coder@va.gov","Kyle.Coder@va.gov","0","0","0",,,,,
"297","Learning Labs","Tenneil Zielaskowski – Bldg. 8, RM105, Desk 12 @ 11/19/2025 12:00 AM","Tenneil.Zielaskowski@va.gov","Bldg. 8, RM105, Desk 12","2025-11-20T04:00:00Z","2025-11-19T05:00:00Z",,,"0","0","Learning Labs","HIS","True","Denise.Patterer@va.gov","Desk",,"2025-11-19T05:00:00Z","Super User Training","64",,,,"Bldg. 8, RM105","True",,,,,,,"2025-12-19T17:36:17Z","2025-12-19T17:36:17Z","Kyle.Coder@va.gov","Kyle.Coder@va.gov","0","0","0",,,,,
"296","Learning Labs","Tenneil Zielaskowski – Bldg. 8, RM105, Desk 11 @ 11/19/2025 12:00 AM","Tenneil.Zielaskowski@va.gov","Bldg. 8, RM105, Desk 11","2025-11-20T04:00:00Z","2025-11-19T05:00:00Z",,,"0","0","Learning Labs","HIS","True","Denise.Patterer@va.gov","Desk",,"2025-11-19T05:00:00Z","Super User Training","64",,,,"Bldg. 8, RM105","True",,,,,,,"2025-12-19T17:36:17Z","2025-12-19T17:36:17Z","Kyle.Coder@va.gov","Kyle.Coder@va.gov","0","0","0",,,,,
"295","Learning Labs","Tenneil Zielaskowski – Bldg. 8, RM105, Desk 10 @ 11/19/2025 12:00 AM","Tenneil.Zielaskowski@va.gov","Bldg. 8, RM105, Desk 10","2025-11-20T04:00:00Z","2025-11-19T05:00:00Z",,,"0","0","Learning Labs","HIS","True","Denise.Patterer@va.gov","Desk",,"2025-11-19T05:00:00Z","Super User Training","64",,,,"Bldg. 8, RM105","True",,,,,,,"2025-12-19T17:36:17Z","2025-12-19T17:36:17Z","Kyle.Coder@va.gov","Kyle.Coder@va.gov","0","0","0",,,,,
"294","Learning Labs","Tenneil Zielaskowski – Bldg. 8, RM105, Desk 1 @ 11/19/2025 12:00 AM","Tenneil.Zielaskowski@va.gov","Bldg. 8, RM105, Desk 1","2025-11-20T04:00:00Z","2025-11-19T05:00:00Z",,,"0","0","Learning Labs","HIS","True","Denise.Patterer@va.gov","Desk",,"2025-11-19T05:00:00Z","Super User Training","64",,,,"Bldg. 8, RM105","True",,,,,,,"2025-12-19T17:36:17Z","2025-12-19T17:36:17Z","Kyle.Coder@va.gov","Kyle.Coder@va.gov","0","0","0",,,,,
"293","Learning Labs","Tenneil Zielaskowski – Bldg. 8, RM105, Desk 9 @ 11/18/2025 12:00 AM","Tenneil.Zielaskowski@va.gov","Bldg. 8, RM105, Desk 9","2025-11-19T04:00:00Z","2025-11-18T05:00:00Z",,,"0","0","Learning Labs","HIS","True","Denise.Patterer@va.gov","Desk",,"2025-11-18T05:00:00Z","Super User Training","63",,,,"Bldg. 8, RM105","True",,,,,,,"2025-12-19T17:36:17Z","2025-12-19T17:36:17Z","Kyle.Coder@va.gov","Kyle.Coder@va.gov","0","0","0",,,,,
"292","Learning Labs","Tenneil Zielaskowski – Bldg. 8, RM105, Desk 8 @ 11/18/2025 12:00 AM","Tenneil.Zielaskowski@va.gov","Bldg. 8, RM105, Desk 8","2025-11-19T04:00:00Z","2025-11-18T05:00:00Z",,,"0","0","Learning Labs","HIS","True","Denise.Patterer@va.gov","Desk",,"2025-11-18T05:00:00Z","Super User Training","63",,,,"Bldg. 8, RM105","True",,,,,,,"2025-12-19T17:36:16Z","2025-12-19T17:36:16Z","Kyle.Coder@va.gov","Kyle.Coder@va.gov","0","0","0",,,,,
"291","Learning Labs","Tenneil Zielaskowski – Bldg. 8, RM105, Desk 7 @ 11/18/2025 12:00 AM","Tenneil.Zielaskowski@va.gov","Bldg. 8, RM105, Desk 7","2025-11-19T04:00:00Z","2025-11-18T05:00:00Z",,,"0","0","Learning Labs","HIS","True","Denise.Patterer@va.gov","Desk",,"2025-11-18T05:00:00Z","Super User Training","63",,,,"Bldg. 8, RM105","True",,,,,,,"2025-12-19T17:36:16Z","2025-12-19T17:36:16Z","Kyle.Coder@va.gov","Kyle.Coder@va.gov","0","0","0",,,,,
"290","Learning Labs","Tenneil Zielaskowski – Bldg. 8, RM105, Desk 6 @ 11/18/2025 12:00 AM","Tenneil.Zielaskowski@va.gov","Bldg. 8, RM105, Desk 6","2025-11-19T04:00:00Z","2025-11-18T05:00:00Z",,,"0","0","Learning Labs","HIS","True","Denise.Patterer@va.gov","Desk",,"2025-11-18T05:00:00Z","Super User Training","63",,,,"Bldg. 8, RM105","True",,,,,,,"2025-12-19T17:36:16Z","2025-12-19T17:36:16Z","Kyle.Coder@va.gov","Kyle.Coder@va.gov","0","0","0",,,,,
"289","Learning Labs","Tenneil Zielaskowski – Bldg. 8, RM105, Desk 5 @ 11/18/2025 12:00 AM","Tenneil.Zielaskowski@va.gov","Bldg. 8, RM105, Desk 5","2025-11-19T04:00:00Z","2025-11-18T05:00:00Z",,,"0","0","Learning Labs","HIS","True","Denise.Patterer@va.gov","Desk",,"2025-11-18T05:00:00Z","Super User Training","63",,,,"Bldg. 8, RM105","True",,,,,,,"2025-12-19T17:36:16Z","2025-12-19T17:36:16Z","Kyle.Coder@va.gov","Kyle.Coder@va.gov","0","0","0",,,,,
"288","Learning Labs","Tenneil Zielaskowski – Bldg. 8, RM105, Desk 4 @ 11/18/2025 12:00 AM","Tenneil.Zielaskowski@va.gov","Bldg. 8, RM105, Desk 4","2025-11-19T04:00:00Z","2025-11-18T05:00:00Z",,,"0","0","Learning Labs","HIS","True","Denise.Patterer@va.gov","Desk",,"2025-11-18T05:00:00Z","Super User Training","63",,,,"Bldg. 8, RM105","True",,,,,,,"2025-12-19T17:36:15Z","2025-12-19T17:36:15Z","Kyle.Coder@va.gov","Kyle.Coder@va.gov","0","0","0",,,,,
"287","Learning Labs","Tenneil Zielaskowski – Bldg. 8, RM105, Desk 3 @ 11/18/2025 12:00 AM","Tenneil.Zielaskowski@va.gov","Bldg. 8, RM105, Desk 3","2025-11-19T04:00:00Z","2025-11-18T05:00:00Z",,,"0","0","Learning Labs","HIS","True","Denise.Patterer@va.gov","Desk",,"2025-11-18T05:00:00Z","Super User Training","63",,,,"Bldg. 8, RM105","True",,,,,,,"2025-12-19T17:36:15Z","2025-12-19T17:36:15Z","Kyle.Coder@va.gov","Kyle.Coder@va.gov","0","0","0",,,,,
"286","Learning Labs","Tenneil Zielaskowski – Bldg. 8, RM105, Desk 2 @ 11/18/2025 12:00 AM","Tenneil.Zielaskowski@va.gov","Bldg. 8, RM105, Desk 2","2025-11-19T04:00:00Z","2025-11-18T05:00:00Z",,,"0","0","Learning Labs","HIS","True","Denise.Patterer@va.gov","Desk",,"2025-11-18T05:00:00Z","Super User Training","63",,,,"Bldg. 8, RM105","True",,,,,,,"2025-12-19T17:36:15Z","2025-12-19T17:36:15Z","Kyle.Coder@va.gov","Kyle.Coder@va.gov","0","0","0",,,,,
"285","Learning Labs","Tenneil Zielaskowski – Bldg. 8, RM105, Desk 16 @ 11/18/2025 12:00 AM","Tenneil.Zielaskowski@va.gov","Bldg. 8, RM105, Desk 16","2025-11-19T04:00:00Z","2025-11-18T05:00:00Z",,,"0","0","Learning Labs","HIS","True","Denise.Patterer@va.gov","Desk",,"2025-11-18T05:00:00Z","Super User Training","63",,,,"Bldg. 8, RM105","True",,,,,,,"2025-12-19T17:36:15Z","2025-12-19T17:36:15Z","Kyle.Coder@va.gov","Kyle.Coder@va.gov","0","0","0",,,,,
"284","Learning Labs","Tenneil Zielaskowski – Bldg. 8, RM105, Desk 15 @ 11/18/2025 12:00 AM","Tenneil.Zielaskowski@va.gov","Bldg. 8, RM105, Desk 15","2025-11-19T04:00:00Z","2025-11-18T05:00:00Z",,,"0","0","Learning Labs","HIS","True","Denise.Patterer@va.gov","Desk",,"2025-11-18T05:00:00Z","Super User Training","63",,,,"Bldg. 8, RM105","True",,,,,,,"2025-12-19T17:36:15Z","2025-12-19T17:36:15Z","Kyle.Coder@va.gov","Kyle.Coder@va.gov","0","0","0",,,,,
"283","Learning Labs","Tenneil Zielaskowski – Bldg. 8, RM105, Desk 14 @ 11/18/2025 12:00 AM","Tenneil.Zielaskowski@va.gov","Bldg. 8, RM105, Desk 14","2025-11-19T04:00:00Z","2025-11-18T05:00:00Z",,,"0","0","Learning Labs","HIS","True","Denise.Patterer@va.gov","Desk",,"2025-11-18T05:00:00Z","Super User Training","63",,,,"Bldg. 8, RM105","True",,,,,,,"2025-12-19T17:36:14Z","2025-12-19T17:36:14Z","Kyle.Coder@va.gov","Kyle.Coder@va.gov","0","0","0",,,,,
"282","Learning Labs","Tenneil Zielaskowski – Bldg. 8, RM105, Desk 13 @ 11/18/2025 12:00 AM","Tenneil.Zielaskowski@va.gov","Bldg. 8, RM105, Desk 13","2025-11-19T04:00:00Z","2025-11-18T05:00:00Z",,,"0","0","Learning Labs","HIS","True","Denise.Patterer@va.gov","Desk",,"2025-11-18T05:00:00Z","Super User Training","63",,,,"Bldg. 8, RM105","True",,,,,,,"2025-12-19T17:36:14Z","2025-12-19T17:36:14Z","Kyle.Coder@va.gov","Kyle.Coder@va.gov","0","0","0",,,,,
"281","Learning Labs","Tenneil Zielaskowski – Bldg. 8, RM105, Desk 12 @ 11/18/2025 12:00 AM","Tenneil.Zielaskowski@va.gov","Bldg. 8, RM105, Desk 12","2025-11-19T04:00:00Z","2025-11-18T05:00:00Z",,,"0","0","Learning Labs","HIS","True","Denise.Patterer@va.gov","Desk",,"2025-11-18T05:00:00Z","Super User Training","63",,,,"Bldg. 8, RM105","True",,,,,,,"2025-12-19T17:36:14Z","2025-12-19T17:36:14Z","Kyle.Coder@va.gov","Kyle.Coder@va.gov","0","0","0",,,,,
"280","Learning Labs","Tenneil Zielaskowski – Bldg. 8, RM105, Desk 11 @ 11/18/2025 12:00 AM","Tenneil.Zielaskowski@va.gov","Bldg. 8, RM105, Desk 11","2025-11-19T04:00:00Z","2025-11-18T05:00:00Z",,,"0","0","Learning Labs","HIS","True","Denise.Patterer@va.gov","Desk",,"2025-11-18T05:00:00Z","Super User Training","63",,,,"Bldg. 8, RM105","True",,,,,,,"2025-12-19T17:36:14Z","2025-12-19T17:36:14Z","Kyle.Coder@va.gov","Kyle.Coder@va.gov","0","0","0",,,,,
"279","Learning Labs","Tenneil Zielaskowski – Bldg. 8, RM105, Desk 10 @ 11/18/2025 12:00 AM","Tenneil.Zielaskowski@va.gov","Bldg. 8, RM105, Desk 10","2025-11-19T04:00:00Z","2025-11-18T05:00:00Z",,,"0","0","Learning Labs","HIS","True","Denise.Patterer@va.gov","Desk",,"2025-11-18T05:00:00Z","Super User Training","63",,,,"Bldg. 8, RM105","True",,,,,,,"2025-12-19T17:36:14Z","2025-12-19T17:36:14Z","Kyle.Coder@va.gov","Kyle.Coder@va.gov","0","0","0",,,,,
"278","Learning Labs","Tenneil Zielaskowski – Bldg. 8, RM105, Desk 1 @ 11/18/2025 12:00 AM","Tenneil.Zielaskowski@va.gov","Bldg. 8, RM105, Desk 1","2025-11-19T04:00:00Z","2025-11-18T05:00:00Z",,,"0","0","Learning Labs","HIS","True","Denise.Patterer@va.gov","Desk",,"2025-11-18T05:00:00Z","Super User Training","63",,,,"Bldg. 8, RM105","True",,,,,,,"2025-12-19T17:36:13Z","2025-12-19T17:36:13Z","Kyle.Coder@va.gov","Kyle.Coder@va.gov","0","0","0",,,,,
"277","Learning Labs","Tenneil Zielaskowski – Bldg. 6, RM317, Desk 9 @ 12/18/2025 12:00 AM","Tenneil.Zielaskowski@va.gov","Bldg. 6, RM317, Desk 9","2025-12-19T04:00:00Z","2025-12-18T05:00:00Z",,,"0","0","Learning Labs","HIS","True","Denise.Patterer@va.gov","Desk",,"2025-12-18T05:00:00Z","Super User Training","62",,,,"Bldg. 6, RM317","True",,,,,,,"2025-12-19T17:36:13Z","2025-12-19T17:36:13Z","Kyle.Coder@va.gov","Kyle.Coder@va.gov","0","0","0",,,,,
"276","Learning Labs","Tenneil Zielaskowski – Bldg. 6, RM317, Desk 8 @ 12/18/2025 12:00 AM","Tenneil.Zielaskowski@va.gov","Bldg. 6, RM317, Desk 8","2025-12-19T04:00:00Z","2025-12-18T05:00:00Z",,,"0","0","Learning Labs","HIS","True","Denise.Patterer@va.gov","Desk",,"2025-12-18T05:00:00Z","Super User Training","62",,,,"Bldg. 6, RM317","True",,,,,,,"2025-12-19T17:36:13Z","2025-12-19T17:36:13Z","Kyle.Coder@va.gov","Kyle.Coder@va.gov","0","0","0",,,,,
"275","Learning Labs","Tenneil Zielaskowski – Bldg. 6, RM317, Desk 7 @ 12/18/2025 12:00 AM","Tenneil.Zielaskowski@va.gov","Bldg. 6, RM317, Desk 7","2025-12-19T04:00:00Z","2025-12-18T05:00:00Z",,,"0","0","Learning Labs","HIS","True","Denise.Patterer@va.gov","Desk",,"2025-12-18T05:00:00Z","Super User Training","62",,,,"Bldg. 6, RM317","True",,,,,,,"2025-12-19T17:36:13Z","2025-12-19T17:36:13Z","Kyle.Coder@va.gov","Kyle.Coder@va.gov","0","0","0",,,,,
"274","Learning Labs","Tenneil Zielaskowski – Bldg. 6, RM317, Desk 6 @ 12/18/2025 12:00 AM","Tenneil.Zielaskowski@va.gov","Bldg. 6, RM317, Desk 6","2025-12-19T04:00:00Z","2025-12-18T05:00:00Z",,,"0","0","Learning Labs","HIS","True","Denise.Patterer@va.gov","Desk",,"2025-12-18T05:00:00Z","Super User Training","62",,,,"Bldg. 6, RM317","True",,,,,,,"2025-12-19T17:36:12Z","2025-12-19T17:36:12Z","Kyle.Coder@va.gov","Kyle.Coder@va.gov","0","0","0",,,,,
"273","Learning Labs","Tenneil Zielaskowski – Bldg. 6, RM317, Desk 5 @ 12/18/2025 12:00 AM","Tenneil.Zielaskowski@va.gov","Bldg. 6, RM317, Desk 5","2025-12-19T04:00:00Z","2025-12-18T05:00:00Z",,,"0","0","Learning Labs","HIS","True","Denise.Patterer@va.gov","Desk",,"2025-12-18T05:00:00Z","Super User Training","62",,,,"Bldg. 6, RM317","True",,,,,,,"2025-12-19T17:36:12Z","2025-12-19T17:36:12Z","Kyle.Coder@va.gov","Kyle.Coder@va.gov","0","0","0",,,,,
"272","Learning Labs","Tenneil Zielaskowski – Bldg. 6, RM317, Desk 4 @ 12/18/2025 12:00 AM","Tenneil.Zielaskowski@va.gov","Bldg. 6, RM317, Desk 4","2025-12-19T04:00:00Z","2025-12-18T05:00:00Z",,,"0","0","Learning Labs","HIS","True","Denise.Patterer@va.gov","Desk",,"2025-12-18T05:00:00Z","Super User Training","62",,,,"Bldg. 6, RM317","True",,,,,,,"2025-12-19T17:36:12Z","2025-12-19T17:36:12Z","Kyle.Coder@va.gov","Kyle.Coder@va.gov","0","0","0",,,,,
"271","Learning Labs","Tenneil Zielaskowski – Bldg. 6, RM317, Desk 3 @ 12/18/2025 12:00 AM","Tenneil.Zielaskowski@va.gov","Bldg. 6, RM317, Desk 3","2025-12-19T04:00:00Z","2025-12-18T05:00:00Z",,,"0","0","Learning Labs","HIS","True","Denise.Patterer@va.gov","Desk",,"2025-12-18T05:00:00Z","Super User Training","62",,,,"Bldg. 6, RM317","True",,,,,,,"2025-12-19T17:36:12Z","2025-12-19T17:36:12Z","Kyle.Coder@va.gov","Kyle.Coder@va.gov","0","0","0",,,,,
"270","Learning Labs","Tenneil Zielaskowski – Bldg. 6, RM317, Desk 2 @ 12/18/2025 12:00 AM","Tenneil.Zielaskowski@va.gov","Bldg. 6, RM317, Desk 2","2025-12-19T04:00:00Z","2025-12-18T05:00:00Z",,,"0","0","Learning Labs","HIS","True","Denise.Patterer@va.gov","Desk",,"2025-12-18T05:00:00Z","Super User Training","62",,,,"Bldg. 6, RM317","True",,,,,,,"2025-12-19T17:36:11Z","2025-12-19T17:36:11Z","Kyle.Coder@va.gov","Kyle.Coder@va.gov","0","0","0",,,,,
"269","Learning Labs","Tenneil Zielaskowski – Bldg. 6, RM317, Desk 16 @ 12/18/2025 12:00 AM","Tenneil.Zielaskowski@va.gov","Bldg. 6, RM317, Desk 16","2025-12-19T04:00:00Z","2025-12-18T05:00:00Z",,,"0","0","Learning Labs","HIS","True","Denise.Patterer@va.gov","Desk",,"2025-12-18T05:00:00Z","Super User Training","62",,,,"Bldg. 6, RM317","True",,,,,,,"2025-12-19T17:36:11Z","2025-12-19T17:36:11Z","Kyle.Coder@va.gov","Kyle.Coder@va.gov","0","0","0",,,,,
"268","Learning Labs","Tenneil Zielaskowski – Bldg. 6, RM317, Desk 15 @ 12/18/2025 12:00 AM","Tenneil.Zielaskowski@va.gov","Bldg. 6, RM317, Desk 15","2025-12-19T04:00:00Z","2025-12-18T05:00:00Z",,,"0","0","Learning Labs","HIS","True","Denise.Patterer@va.gov","Desk",,"2025-12-18T05:00:00Z","Super User Training","62",,,,"Bldg. 6, RM317","True",,,,,,,"2025-12-19T17:36:11Z","2025-12-19T17:36:11Z","Kyle.Coder@va.gov","Kyle.Coder@va.gov","0","0","0",,,,,
"267","Learning Labs","Tenneil Zielaskowski – Bldg. 6, RM317, Desk 14 @ 12/18/2025 12:00 AM","Tenneil.Zielaskowski@va.gov","Bldg. 6, RM317, Desk 14","2025-12-19T04:00:00Z","2025-12-18T05:00:00Z",,,"0","0","Learning Labs","HIS","True","Denise.Patterer@va.gov","Desk",,"2025-12-18T05:00:00Z","Super User Training","62",,,,"Bldg. 6, RM317","True",,,,,,,"2025-12-19T17:36:11Z","2025-12-19T17:36:11Z","Kyle.Coder@va.gov","Kyle.Coder@va.gov","0","0","0",,,,,
"266","Learning Labs","Tenneil Zielaskowski – Bldg. 6, RM317, Desk 13 @ 12/18/2025 12:00 AM","Tenneil.Zielaskowski@va.gov","Bldg. 6, RM317, Desk 13","2025-12-19T04:00:00Z","2025-12-18T05:00:00Z",,,"0","0","Learning Labs","HIS","True","Denise.Patterer@va.gov","Desk",,"2025-12-18T05:00:00Z","Super User Training","62",,,,"Bldg. 6, RM317","True",,,,,,,"2025-12-19T17:36:11Z","2025-12-19T17:36:11Z","Kyle.Coder@va.gov","Kyle.Coder@va.gov","0","0","0",,,,,
"265","Learning Labs","Tenneil Zielaskowski – Bldg. 6, RM317, Desk 12 @ 12/18/2025 12:00 AM","Tenneil.Zielaskowski@va.gov","Bldg. 6, RM317, Desk 12","2025-12-19T04:00:00Z","2025-12-18T05:00:00Z",,,"0","0","Learning Labs","HIS","True","Denise.Patterer@va.gov","Desk",,"2025-12-18T05:00:00Z","Super User Training","62",,,,"Bldg. 6, RM317","True",,,,,,,"2025-12-19T17:36:10Z","2025-12-19T17:36:10Z","Kyle.Coder@va.gov","Kyle.Coder@va.gov","0","0","0",,,,,
"264","Learning Labs","Tenneil Zielaskowski – Bldg. 6, RM317, Desk 11 @ 12/18/2025 12:00 AM","Tenneil.Zielaskowski@va.gov","Bldg. 6, RM317, Desk 11","2025-12-19T04:00:00Z","2025-12-18T05:00:00Z",,,"0","0","Learning Labs","HIS","True","Denise.Patterer@va.gov","Desk",,"2025-12-18T05:00:00Z","Super User Training","62",,,,"Bldg. 6, RM317","True",,,,,,,"2025-12-19T17:36:10Z","2025-12-19T17:36:10Z","Kyle.Coder@va.gov","Kyle.Coder@va.gov","0","0","0",,,,,
"263","Learning Labs","Tenneil Zielaskowski – Bldg. 6, RM317, Desk 10 @ 12/18/2025 12:00 AM","Tenneil.Zielaskowski@va.gov","Bldg. 6, RM317, Desk 10","2025-12-19T04:00:00Z","2025-12-18T05:00:00Z",,,"0","0","Learning Labs","HIS","True","Denise.Patterer@va.gov","Desk",,"2025-12-18T05:00:00Z","Super User Training","62",,,,"Bldg. 6, RM317","True",,,,,,,"2025-12-19T17:36:10Z","2025-12-19T17:36:10Z","Kyle.Coder@va.gov","Kyle.Coder@va.gov","0","0","0",,,,,
"262","Learning Labs","Tenneil Zielaskowski – Bldg. 6, RM317, Desk 9 @ 12/17/2025 12:00 AM","Tenneil.Zielaskowski@va.gov","Bldg. 6, RM317, Desk 9","2025-12-18T04:00:00Z","2025-12-17T05:00:00Z",,,"0","0","Learning Labs","HIS","True","Denise.Patterer@va.gov","Desk",,"2025-12-17T05:00:00Z","Super User Training","61",,,,"Bldg. 6, RM317","True",,,,,,,"2025-12-19T17:36:10Z","2025-12-19T17:36:10Z","Kyle.Coder@va.gov","Kyle.Coder@va.gov","0","0","0",,,,,
"261","Learning Labs","Tenneil Zielaskowski – Bldg. 6, RM317, Desk 8 @ 12/17/2025 12:00 AM","Tenneil.Zielaskowski@va.gov","Bldg. 6, RM317, Desk 8","2025-12-18T04:00:00Z","2025-12-17T05:00:00Z",,,"0","0","Learning Labs","HIS","True","Denise.Patterer@va.gov","Desk",,"2025-12-17T05:00:00Z","Super User Training","61",,,,"Bldg. 6, RM317","True",,,,,,,"2025-12-19T17:36:10Z","2025-12-19T17:36:10Z","Kyle.Coder@va.gov","Kyle.Coder@va.gov","0","0","0",,,,,
"260","Learning Labs","Tenneil Zielaskowski – Bldg. 6, RM317, Desk 7 @ 12/17/2025 12:00 AM","Tenneil.Zielaskowski@va.gov","Bldg. 6, RM317, Desk 7","2025-12-18T04:00:00Z","2025-12-17T05:00:00Z",,,"0","0","Learning Labs","HIS","True","Denise.Patterer@va.gov","Desk",,"2025-12-17T05:00:00Z","Super User Training","61",,,,"Bldg. 6, RM317","True",,,,,,,"2025-12-19T17:36:09Z","2025-12-19T17:36:09Z","Kyle.Coder@va.gov","Kyle.Coder@va.gov","0","0","0",,,,,
"259","Learning Labs","Tenneil Zielaskowski – Bldg. 6, RM317, Desk 6 @ 12/17/2025 12:00 AM","Tenneil.Zielaskowski@va.gov","Bldg. 6, RM317, Desk 6","2025-12-18T04:00:00Z","2025-12-17T05:00:00Z",,,"0","0","Learning Labs","HIS","True","Denise.Patterer@va.gov","Desk",,"2025-12-17T05:00:00Z","Super User Training","61",,,,"Bldg. 6, RM317","True",,,,,,,"2025-12-19T17:36:09Z","2025-12-19T17:36:09Z","Kyle.Coder@va.gov","Kyle.Coder@va.gov","0","0","0",,,,,
"258","Learning Labs","Tenneil Zielaskowski – Bldg. 6, RM317, Desk 5 @ 12/17/2025 12:00 AM","Tenneil.Zielaskowski@va.gov","Bldg. 6, RM317, Desk 5","2025-12-18T04:00:00Z","2025-12-17T05:00:00Z",,,"0","0","Learning Labs","HIS","True","Denise.Patterer@va.gov","Desk",,"2025-12-17T05:00:00Z","Super User Training","61",,,,"Bldg. 6, RM317","True",,,,,,,"2025-12-19T17:36:09Z","2025-12-19T17:36:09Z","Kyle.Coder@va.gov","Kyle.Coder@va.gov","0","0","0",,,,,
"257","Learning Labs","Tenneil Zielaskowski – Bldg. 6, RM317, Desk 4 @ 12/17/2025 12:00 AM","Tenneil.Zielaskowski@va.gov","Bldg. 6, RM317, Desk 4","2025-12-18T04:00:00Z","2025-12-17T05:00:00Z",,,"0","0","Learning Labs","HIS","True","Denise.Patterer@va.gov","Desk",,"2025-12-17T05:00:00Z","Super User Training","61",,,,"Bldg. 6, RM317","True",,,,,,,"2025-12-19T17:36:09Z","2025-12-19T17:36:09Z","Kyle.Coder@va.gov","Kyle.Coder@va.gov","0","0","0",,,,,
"256","Learning Labs","Tenneil Zielaskowski – Bldg. 6, RM317, Desk 3 @ 12/17/2025 12:00 AM","Tenneil.Zielaskowski@va.gov","Bldg. 6, RM317, Desk 3","2025-12-18T04:00:00Z","2025-12-17T05:00:00Z",,,"0","0","Learning Labs","HIS","True","Denise.Patterer@va.gov","Desk",,"2025-12-17T05:00:00Z","Super User Training","61",,,,"Bldg. 6, RM317","True",,,,,,,"2025-12-19T17:36:09Z","2025-12-19T17:36:09Z","Kyle.Coder@va.gov","Kyle.Coder@va.gov","0","0","0",,,,,
"255","Learning Labs","Tenneil Zielaskowski – Bldg. 6, RM317, Desk 2 @ 12/17/2025 12:00 AM","Tenneil.Zielaskowski@va.gov","Bldg. 6, RM317, Desk 2","2025-12-18T04:00:00Z","2025-12-17T05:00:00Z",,,"0","0","Learning Labs","HIS","True","Denise.Patterer@va.gov","Desk",,"2025-12-17T05:00:00Z","Super User Training","61",,,,"Bldg. 6, RM317","True",,,,,,,"2025-12-19T17:36:08Z","2025-12-19T17:36:08Z","Kyle.Coder@va.gov","Kyle.Coder@va.gov","0","0","0",,,,,
"254","Learning Labs","Tenneil Zielaskowski – Bldg. 6, RM317, Desk 16 @ 12/17/2025 12:00 AM","Tenneil.Zielaskowski@va.gov","Bldg. 6, RM317, Desk 16","2025-12-18T04:00:00Z","2025-12-17T05:00:00Z",,,"0","0","Learning Labs","HIS","True","Denise.Patterer@va.gov","Desk",,"2025-12-17T05:00:00Z","Super User Training","61",,,,"Bldg. 6, RM317","True",,,,,,,"2025-12-19T17:36:08Z","2025-12-19T17:36:08Z","Kyle.Coder@va.gov","Kyle.Coder@va.gov","0","0","0",,,,,
"253","Learning Labs","Tenneil Zielaskowski – Bldg. 6, RM317, Desk 15 @ 12/17/2025 12:00 AM","Tenneil.Zielaskowski@va.gov","Bldg. 6, RM317, Desk 15","2025-12-18T04:00:00Z","2025-12-17T05:00:00Z",,,"0","0","Learning Labs","HIS","True","Denise.Patterer@va.gov","Desk",,"2025-12-17T05:00:00Z","Super User Training","61",,,,"Bldg. 6, RM317","True",,,,,,,"2025-12-19T17:36:08Z","2025-12-19T17:36:08Z","Kyle.Coder@va.gov","Kyle.Coder@va.gov","0","0","0",,,,,
"252","Learning Labs","Tenneil Zielaskowski – Bldg. 6, RM317, Desk 14 @ 12/17/2025 12:00 AM","Tenneil.Zielaskowski@va.gov","Bldg. 6, RM317, Desk 14","2025-12-18T04:00:00Z","2025-12-17T05:00:00Z",,,"0","0","Learning Labs","HIS","True","Denise.Patterer@va.gov","Desk",,"2025-12-17T05:00:00Z","Super User Training","61",,,,"Bldg. 6, RM317","True",,,,,,,"2025-12-19T17:36:08Z","2025-12-19T17:36:08Z","Kyle.Coder@va.gov","Kyle.Coder@va.gov","0","0","0",,,,,
"251","Learning Labs","Tenneil Zielaskowski – Bldg. 6, RM317, Desk 13 @ 12/17/2025 12:00 AM","Tenneil.Zielaskowski@va.gov","Bldg. 6, RM317, Desk 13","2025-12-18T04:00:00Z","2025-12-17T05:00:00Z",,,"0","0","Learning Labs","HIS","True","Denise.Patterer@va.gov","Desk",,"2025-12-17T05:00:00Z","Super User Training","61",,,,"Bldg. 6, RM317","True",,,,,,,"2025-12-19T17:36:08Z","2025-12-19T17:36:08Z","Kyle.Coder@va.gov","Kyle.Coder@va.gov","0","0","0",,,,,
"250","Learning Labs","Tenneil Zielaskowski – Bldg. 6, RM317, Desk 12 @ 12/17/2025 12:00 AM","Tenneil.Zielaskowski@va.gov","Bldg. 6, RM317, Desk 12","2025-12-18T04:00:00Z","2025-12-17T05:00:00Z",,,"0","0","Learning Labs","HIS","True","Denise.Patterer@va.gov","Desk",,"2025-12-17T05:00:00Z","Super User Training","61",,,,"Bldg. 6, RM317","True",,,,,,,"2025-12-19T17:36:07Z","2025-12-19T17:36:07Z","Kyle.Coder@va.gov","Kyle.Coder@va.gov","0","0","0",,,,,
"249","Learning Labs","Tenneil Zielaskowski – Bldg. 6, RM317, Desk 11 @ 12/17/2025 12:00 AM","Tenneil.Zielaskowski@va.gov","Bldg. 6, RM317, Desk 11","2025-12-18T04:00:00Z","2025-12-17T05:00:00Z",,,"0","0","Learning Labs","HIS","True","Denise.Patterer@va.gov","Desk",,"2025-12-17T05:00:00Z","Super User Training","61",,,,"Bldg. 6, RM317","True",,,,,,,"2025-12-19T17:36:07Z","2025-12-19T17:36:07Z","Kyle.Coder@va.gov","Kyle.Coder@va.gov","0","0","0",,,,,
"248","Learning Labs","Tenneil Zielaskowski – Bldg. 6, RM317, Desk 10 @ 12/17/2025 12:00 AM","Tenneil.Zielaskowski@va.gov","Bldg. 6, RM317, Desk 10","2025-12-18T04:00:00Z","2025-12-17T05:00:00Z",,,"0","0","Learning Labs","HIS","True","Denise.Patterer@va.gov","Desk",,"2025-12-17T05:00:00Z","Super User Training","61",,,,"Bldg. 6, RM317","True",,,,,,,"2025-12-19T17:36:07Z","2025-12-19T17:36:07Z","Kyle.Coder@va.gov","Kyle.Coder@va.gov","0","0","0",,,,,
"247","Learning Labs","Tenneil Zielaskowski – Bldg. 6, RM317, Desk 9 @ 12/16/2025 12:00 AM","Tenneil.Zielaskowski@va.gov","Bldg. 6, RM317, Desk 9","2025-12-17T04:00:00Z","2025-12-16T05:00:00Z",,,"0","0","Learning Labs","HIS","True","Denise.Patterer@va.gov","Desk",,"2025-12-16T05:00:00Z","Super User Training","60",,,,"Bldg. 6, RM317","True",,,,,,,"2025-12-19T17:36:07Z","2025-12-19T17:36:07Z","Kyle.Coder@va.gov","Kyle.Coder@va.gov","0","0","0",,,,,
"246","Learning Labs","Tenneil Zielaskowski – Bldg. 6, RM317, Desk 8 @ 12/16/2025 12:00 AM","Tenneil.Zielaskowski@va.gov","Bldg. 6, RM317, Desk 8","2025-12-17T04:00:00Z","2025-12-16T05:00:00Z",,,"0","0","Learning Labs","HIS","True","Denise.Patterer@va.gov","Desk",,"2025-12-16T05:00:00Z","Super User Training","60",,,,"Bldg. 6, RM317","True",,,,,,,"2025-12-19T17:36:06Z","2025-12-19T17:36:06Z","Kyle.Coder@va.gov","Kyle.Coder@va.gov","0","0","0",,,,,
"245","Learning Labs","Tenneil Zielaskowski – Bldg. 6, RM317, Desk 7 @ 12/16/2025 12:00 AM","Tenneil.Zielaskowski@va.gov","Bldg. 6, RM317, Desk 7","2025-12-17T04:00:00Z","2025-12-16T05:00:00Z",,,"0","0","Learning Labs","HIS","True","Denise.Patterer@va.gov","Desk",,"2025-12-16T05:00:00Z","Super User Training","60",,,,"Bldg. 6, RM317","True",,,,,,,"2025-12-19T17:36:06Z","2025-12-19T17:36:06Z","Kyle.Coder@va.gov","Kyle.Coder@va.gov","0","0","0",,,,,
"244","Learning Labs","Tenneil Zielaskowski – Bldg. 6, RM317, Desk 6 @ 12/16/2025 12:00 AM","Tenneil.Zielaskowski@va.gov","Bldg. 6, RM317, Desk 6","2025-12-17T04:00:00Z","2025-12-16T05:00:00Z",,,"0","0","Learning Labs","HIS","True","Denise.Patterer@va.gov","Desk",,"2025-12-16T05:00:00Z","Super User Training","60",,,,"Bldg. 6, RM317","True",,,,,,,"2025-12-19T17:36:06Z","2025-12-19T17:36:06Z","Kyle.Coder@va.gov","Kyle.Coder@va.gov","0","0","0",,,,,
"243","Learning Labs","Tenneil Zielaskowski – Bldg. 6, RM317, Desk 5 @ 12/16/2025 12:00 AM","Tenneil.Zielaskowski@va.gov","Bldg. 6, RM317, Desk 5","2025-12-17T04:00:00Z","2025-12-16T05:00:00Z",,,"0","0","Learning Labs","HIS","True","Denise.Patterer@va.gov","Desk",,"2025-12-16T05:00:00Z","Super User Training","60",,,,"Bldg. 6, RM317","True",,,,,,,"2025-12-19T17:36:05Z","2025-12-19T17:36:05Z","Kyle.Coder@va.gov","Kyle.Coder@va.gov","0","0","0",,,,,
"242","Learning Labs","Tenneil Zielaskowski – Bldg. 6, RM317, Desk 4 @ 12/16/2025 12:00 AM","Tenneil.Zielaskowski@va.gov","Bldg. 6, RM317, Desk 4","2025-12-17T04:00:00Z","2025-12-16T05:00:00Z",,,"0","0","Learning Labs","HIS","True","Denise.Patterer@va.gov","Desk",,"2025-12-16T05:00:00Z","Super User Training","60",,,,"Bldg. 6, RM317","True",,,,,,,"2025-12-19T17:36:05Z","2025-12-19T17:36:05Z","Kyle.Coder@va.gov","Kyle.Coder@va.gov","0","0","0",,,,,
"241","Learning Labs","Tenneil Zielaskowski – Bldg. 6, RM317, Desk 3 @ 12/16/2025 12:00 AM","Tenneil.Zielaskowski@va.gov","Bldg. 6, RM317, Desk 3","2025-12-17T04:00:00Z","2025-12-16T05:00:00Z",,,"0","0","Learning Labs","HIS","True","Denise.Patterer@va.gov","Desk",,"2025-12-16T05:00:00Z","Super User Training","60",,,,"Bldg. 6, RM317","True",,,,,,,"2025-12-19T17:36:05Z","2025-12-19T17:36:05Z","Kyle.Coder@va.gov","Kyle.Coder@va.gov","0","0","0",,,,,
"240","Learning Labs","Tenneil Zielaskowski – Bldg. 6, RM317, Desk 2 @ 12/16/2025 12:00 AM","Tenneil.Zielaskowski@va.gov","Bldg. 6, RM317, Desk 2","2025-12-17T04:00:00Z","2025-12-16T05:00:00Z",,,"0","0","Learning Labs","HIS","True","Denise.Patterer@va.gov","Desk",,"2025-12-16T05:00:00Z","Super User Training","60",,,,"Bldg. 6, RM317","True",,,,,,,"2025-12-19T17:36:05Z","2025-12-19T17:36:05Z","Kyle.Coder@va.gov","Kyle.Coder@va.gov","0","0","0",,,,,
"239","Learning Labs","Tenneil Zielaskowski – Bldg. 6, RM317, Desk 16 @ 12/16/2025 12:00 AM","Tenneil.Zielaskowski@va.gov","Bldg. 6, RM317, Desk 16","2025-12-17T04:00:00Z","2025-12-16T05:00:00Z",,,"0","0","Learning Labs","HIS","True","Denise.Patterer@va.gov","Desk",,"2025-12-16T05:00:00Z","Super User Training","60",,,,"Bldg. 6, RM317","True",,,,,,,"2025-12-19T17:36:05Z","2025-12-19T17:36:05Z","Kyle.Coder@va.gov","Kyle.Coder@va.gov","0","0","0",,,,,
"238","Learning Labs","Tenneil Zielaskowski – Bldg. 6, RM317, Desk 15 @ 12/16/2025 12:00 AM","Tenneil.Zielaskowski@va.gov","Bldg. 6, RM317, Desk 15","2025-12-17T04:00:00Z","2025-12-16T05:00:00Z",,,"0","0","Learning Labs","HIS","True","Denise.Patterer@va.gov","Desk",,"2025-12-16T05:00:00Z","Super User Training","60",,,,"Bldg. 6, RM317","True",,,,,,,"2025-12-19T17:36:04Z","2025-12-19T17:36:04Z","Kyle.Coder@va.gov","Kyle.Coder@va.gov","0","0","0",,,,,
"237","Learning Labs","Tenneil Zielaskowski – Bldg. 6, RM317, Desk 14 @ 12/16/2025 12:00 AM","Tenneil.Zielaskowski@va.gov","Bldg. 6, RM317, Desk 14","2025-12-17T04:00:00Z","2025-12-16T05:00:00Z",,,"0","0","Learning Labs","HIS","True","Denise.Patterer@va.gov","Desk",,"2025-12-16T05:00:00Z","Super User Training","60",,,,"Bldg. 6, RM317","True",,,,,,,"2025-12-19T17:36:04Z","2025-12-19T17:36:04Z","Kyle.Coder@va.gov","Kyle.Coder@va.gov","0","0","0",,,,,
"236","Learning Labs","Tenneil Zielaskowski – Bldg. 6, RM317, Desk 13 @ 12/16/2025 12:00 AM","Tenneil.Zielaskowski@va.gov","Bldg. 6, RM317, Desk 13","2025-12-17T04:00:00Z","2025-12-16T05:00:00Z",,,"0","0","Learning Labs","HIS","True","Denise.Patterer@va.gov","Desk",,"2025-12-16T05:00:00Z","Super User Training","60",,,,"Bldg. 6, RM317","True",,,,,,,"2025-12-19T17:36:04Z","2025-12-19T17:36:04Z","Kyle.Coder@va.gov","Kyle.Coder@va.gov","0","0","0",,,,,
"235","Learning Labs","Tenneil Zielaskowski – Bldg. 6, RM317, Desk 12 @ 12/16/2025 12:00 AM","Tenneil.Zielaskowski@va.gov","Bldg. 6, RM317, Desk 12","2025-12-17T04:00:00Z","2025-12-16T05:00:00Z",,,"0","0","Learning Labs","HIS","True","Denise.Patterer@va.gov","Desk",,"2025-12-16T05:00:00Z","Super User Training","60",,,,"Bldg. 6, RM317","True",,,,,,,"2025-12-19T17:36:04Z","2025-12-19T17:36:04Z","Kyle.Coder@va.gov","Kyle.Coder@va.gov","0","0","0",,,,,
"234","Learning Labs","Tenneil Zielaskowski – Bldg. 6, RM317, Desk 11 @ 12/16/2025 12:00 AM","Tenneil.Zielaskowski@va.gov","Bldg. 6, RM317, Desk 11","2025-12-17T04:00:00Z","2025-12-16T05:00:00Z",,,"0","0","Learning Labs","HIS","True","Denise.Patterer@va.gov","Desk",,"2025-12-16T05:00:00Z","Super User Training","60",,,,"Bldg. 6, RM317","True",,,,,,,"2025-12-19T17:36:03Z","2025-12-19T17:36:03Z","Kyle.Coder@va.gov","Kyle.Coder@va.gov","0","0","0",,,,,
"233","Learning Labs","Tenneil Zielaskowski – Bldg. 6, RM317, Desk 10 @ 12/16/2025 12:00 AM","Tenneil.Zielaskowski@va.gov","Bldg. 6, RM317, Desk 10","2025-12-17T04:00:00Z","2025-12-16T05:00:00Z",,,"0","0","Learning Labs","HIS","True","Denise.Patterer@va.gov","Desk",,"2025-12-16T05:00:00Z","Super User Training","60",,,,"Bldg. 6, RM317","True",,,,,,,"2025-12-19T17:36:03Z","2025-12-19T17:36:03Z","Kyle.Coder@va.gov","Kyle.Coder@va.gov","0","0","0",,,,,
"232","Learning Labs","Tenneil Zielaskowski – Bldg. 6, RM317, Desk 9 @ 12/15/2025 12:00 AM","Tenneil.Zielaskowski@va.gov","Bldg. 6, RM317, Desk 9","2025-12-16T04:00:00Z","2025-12-15T05:00:00Z",,,"0","0","Learning Labs","HIS","True","Denise.Patterer@va.gov","Desk",,"2025-12-15T05:00:00Z","Super User Training","59",,,,"Bldg. 6, RM317","True",,,,,,,"2025-12-19T17:36:03Z","2025-12-19T17:36:03Z","Kyle.Coder@va.gov","Kyle.Coder@va.gov","0","0","0",,,,,
"231","Learning Labs","Tenneil Zielaskowski – Bldg. 6, RM317, Desk 8 @ 12/15/2025 12:00 AM","Tenneil.Zielaskowski@va.gov","Bldg. 6, RM317, Desk 8","2025-12-16T04:00:00Z","2025-12-15T05:00:00Z",,,"0","0","Learning Labs","HIS","True","Denise.Patterer@va.gov","Desk",,"2025-12-15T05:00:00Z","Super User Training","59",,,,"Bldg. 6, RM317","True",,,,,,,"2025-12-19T17:36:03Z","2025-12-19T17:36:03Z","Kyle.Coder@va.gov","Kyle.Coder@va.gov","0","0","0",,,,,
"230","Learning Labs","Tenneil Zielaskowski – Bldg. 6, RM317, Desk 7 @ 12/15/2025 12:00 AM","Tenneil.Zielaskowski@va.gov","Bldg. 6, RM317, Desk 7","2025-12-16T04:00:00Z","2025-12-15T05:00:00Z",,,"0","0","Learning Labs","HIS","True","Denise.Patterer@va.gov","Desk",,"2025-12-15T05:00:00Z","Super User Training","59",,,,"Bldg. 6, RM317","True",,,,,,,"2025-12-19T17:36:03Z","2025-12-19T17:36:03Z","Kyle.Coder@va.gov","Kyle.Coder@va.gov","0","0","0",,,,,
"229","Learning Labs","Tenneil Zielaskowski – Bldg. 6, RM317, Desk 6 @ 12/15/2025 12:00 AM","Tenneil.Zielaskowski@va.gov","Bldg. 6, RM317, Desk 6","2025-12-16T04:00:00Z","2025-12-15T05:00:00Z",,,"0","0","Learning Labs","HIS","True","Denise.Patterer@va.gov","Desk",,"2025-12-15T05:00:00Z","Super User Training","59",,,,"Bldg. 6, RM317","True",,,,,,,"2025-12-19T17:36:02Z","2025-12-19T17:36:02Z","Kyle.Coder@va.gov","Kyle.Coder@va.gov","0","0","0",,,,,
"228","Learning Labs","Tenneil Zielaskowski – Bldg. 6, RM317, Desk 5 @ 12/15/2025 12:00 AM","Tenneil.Zielaskowski@va.gov","Bldg. 6, RM317, Desk 5","2025-12-16T04:00:00Z","2025-12-15T05:00:00Z",,,"0","0","Learning Labs","HIS","True","Denise.Patterer@va.gov","Desk",,"2025-12-15T05:00:00Z","Super User Training","59",,,,"Bldg. 6, RM317","True",,,,,,,"2025-12-19T17:36:02Z","2025-12-19T17:36:02Z","Kyle.Coder@va.gov","Kyle.Coder@va.gov","0","0","0",,,,,
"227","Learning Labs","Tenneil Zielaskowski – Bldg. 6, RM317, Desk 4 @ 12/15/2025 12:00 AM","Tenneil.Zielaskowski@va.gov","Bldg. 6, RM317, Desk 4","2025-12-16T04:00:00Z","2025-12-15T05:00:00Z",,,"0","0","Learning Labs","HIS","True","Denise.Patterer@va.gov","Desk",,"2025-12-15T05:00:00Z","Super User Training","59",,,,"Bldg. 6, RM317","True",,,,,,,"2025-12-19T17:36:02Z","2025-12-19T17:36:02Z","Kyle.Coder@va.gov","Kyle.Coder@va.gov","0","0","0",,,,,
"226","Learning Labs","Tenneil Zielaskowski – Bldg. 6, RM317, Desk 3 @ 12/15/2025 12:00 AM","Tenneil.Zielaskowski@va.gov","Bldg. 6, RM317, Desk 3","2025-12-16T04:00:00Z","2025-12-15T05:00:00Z",,,"0","0","Learning Labs","HIS","True","Denise.Patterer@va.gov","Desk",,"2025-12-15T05:00:00Z","Super User Training","59",,,,"Bldg. 6, RM317","True",,,,,,,"2025-12-19T17:36:02Z","2025-12-19T17:36:02Z","Kyle.Coder@va.gov","Kyle.Coder@va.gov","0","0","0",,,,,
"225","Learning Labs","Tenneil Zielaskowski – Bldg. 6, RM317, Desk 2 @ 12/15/2025 12:00 AM","Tenneil.Zielaskowski@va.gov","Bldg. 6, RM317, Desk 2","2025-12-16T04:00:00Z","2025-12-15T05:00:00Z",,,"0","0","Learning Labs","HIS","True","Denise.Patterer@va.gov","Desk",,"2025-12-15T05:00:00Z","Super User Training","59",,,,"Bldg. 6, RM317","True",,,,,,,"2025-12-19T17:36:02Z","2025-12-19T17:36:02Z","Kyle.Coder@va.gov","Kyle.Coder@va.gov","0","0","0",,,,,
"224","Learning Labs","Tenneil Zielaskowski – Bldg. 6, RM317, Desk 16 @ 12/15/2025 12:00 AM","Tenneil.Zielaskowski@va.gov","Bldg. 6, RM317, Desk 16","2025-12-16T04:00:00Z","2025-12-15T05:00:00Z",,,"0","0","Learning Labs","HIS","True","Denise.Patterer@va.gov","Desk",,"2025-12-15T05:00:00Z","Super User Training","59",,,,"Bldg. 6, RM317","True",,,,,,,"2025-12-19T17:36:01Z","2025-12-19T17:36:01Z","Kyle.Coder@va.gov","Kyle.Coder@va.gov","0","0","0",,,,,
"223","Learning Labs","Tenneil Zielaskowski – Bldg. 6, RM317, Desk 15 @ 12/15/2025 12:00 AM","Tenneil.Zielaskowski@va.gov","Bldg. 6, RM317, Desk 15","2025-12-16T04:00:00Z","2025-12-15T05:00:00Z",,,"0","0","Learning Labs","HIS","True","Denise.Patterer@va.gov","Desk",,"2025-12-15T05:00:00Z","Super User Training","59",,,,"Bldg. 6, RM317","True",,,,,,,"2025-12-19T17:36:01Z","2025-12-19T17:36:01Z","Kyle.Coder@va.gov","Kyle.Coder@va.gov","0","0","0",,,,,
"222","Learning Labs","Tenneil Zielaskowski – Bldg. 6, RM317, Desk 14 @ 12/15/2025 12:00 AM","Tenneil.Zielaskowski@va.gov","Bldg. 6, RM317, Desk 14","2025-12-16T04:00:00Z","2025-12-15T05:00:00Z",,,"0","0","Learning Labs","HIS","True","Denise.Patterer@va.gov","Desk",,"2025-12-15T05:00:00Z","Super User Training","59",,,,"Bldg. 6, RM317","True",,,,,,,"2025-12-19T17:36:01Z","2025-12-19T17:36:01Z","Kyle.Coder@va.gov","Kyle.Coder@va.gov","0","0","0",,,,,
"221","Learning Labs","Tenneil Zielaskowski – Bldg. 6, RM317, Desk 13 @ 12/15/2025 12:00 AM","Tenneil.Zielaskowski@va.gov","Bldg. 6, RM317, Desk 13","2025-12-16T04:00:00Z","2025-12-15T05:00:00Z",,,"0","0","Learning Labs","HIS","True","Denise.Patterer@va.gov","Desk",,"2025-12-15T05:00:00Z","Super User Training","59",,,,"Bldg. 6, RM317","True",,,,,,,"2025-12-19T17:36:01Z","2025-12-19T17:36:01Z","Kyle.Coder@va.gov","Kyle.Coder@va.gov","0","0","0",,,,,
"220","Learning Labs","Tenneil Zielaskowski – Bldg. 6, RM317, Desk 12 @ 12/15/2025 12:00 AM","Tenneil.Zielaskowski@va.gov","Bldg. 6, RM317, Desk 12","2025-12-16T04:00:00Z","2025-12-15T05:00:00Z",,,"0","0","Learning Labs","HIS","True","Denise.Patterer@va.gov","Desk",,"2025-12-15T05:00:00Z","Super User Training","59",,,,"Bldg. 6, RM317","True",,,,,,,"2025-12-19T17:36:01Z","2025-12-19T17:36:01Z","Kyle.Coder@va.gov","Kyle.Coder@va.gov","0","0","0",,,,,
"219","Learning Labs","Tenneil Zielaskowski – Bldg. 6, RM317, Desk 11 @ 12/15/2025 12:00 AM","Tenneil.Zielaskowski@va.gov","Bldg. 6, RM317, Desk 11","2025-12-16T04:00:00Z","2025-12-15T05:00:00Z",,,"0","0","Learning Labs","HIS","True","Denise.Patterer@va.gov","Desk",,"2025-12-15T05:00:00Z","Super User Training","59",,,,"Bldg. 6, RM317","True",,,,,,,"2025-12-19T17:36:00Z","2025-12-19T17:36:00Z","Kyle.Coder@va.gov","Kyle.Coder@va.gov","0","0","0",,,,,
"218","Learning Labs","Tenneil Zielaskowski – Bldg. 6, RM317, Desk 9 @ 12/11/2025 12:00 AM","Tenneil.Zielaskowski@va.gov","Bldg. 6, RM317, Desk 9","2025-12-12T04:00:00Z","2025-12-11T05:00:00Z",,,"0","0","Learning Labs","HIS","True","Denise.Patterer@va.gov","Desk",,"2025-12-11T05:00:00Z","Super User Training","58",,,,"Bldg. 6, RM317","True",,,,,,,"2025-12-19T17:36:00Z","2025-12-19T17:36:00Z","Kyle.Coder@va.gov","Kyle.Coder@va.gov","0","0","0",,,,,
"217","Learning Labs","Tenneil Zielaskowski – Bldg. 6, RM317, Desk 8 @ 12/11/2025 12:00 AM","Tenneil.Zielaskowski@va.gov","Bldg. 6, RM317, Desk 8","2025-12-12T04:00:00Z","2025-12-11T05:00:00Z",,,"0","0","Learning Labs","HIS","True","Denise.Patterer@va.gov","Desk",,"2025-12-11T05:00:00Z","Super User Training","58",,,,"Bldg. 6, RM317","True",,,,,,,"2025-12-19T17:36:00Z","2025-12-19T17:36:00Z","Kyle.Coder@va.gov","Kyle.Coder@va.gov","0","0","0",,,,,
"216","Learning Labs","Tenneil Zielaskowski – Bldg. 6, RM317, Desk 7 @ 12/11/2025 12:00 AM","Tenneil.Zielaskowski@va.gov","Bldg. 6, RM317, Desk 7","2025-12-12T04:00:00Z","2025-12-11T05:00:00Z",,,"0","0","Learning Labs","HIS","True","Denise.Patterer@va.gov","Desk",,"2025-12-11T05:00:00Z","Super User Training","58",,,,"Bldg. 6, RM317","True",,,,,,,"2025-12-19T17:36:00Z","2025-12-19T17:36:00Z","Kyle.Coder@va.gov","Kyle.Coder@va.gov","0","0","0",,,,,
"215","Learning Labs","Tenneil Zielaskowski – Bldg. 6, RM317, Desk 6 @ 12/11/2025 12:00 AM","Tenneil.Zielaskowski@va.gov","Bldg. 6, RM317, Desk 6","2025-12-12T04:00:00Z","2025-12-11T05:00:00Z",,,"0","0","Learning Labs","HIS","True","Denise.Patterer@va.gov","Desk",,"2025-12-11T05:00:00Z","Super User Training","58",,,,"Bldg. 6, RM317","True",,,,,,,"2025-12-19T17:35:59Z","2025-12-19T17:35:59Z","Kyle.Coder@va.gov","Kyle.Coder@va.gov","0","0","0",,,,,
"214","Learning Labs","Tenneil Zielaskowski – Bldg. 6, RM317, Desk 5 @ 12/11/2025 12:00 AM","Tenneil.Zielaskowski@va.gov","Bldg. 6, RM317, Desk 5","2025-12-12T04:00:00Z","2025-12-11T05:00:00Z",,,"0","0","Learning Labs","HIS","True","Denise.Patterer@va.gov","Desk",,"2025-12-11T05:00:00Z","Super User Training","58",,,,"Bldg. 6, RM317","True",,,,,,,"2025-12-19T17:35:59Z","2025-12-19T17:35:59Z","Kyle.Coder@va.gov","Kyle.Coder@va.gov","0","0","0",,,,,
"213","Learning Labs","Tenneil Zielaskowski – Bldg. 6, RM317, Desk 4 @ 12/11/2025 12:00 AM","Tenneil.Zielaskowski@va.gov","Bldg. 6, RM317, Desk 4","2025-12-12T04:00:00Z","2025-12-11T05:00:00Z",,,"0","0","Learning Labs","HIS","True","Denise.Patterer@va.gov","Desk",,"2025-12-11T05:00:00Z","Super User Training","58",,,,"Bldg. 6, RM317","True",,,,,,,"2025-12-19T17:35:59Z","2025-12-19T17:35:59Z","Kyle.Coder@va.gov","Kyle.Coder@va.gov","0","0","0",,,,,
"212","Learning Labs","Tenneil Zielaskowski – Bldg. 6, RM317, Desk 3 @ 12/11/2025 12:00 AM","Tenneil.Zielaskowski@va.gov","Bldg. 6, RM317, Desk 3","2025-12-12T04:00:00Z","2025-12-11T05:00:00Z",,,"0","0","Learning Labs","HIS","True","Denise.Patterer@va.gov","Desk",,"2025-12-11T05:00:00Z","Super User Training","58",,,,"Bldg. 6, RM317","True",,,,,,,"2025-12-19T17:35:59Z","2025-12-19T17:35:59Z","Kyle.Coder@va.gov","Kyle.Coder@va.gov","0","0","0",,,,,
"211","Learning Labs","Tenneil Zielaskowski – Bldg. 6, RM317, Desk 2 @ 12/11/2025 12:00 AM","Tenneil.Zielaskowski@va.gov","Bldg. 6, RM317, Desk 2","2025-12-12T04:00:00Z","2025-12-11T05:00:00Z",,,"0","0","Learning Labs","HIS","True","Denise.Patterer@va.gov","Desk",,"2025-12-11T05:00:00Z","Super User Training","58",,,,"Bldg. 6, RM317","True",,,,,,,"2025-12-19T17:35:59Z","2025-12-19T17:35:59Z","Kyle.Coder@va.gov","Kyle.Coder@va.gov","0","0","0",,,,,
"210","Learning Labs","Tenneil Zielaskowski – Bldg. 6, RM317, Desk 16 @ 12/11/2025 12:00 AM","Tenneil.Zielaskowski@va.gov","Bldg. 6, RM317, Desk 16","2025-12-12T04:00:00Z","2025-12-11T05:00:00Z",,,"0","0","Learning Labs","HIS","True","Denise.Patterer@va.gov","Desk",,"2025-12-11T05:00:00Z","Super User Training","58",,,,"Bldg. 6, RM317","True",,,,,,,"2025-12-19T17:35:58Z","2025-12-19T17:35:58Z","Kyle.Coder@va.gov","Kyle.Coder@va.gov","0","0","0",,,,,
"209","Learning Labs","Tenneil Zielaskowski – Bldg. 6, RM317, Desk 15 @ 12/11/2025 12:00 AM","Tenneil.Zielaskowski@va.gov","Bldg. 6, RM317, Desk 15","2025-12-12T04:00:00Z","2025-12-11T05:00:00Z",,,"0","0","Learning Labs","HIS","True","Denise.Patterer@va.gov","Desk",,"2025-12-11T05:00:00Z","Super User Training","58",,,,"Bldg. 6, RM317","True",,,,,,,"2025-12-19T17:35:58Z","2025-12-19T17:35:58Z","Kyle.Coder@va.gov","Kyle.Coder@va.gov","0","0","0",,,,,
"208","Learning Labs","Tenneil Zielaskowski – Bldg. 6, RM317, Desk 14 @ 12/11/2025 12:00 AM","Tenneil.Zielaskowski@va.gov","Bldg. 6, RM317, Desk 14","2025-12-12T04:00:00Z","2025-12-11T05:00:00Z",,,"0","0","Learning Labs","HIS","True","Denise.Patterer@va.gov","Desk",,"2025-12-11T05:00:00Z","Super User Training","58",,,,"Bldg. 6, RM317","True",,,,,,,"2025-12-19T17:35:58Z","2025-12-19T17:35:58Z","Kyle.Coder@va.gov","Kyle.Coder@va.gov","0","0","0",,,,,
"207","Learning Labs","Tenneil Zielaskowski – Bldg. 6, RM317, Desk 13 @ 12/11/2025 12:00 AM","Tenneil.Zielaskowski@va.gov","Bldg. 6, RM317, Desk 13","2025-12-12T04:00:00Z","2025-12-11T05:00:00Z",,,"0","0","Learning Labs","HIS","True","Denise.Patterer@va.gov","Desk",,"2025-12-11T05:00:00Z","Super User Training","58",,,,"Bldg. 6, RM317","True",,,,,,,"2025-12-19T17:35:58Z","2025-12-19T17:35:58Z","Kyle.Coder@va.gov","Kyle.Coder@va.gov","0","0","0",,,,,
"206","Learning Labs","Tenneil Zielaskowski – Bldg. 6, RM317, Desk 12 @ 12/11/2025 12:00 AM","Tenneil.Zielaskowski@va.gov","Bldg. 6, RM317, Desk 12","2025-12-12T04:00:00Z","2025-12-11T05:00:00Z",,,"0","0","Learning Labs","HIS","True","Denise.Patterer@va.gov","Desk",,"2025-12-11T05:00:00Z","Super User Training","58",,,,"Bldg. 6, RM317","True",,,,,,,"2025-12-19T17:35:58Z","2025-12-19T17:35:58Z","Kyle.Coder@va.gov","Kyle.Coder@va.gov","0","0","0",,,,,
"205","Learning Labs","Tenneil Zielaskowski – Bldg. 6, RM317, Desk 11 @ 12/11/2025 12:00 AM","Tenneil.Zielaskowski@va.gov","Bldg. 6, RM317, Desk 11","2025-12-12T04:00:00Z","2025-12-11T05:00:00Z",,,"0","0","Learning Labs","HIS","True","Denise.Patterer@va.gov","Desk",,"2025-12-11T05:00:00Z","Super User Training","58",,,,"Bldg. 6, RM317","True",,,,,,,"2025-12-19T17:35:57Z","2025-12-19T17:35:57Z","Kyle.Coder@va.gov","Kyle.Coder@va.gov","0","0","0",,,,,
"204","Learning Labs","Tenneil Zielaskowski – Bldg. 6, RM317, Desk 10 @ 12/11/2025 12:00 AM","Tenneil.Zielaskowski@va.gov","Bldg. 6, RM317, Desk 10","2025-12-12T04:00:00Z","2025-12-11T05:00:00Z",,,"0","0","Learning Labs","HIS","True","Denise.Patterer@va.gov","Desk",,"2025-12-11T05:00:00Z","Super User Training","58",,,,"Bldg. 6, RM317","True",,,,,,,"2025-12-19T17:35:57Z","2025-12-19T17:35:57Z","Kyle.Coder@va.gov","Kyle.Coder@va.gov","0","0","0",,,,,
"203","Learning Labs","Tenneil Zielaskowski – Bldg. 6, RM317, Desk 5 @ 12/10/2025 12:00 AM","Tenneil.Zielaskowski@va.gov","Bldg. 6, RM317, Desk 5","2025-12-11T04:00:00Z","2025-12-10T05:00:00Z",,,"0","0","Learning Labs","HIS","True","Denise.Patterer@va.gov","Desk",,"2025-12-10T05:00:00Z","Super User Training","57",,,,"Bldg. 6, RM317","True",,,,,,,"2025-12-19T17:35:57Z","2025-12-19T17:35:57Z","Kyle.Coder@va.gov","Kyle.Coder@va.gov","0","0","0",,,,,
"202","Learning Labs","Tenneil Zielaskowski – Bldg. 6, RM317, Desk 4 @ 12/10/2025 12:00 AM","Tenneil.Zielaskowski@va.gov","Bldg. 6, RM317, Desk 4","2025-12-11T04:00:00Z","2025-12-10T05:00:00Z",,,"0","0","Learning Labs","HIS","True","Denise.Patterer@va.gov","Desk",,"2025-12-10T05:00:00Z","Super User Training","57",,,,"Bldg. 6, RM317","True",,,,,,,"2025-12-19T17:35:57Z","2025-12-19T17:35:57Z","Kyle.Coder@va.gov","Kyle.Coder@va.gov","0","0","0",,,,,
"201","Learning Labs","Tenneil Zielaskowski – Bldg. 6, RM317, Desk 3 @ 12/10/2025 12:00 AM","Tenneil.Zielaskowski@va.gov","Bldg. 6, RM317, Desk 3","2025-12-11T04:00:00Z","2025-12-10T05:00:00Z",,,"0","0","Learning Labs","HIS","True","Denise.Patterer@va.gov","Desk",,"2025-12-10T05:00:00Z","Super User Training","57",,,,"Bldg. 6, RM317","True",,,,,,,"2025-12-19T17:35:57Z","2025-12-19T17:35:57Z","Kyle.Coder@va.gov","Kyle.Coder@va.gov","0","0","0",,,,,
"200","Learning Labs","Tenneil Zielaskowski – Bldg. 6, RM317, Desk 2 @ 12/10/2025 12:00 AM","Tenneil.Zielaskowski@va.gov","Bldg. 6, RM317, Desk 2","2025-12-11T04:00:00Z","2025-12-10T05:00:00Z",,,"0","0","Learning Labs","HIS","True","Denise.Patterer@va.gov","Desk",,"2025-12-10T05:00:00Z","Super User Training","57",,,,"Bldg. 6, RM317","True",,,,,,,"2025-12-19T17:35:56Z","2025-12-19T17:35:56Z","Kyle.Coder@va.gov","Kyle.Coder@va.gov","0","0","0",,,,,
"199","Learning Labs","Tenneil Zielaskowski – Bldg. 6, RM317, Desk 16 @ 12/10/2025 12:00 AM","Tenneil.Zielaskowski@va.gov","Bldg. 6, RM317, Desk 16","2025-12-11T04:00:00Z","2025-12-10T05:00:00Z",,,"0","0","Learning Labs","HIS","True","Denise.Patterer@va.gov","Desk",,"2025-12-10T05:00:00Z","Super User Training","57",,,,"Bldg. 6, RM317","True",,,,,,,"2025-12-19T17:35:56Z","2025-12-19T17:35:56Z","Kyle.Coder@va.gov","Kyle.Coder@va.gov","0","0","0",,,,,
"198","Learning Labs","Tenneil Zielaskowski – Bldg. 6, RM317, Desk 15 @ 12/10/2025 12:00 AM","Tenneil.Zielaskowski@va.gov","Bldg. 6, RM317, Desk 15","2025-12-11T04:00:00Z","2025-12-10T05:00:00Z",,,"0","0","Learning Labs","HIS","True","Denise.Patterer@va.gov","Desk",,"2025-12-10T05:00:00Z","Super User Training","57",,,,"Bldg. 6, RM317","True",,,,,,,"2025-12-19T17:35:56Z","2025-12-19T17:35:56Z","Kyle.Coder@va.gov","Kyle.Coder@va.gov","0","0","0",,,,,
"197","Learning Labs","Tenneil Zielaskowski – Bldg. 6, RM317, Desk 14 @ 12/10/2025 12:00 AM","Tenneil.Zielaskowski@va.gov","Bldg. 6, RM317, Desk 14","2025-12-11T04:00:00Z","2025-12-10T05:00:00Z",,,"0","0","Learning Labs","HIS","True","Denise.Patterer@va.gov","Desk",,"2025-12-10T05:00:00Z","Super User Training","57",,,,"Bldg. 6, RM317","True",,,,,,,"2025-12-19T17:35:55Z","2025-12-19T17:35:55Z","Kyle.Coder@va.gov","Kyle.Coder@va.gov","0","0","0",,,,,
"196","Learning Labs","Tenneil Zielaskowski – Bldg. 6, RM317, Desk 13 @ 12/10/2025 12:00 AM","Tenneil.Zielaskowski@va.gov","Bldg. 6, RM317, Desk 13","2025-12-11T04:00:00Z","2025-12-10T05:00:00Z",,,"0","0","Learning Labs","HIS","True","Denise.Patterer@va.gov","Desk",,"2025-12-10T05:00:00Z","Super User Training","57",,,,"Bldg. 6, RM317","True",,,,,,,"2025-12-19T17:35:55Z","2025-12-19T17:35:55Z","Kyle.Coder@va.gov","Kyle.Coder@va.gov","0","0","0",,,,,
"195","Learning Labs","Tenneil Zielaskowski – Bldg. 6, RM317, Desk 12 @ 12/10/2025 12:00 AM","Tenneil.Zielaskowski@va.gov","Bldg. 6, RM317, Desk 12","2025-12-11T04:00:00Z","2025-12-10T05:00:00Z",,,"0","0","Learning Labs","HIS","True","Denise.Patterer@va.gov","Desk",,"2025-12-10T05:00:00Z","Super User Training","57",,,,"Bldg. 6, RM317","True",,,,,,,"2025-12-19T17:35:55Z","2025-12-19T17:35:55Z","Kyle.Coder@va.gov","Kyle.Coder@va.gov","0","0","0",,,,,
"194","Learning Labs","Tenneil Zielaskowski – Bldg. 6, RM317, Desk 11 @ 12/10/2025 12:00 AM","Tenneil.Zielaskowski@va.gov","Bldg. 6, RM317, Desk 11","2025-12-11T04:00:00Z","2025-12-10T05:00:00Z",,,"0","0","Learning Labs","HIS","True","Denise.Patterer@va.gov","Desk",,"2025-12-10T05:00:00Z","Super User Training","57",,,,"Bldg. 6, RM317","True",,,,,,,"2025-12-19T17:35:55Z","2025-12-19T17:35:55Z","Kyle.Coder@va.gov","Kyle.Coder@va.gov","0","0","0",,,,,
"193","Learning Labs","Tenneil Zielaskowski – Bldg. 6, RM317, Desk 10 @ 12/10/2025 12:00 AM","Tenneil.Zielaskowski@va.gov","Bldg. 6, RM317, Desk 10","2025-12-11T04:00:00Z","2025-12-10T05:00:00Z",,,"0","0","Learning Labs","HIS","True","Denise.Patterer@va.gov","Desk",,"2025-12-10T05:00:00Z","Super User Training","57",,,,"Bldg. 6, RM317","True",,,,,,,"2025-12-19T17:35:55Z","2025-12-19T17:35:55Z","Kyle.Coder@va.gov","Kyle.Coder@va.gov","0","0","0",,,,,
"192","Learning Labs","Tenneil Zielaskowski – Bldg. 6, RM317, Desk 9 @ 12/10/2025 12:00 AM","Tenneil.Zielaskowski@va.gov","Bldg. 6, RM317, Desk 9","2025-12-11T04:00:00Z","2025-12-10T05:00:00Z",,,"0","0","Learning Labs","HIS","True","Denise.Patterer@va.gov","Desk",,"2025-12-10T05:00:00Z","Super User Training","57",,,,"Bldg. 6, RM317","True",,,,,,,"2025-12-19T17:35:54Z","2025-12-19T17:35:54Z","Kyle.Coder@va.gov","Kyle.Coder@va.gov","0","0","0",,,,,
"191","Learning Labs","Tenneil Zielaskowski – Bldg. 6, RM317, Desk 8 @ 12/10/2025 12:00 AM","Tenneil.Zielaskowski@va.gov","Bldg. 6, RM317, Desk 8","2025-12-11T04:00:00Z","2025-12-10T05:00:00Z",,,"0","0","Learning Labs","HIS","True","Denise.Patterer@va.gov","Desk",,"2025-12-10T05:00:00Z","Super User Training","57",,,,"Bldg. 6, RM317","True",,,,,,,"2025-12-19T17:35:54Z","2025-12-19T17:35:54Z","Kyle.Coder@va.gov","Kyle.Coder@va.gov","0","0","0",,,,,
"190","Learning Labs","Tenneil Zielaskowski – Bldg. 6, RM317, Desk 7 @ 12/10/2025 12:00 AM","Tenneil.Zielaskowski@va.gov","Bldg. 6, RM317, Desk 7","2025-12-11T04:00:00Z","2025-12-10T05:00:00Z",,,"0","0","Learning Labs","HIS","True","Denise.Patterer@va.gov","Desk",,"2025-12-10T05:00:00Z","Super User Training","57",,,,"Bldg. 6, RM317","True",,,,,,,"2025-12-19T17:35:54Z","2025-12-19T17:35:54Z","Kyle.Coder@va.gov","Kyle.Coder@va.gov","0","0","0",,,,,
"189","Learning Labs","Tenneil Zielaskowski – Bldg. 6, RM317, Desk 6 @ 12/10/2025 12:00 AM","Tenneil.Zielaskowski@va.gov","Bldg. 6, RM317, Desk 6","2025-12-11T04:00:00Z","2025-12-10T05:00:00Z",,,"0","0","Learning Labs","HIS","True","Denise.Patterer@va.gov","Desk",,"2025-12-10T05:00:00Z","Super User Training","57",,,,"Bldg. 6, RM317","True",,,,,,,"2025-12-19T17:35:54Z","2025-12-19T17:35:54Z","Kyle.Coder@va.gov","Kyle.Coder@va.gov","0","0","0",,,,,
"188","Learning Labs","Tenneil Zielaskowski – Bldg. 6, RM317, Desk 9 @ 12/09/2025 12:00 AM","Tenneil.Zielaskowski@va.gov","Bldg. 6, RM317, Desk 9","2025-12-10T04:00:00Z","2025-12-09T05:00:00Z",,,"0","0","Learning Labs","HIS","True","Denise.Patterer@va.gov","Desk",,"2025-12-09T05:00:00Z","Super User Training","56",,,,"Bldg. 6, RM317","True",,,,,,,"2025-12-19T17:35:53Z","2025-12-19T17:35:53Z","Kyle.Coder@va.gov","Kyle.Coder@va.gov","0","0","0",,,,,
"187","Learning Labs","Tenneil Zielaskowski – Bldg. 6, RM317, Desk 8 @ 12/09/2025 12:00 AM","Tenneil.Zielaskowski@va.gov","Bldg. 6, RM317, Desk 8","2025-12-10T04:00:00Z","2025-12-09T05:00:00Z",,,"0","0","Learning Labs","HIS","True","Denise.Patterer@va.gov","Desk",,"2025-12-09T05:00:00Z","Super User Training","56",,,,"Bldg. 6, RM317","True",,,,,,,"2025-12-19T17:35:53Z","2025-12-19T17:35:53Z","Kyle.Coder@va.gov","Kyle.Coder@va.gov","0","0","0",,,,,
"186","Learning Labs","Tenneil Zielaskowski – Bldg. 6, RM317, Desk 7 @ 12/09/2025 12:00 AM","Tenneil.Zielaskowski@va.gov","Bldg. 6, RM317, Desk 7","2025-12-10T04:00:00Z","2025-12-09T05:00:00Z",,,"0","0","Learning Labs","HIS","True","Denise.Patterer@va.gov","Desk",,"2025-12-09T05:00:00Z","Super User Training","56",,,,"Bldg. 6, RM317","True",,,,,,,"2025-12-19T17:35:53Z","2025-12-19T17:35:53Z","Kyle.Coder@va.gov","Kyle.Coder@va.gov","0","0","0",,,,,
"185","Learning Labs","Tenneil Zielaskowski – Bldg. 6, RM317, Desk 5 @ 12/09/2025 12:00 AM","Tenneil.Zielaskowski@va.gov","Bldg. 6, RM317, Desk 5","2025-12-10T04:00:00Z","2025-12-09T05:00:00Z",,,"0","0","Learning Labs","HIS","True","Denise.Patterer@va.gov","Desk",,"2025-12-09T05:00:00Z","Super User Training","56",,,,"Bldg. 6, RM317","True",,,,,,,"2025-12-19T17:35:53Z","2025-12-19T17:35:53Z","Kyle.Coder@va.gov","Kyle.Coder@va.gov","0","0","0",,,,,
"184","Learning Labs","Tenneil Zielaskowski – Bldg. 6, RM317, Desk 4 @ 12/09/2025 12:00 AM","Tenneil.Zielaskowski@va.gov","Bldg. 6, RM317, Desk 4","2025-12-10T04:00:00Z","2025-12-09T05:00:00Z",,,"0","0","Learning Labs","HIS","True","Denise.Patterer@va.gov","Desk",,"2025-12-09T05:00:00Z","Super User Training","56",,,,"Bldg. 6, RM317","True",,,,,,,"2025-12-19T17:35:52Z","2025-12-19T17:35:52Z","Kyle.Coder@va.gov","Kyle.Coder@va.gov","0","0","0",,,,,
"183","Learning Labs","Tenneil Zielaskowski – Bldg. 6, RM317, Desk 3 @ 12/09/2025 12:00 AM","Tenneil.Zielaskowski@va.gov","Bldg. 6, RM317, Desk 3","2025-12-10T04:00:00Z","2025-12-09T05:00:00Z",,,"0","0","Learning Labs","HIS","True","Denise.Patterer@va.gov","Desk",,"2025-12-09T05:00:00Z","Super User Training","56",,,,"Bldg. 6, RM317","True",,,,,,,"2025-12-19T17:35:52Z","2025-12-19T17:35:52Z","Kyle.Coder@va.gov","Kyle.Coder@va.gov","0","0","0",,,,,
"182","Learning Labs","Tenneil Zielaskowski – Bldg. 6, RM317, Desk 2 @ 12/09/2025 12:00 AM","Tenneil.Zielaskowski@va.gov","Bldg. 6, RM317, Desk 2","2025-12-10T04:00:00Z","2025-12-09T05:00:00Z",,,"0","0","Learning Labs","HIS","True","Denise.Patterer@va.gov","Desk",,"2025-12-09T05:00:00Z","Super User Training","56",,,,"Bldg. 6, RM317","True",,,,,,,"2025-12-19T17:35:52Z","2025-12-19T17:35:52Z","Kyle.Coder@va.gov","Kyle.Coder@va.gov","0","0","0",,,,,
"181","Learning Labs","Tenneil Zielaskowski – Bldg. 6, RM317, Desk 16 @ 12/09/2025 12:00 AM","Tenneil.Zielaskowski@va.gov","Bldg. 6, RM317, Desk 16","2025-12-10T04:00:00Z","2025-12-09T05:00:00Z",,,"0","0","Learning Labs","HIS","True","Denise.Patterer@va.gov","Desk",,"2025-12-09T05:00:00Z","Super User Training","56",,,,"Bldg. 6, RM317","True",,,,,,,"2025-12-19T17:35:52Z","2025-12-19T17:35:52Z","Kyle.Coder@va.gov","Kyle.Coder@va.gov","0","0","0",,,,,
"180","Learning Labs","Tenneil Zielaskowski – Bldg. 6, RM317, Desk 15 @ 12/09/2025 12:00 AM","Tenneil.Zielaskowski@va.gov","Bldg. 6, RM317, Desk 15","2025-12-10T04:00:00Z","2025-12-09T05:00:00Z",,,"0","0","Learning Labs","HIS","True","Denise.Patterer@va.gov","Desk",,"2025-12-09T05:00:00Z","Super User Training","56",,,,"Bldg. 6, RM317","True",,,,,,,"2025-12-19T17:35:51Z","2025-12-19T17:35:51Z","Kyle.Coder@va.gov","Kyle.Coder@va.gov","0","0","0",,,,,
"179","Learning Labs","Tenneil Zielaskowski – Bldg. 6, RM317, Desk 14 @ 12/09/2025 12:00 AM","Tenneil.Zielaskowski@va.gov","Bldg. 6, RM317, Desk 14","2025-12-10T04:00:00Z","2025-12-09T05:00:00Z",,,"0","0","Learning Labs","HIS","True","Denise.Patterer@va.gov","Desk",,"2025-12-09T05:00:00Z","Super User Training","56",,,,"Bldg. 6, RM317","True",,,,,,,"2025-12-19T17:35:51Z","2025-12-19T17:35:51Z","Kyle.Coder@va.gov","Kyle.Coder@va.gov","0","0","0",,,,,
"178","Learning Labs","Tenneil Zielaskowski – Bldg. 6, RM317, Desk 13 @ 12/09/2025 12:00 AM","Tenneil.Zielaskowski@va.gov","Bldg. 6, RM317, Desk 13","2025-12-10T04:00:00Z","2025-12-09T05:00:00Z",,,"0","0","Learning Labs","HIS","True","Denise.Patterer@va.gov","Desk",,"2025-12-09T05:00:00Z","Super User Training","56",,,,"Bldg. 6, RM317","True",,,,,,,"2025-12-19T17:35:51Z","2025-12-19T17:35:51Z","Kyle.Coder@va.gov","Kyle.Coder@va.gov","0","0","0",,,,,
"177","Learning Labs","Tenneil Zielaskowski – Bldg. 6, RM317, Desk 12 @ 12/09/2025 12:00 AM","Tenneil.Zielaskowski@va.gov","Bldg. 6, RM317, Desk 12","2025-12-10T04:00:00Z","2025-12-09T05:00:00Z",,,"0","0","Learning Labs","HIS","True","Denise.Patterer@va.gov","Desk",,"2025-12-09T05:00:00Z","Super User Training","56",,,,"Bldg. 6, RM317","True",,,,,,,"2025-12-19T17:35:51Z","2025-12-19T17:35:51Z","Kyle.Coder@va.gov","Kyle.Coder@va.gov","0","0","0",,,,,
"176","Learning Labs","Tenneil Zielaskowski – Bldg. 6, RM317, Desk 11 @ 12/09/2025 12:00 AM","Tenneil.Zielaskowski@va.gov","Bldg. 6, RM317, Desk 11","2025-12-10T04:00:00Z","2025-12-09T05:00:00Z",,,"0","0","Learning Labs","HIS","True","Denise.Patterer@va.gov","Desk",,"2025-12-09T05:00:00Z","Super User Training","56",,,,"Bldg. 6, RM317","True",,,,,,,"2025-12-19T17:35:51Z","2025-12-19T17:35:51Z","Kyle.Coder@va.gov","Kyle.Coder@va.gov","0","0","0",,,,,
"175","Learning Labs","Tenneil Zielaskowski – Bldg. 6, RM317, Desk 10 @ 12/09/2025 12:00 AM","Tenneil.Zielaskowski@va.gov","Bldg. 6, RM317, Desk 10","2025-12-10T04:00:00Z","2025-12-09T05:00:00Z",,,"0","0","Learning Labs","HIS","True","Denise.Patterer@va.gov","Desk",,"2025-12-09T05:00:00Z","Super User Training","56",,,,"Bldg. 6, RM317","True",,,,,,,"2025-12-19T17:35:50Z","2025-12-19T17:35:50Z","Kyle.Coder@va.gov","Kyle.Coder@va.gov","0","0","0",,,,,
"174","Learning Labs","Tenneil Zielaskowski – Bldg. 6, RM317, Desk 6 @ 12/09/2025 12:00 AM","Tenneil.Zielaskowski@va.gov","Bldg. 6, RM317, Desk 6","2025-12-10T04:00:00Z","2025-12-09T05:00:00Z",,,"0","0","Learning Labs","HIS","True","Denise.Patterer@va.gov","Desk",,"2025-12-09T05:00:00Z","Super User Training","56",,,,"Bldg. 6, RM317","True",,,,,,,"2025-12-19T17:35:50Z","2025-12-19T17:35:50Z","Kyle.Coder@va.gov","Kyle.Coder@va.gov","0","0","0",,,,,
"173","Learning Labs","Tenneil Zielaskowski – Bldg. 6, RM317, Desk 9 @ 12/08/2025 12:00 AM","Tenneil.Zielaskowski@va.gov","Bldg. 6, RM317, Desk 9","2025-12-09T04:00:00Z","2025-12-08T05:00:00Z",,,"0","0","Learning Labs","HIS","True","Denise.Patterer@va.gov","Desk",,"2025-12-08T05:00:00Z","Super User Training","55",,,,"Bldg. 6, RM317","True",,,,,,,"2025-12-19T17:35:50Z","2025-12-19T17:35:50Z","Kyle.Coder@va.gov","Kyle.Coder@va.gov","0","0","0",,,,,
"172","Learning Labs","Tenneil Zielaskowski – Bldg. 6, RM317, Desk 8 @ 12/08/2025 12:00 AM","Tenneil.Zielaskowski@va.gov","Bldg. 6, RM317, Desk 8","2025-12-09T04:00:00Z","2025-12-08T05:00:00Z",,,"0","0","Learning Labs","HIS","True","Denise.Patterer@va.gov","Desk",,"2025-12-08T05:00:00Z","Super User Training","55",,,,"Bldg. 6, RM317","True",,,,,,,"2025-12-19T17:35:50Z","2025-12-19T17:35:50Z","Kyle.Coder@va.gov","Kyle.Coder@va.gov","0","0","0",,,,,
"171","Learning Labs","Tenneil Zielaskowski – Bldg. 6, RM317, Desk 7 @ 12/08/2025 12:00 AM","Tenneil.Zielaskowski@va.gov","Bldg. 6, RM317, Desk 7","2025-12-09T04:00:00Z","2025-12-08T05:00:00Z",,,"0","0","Learning Labs","HIS","True","Denise.Patterer@va.gov","Desk",,"2025-12-08T05:00:00Z","Super User Training","55",,,,"Bldg. 6, RM317","True",,,,,,,"2025-12-19T17:35:49Z","2025-12-19T17:35:49Z","Kyle.Coder@va.gov","Kyle.Coder@va.gov","0","0","0",,,,,
"170","Learning Labs","Tenneil Zielaskowski – Bldg. 6, RM317, Desk 6 @ 12/08/2025 12:00 AM","Tenneil.Zielaskowski@va.gov","Bldg. 6, RM317, Desk 6","2025-12-09T04:00:00Z","2025-12-08T05:00:00Z",,,"0","0","Learning Labs","HIS","True","Denise.Patterer@va.gov","Desk",,"2025-12-08T05:00:00Z","Super User Training","55",,,,"Bldg. 6, RM317","True",,,,,,,"2025-12-19T17:35:49Z","2025-12-19T17:35:49Z","Kyle.Coder@va.gov","Kyle.Coder@va.gov","0","0","0",,,,,
"169","Learning Labs","Tenneil Zielaskowski – Bldg. 6, RM317, Desk 5 @ 12/08/2025 12:00 AM","Tenneil.Zielaskowski@va.gov","Bldg. 6, RM317, Desk 5","2025-12-09T04:00:00Z","2025-12-08T05:00:00Z",,,"0","0","Learning Labs","HIS","True","Denise.Patterer@va.gov","Desk",,"2025-12-08T05:00:00Z","Super User Training","55",,,,"Bldg. 6, RM317","True",,,,,,,"2025-12-19T17:35:49Z","2025-12-19T17:35:49Z","Kyle.Coder@va.gov","Kyle.Coder@va.gov","0","0","0",,,,,
"168","Learning Labs","Tenneil Zielaskowski – Bldg. 6, RM317, Desk 4 @ 12/08/2025 12:00 AM","Tenneil.Zielaskowski@va.gov","Bldg. 6, RM317, Desk 4","2025-12-09T04:00:00Z","2025-12-08T05:00:00Z",,,"0","0","Learning Labs","HIS","True","Denise.Patterer@va.gov","Desk",,"2025-12-08T05:00:00Z","Super User Training","55",,,,"Bldg. 6, RM317","True",,,,,,,"2025-12-19T17:35:49Z","2025-12-19T17:35:49Z","Kyle.Coder@va.gov","Kyle.Coder@va.gov","0","0","0",,,,,
"167","Learning Labs","Tenneil Zielaskowski – Bldg. 6, RM317, Desk 3 @ 12/08/2025 12:00 AM","Tenneil.Zielaskowski@va.gov","Bldg. 6, RM317, Desk 3","2025-12-09T04:00:00Z","2025-12-08T05:00:00Z",,,"0","0","Learning Labs","HIS","True","Denise.Patterer@va.gov","Desk",,"2025-12-08T05:00:00Z","Super User Training","55",,,,"Bldg. 6, RM317","True",,,,,,,"2025-12-19T17:35:49Z","2025-12-19T17:35:49Z","Kyle.Coder@va.gov","Kyle.Coder@va.gov","0","0","0",,,,,
"166","Learning Labs","Tenneil Zielaskowski – Bldg. 6, RM317, Desk 2 @ 12/08/2025 12:00 AM","Tenneil.Zielaskowski@va.gov","Bldg. 6, RM317, Desk 2","2025-12-09T04:00:00Z","2025-12-08T05:00:00Z",,,"0","0","Learning Labs","HIS","True","Denise.Patterer@va.gov","Desk",,"2025-12-08T05:00:00Z","Super User Training","55",,,,"Bldg. 6, RM317","True",,,,,,,"2025-12-19T17:35:48Z","2025-12-19T17:35:48Z","Kyle.Coder@va.gov","Kyle.Coder@va.gov","0","0","0",,,,,
"165","Learning Labs","Tenneil Zielaskowski – Bldg. 6, RM317, Desk 16 @ 12/08/2025 12:00 AM","Tenneil.Zielaskowski@va.gov","Bldg. 6, RM317, Desk 16","2025-12-09T04:00:00Z","2025-12-08T05:00:00Z",,,"0","0","Learning Labs","HIS","True","Denise.Patterer@va.gov","Desk",,"2025-12-08T05:00:00Z","Super User Training","55",,,,"Bldg. 6, RM317","True",,,,,,,"2025-12-19T17:35:48Z","2025-12-19T17:35:48Z","Kyle.Coder@va.gov","Kyle.Coder@va.gov","0","0","0",,,,,
"164","Learning Labs","Tenneil Zielaskowski – Bldg. 6, RM317, Desk 15 @ 12/08/2025 12:00 AM","Tenneil.Zielaskowski@va.gov","Bldg. 6, RM317, Desk 15","2025-12-09T04:00:00Z","2025-12-08T05:00:00Z",,,"0","0","Learning Labs","HIS","True","Denise.Patterer@va.gov","Desk",,"2025-12-08T05:00:00Z","Super User Training","55",,,,"Bldg. 6, RM317","True",,,,,,,"2025-12-19T17:35:48Z","2025-12-19T17:35:48Z","Kyle.Coder@va.gov","Kyle.Coder@va.gov","0","0","0",,,,,
"163","Learning Labs","Tenneil Zielaskowski – Bldg. 6, RM317, Desk 14 @ 12/08/2025 12:00 AM","Tenneil.Zielaskowski@va.gov","Bldg. 6, RM317, Desk 14","2025-12-09T04:00:00Z","2025-12-08T05:00:00Z",,,"0","0","Learning Labs","HIS","True","Denise.Patterer@va.gov","Desk",,"2025-12-08T05:00:00Z","Super User Training","55",,,,"Bldg. 6, RM317","True",,,,,,,"2025-12-19T17:35:48Z","2025-12-19T17:35:48Z","Kyle.Coder@va.gov","Kyle.Coder@va.gov","0","0","0",,,,,
"162","Learning Labs","Tenneil Zielaskowski – Bldg. 6, RM317, Desk 13 @ 12/08/2025 12:00 AM","Tenneil.Zielaskowski@va.gov","Bldg. 6, RM317, Desk 13","2025-12-09T04:00:00Z","2025-12-08T05:00:00Z",,,"0","0","Learning Labs","HIS","True","Denise.Patterer@va.gov","Desk",,"2025-12-08T05:00:00Z","Super User Training","55",,,,"Bldg. 6, RM317","True",,,,,,,"2025-12-19T17:35:47Z","2025-12-19T17:35:47Z","Kyle.Coder@va.gov","Kyle.Coder@va.gov","0","0","0",,,,,
"161","Learning Labs","Tenneil Zielaskowski – Bldg. 6, RM317, Desk 12 @ 12/08/2025 12:00 AM","Tenneil.Zielaskowski@va.gov","Bldg. 6, RM317, Desk 12","2025-12-09T04:00:00Z","2025-12-08T05:00:00Z",,,"0","0","Learning Labs","HIS","True","Denise.Patterer@va.gov","Desk",,"2025-12-08T05:00:00Z","Super User Training","55",,,,"Bldg. 6, RM317","True",,,,,,,"2025-12-19T17:35:47Z","2025-12-19T17:35:47Z","Kyle.Coder@va.gov","Kyle.Coder@va.gov","0","0","0",,,,,
"160","Learning Labs","Tenneil Zielaskowski – Bldg. 6, RM317, Desk 11 @ 12/08/2025 12:00 AM","Tenneil.Zielaskowski@va.gov","Bldg. 6, RM317, Desk 11","2025-12-09T04:00:00Z","2025-12-08T05:00:00Z",,,"0","0","Learning Labs","HIS","True","Denise.Patterer@va.gov","Desk",,"2025-12-08T05:00:00Z","Super User Training","55",,,,"Bldg. 6, RM317","True",,,,,,,"2025-12-19T17:35:47Z","2025-12-19T17:35:47Z","Kyle.Coder@va.gov","Kyle.Coder@va.gov","0","0","0",,,,,
"159","Learning Labs","Tenneil Zielaskowski – Bldg. 6, RM317, Desk 10 @ 12/08/2025 12:00 AM","Tenneil.Zielaskowski@va.gov","Bldg. 6, RM317, Desk 10","2025-12-09T04:00:00Z","2025-12-08T05:00:00Z",,,"0","0","Learning Labs","HIS","True","Denise.Patterer@va.gov","Desk",,"2025-12-08T05:00:00Z","Super User Training","55",,,,"Bldg. 6, RM317","True",,,,,,,"2025-12-19T17:35:47Z","2025-12-19T17:35:47Z","Kyle.Coder@va.gov","Kyle.Coder@va.gov","0","0","0",,,,,
"158","Learning Labs","Tenneil Zielaskowski – Bldg. 6, RM317, Desk 5 @ 12/05/2025 12:00 AM","Tenneil.Zielaskowski@va.gov","Bldg. 6, RM317, Desk 5","2025-12-06T04:00:00Z","2025-12-05T05:00:00Z",,,"0","0","Learning Labs","HIS","True","Denise.Patterer@va.gov","Desk",,"2025-12-05T05:00:00Z","Super User Training","54",,,,"Bldg. 6, RM317","True",,,,,,,"2025-12-19T17:35:47Z","2025-12-19T17:35:47Z","Kyle.Coder@va.gov","Kyle.Coder@va.gov","0","0","0",,,,,
"157","Learning Labs","Tenneil Zielaskowski – Bldg. 6, RM317, Desk 4 @ 12/05/2025 12:00 AM","Tenneil.Zielaskowski@va.gov","Bldg. 6, RM317, Desk 4","2025-12-06T04:00:00Z","2025-12-05T05:00:00Z",,,"0","0","Learning Labs","HIS","True","Denise.Patterer@va.gov","Desk",,"2025-12-05T05:00:00Z","Super User Training","54",,,,"Bldg. 6, RM317","True",,,,,,,"2025-12-19T17:35:46Z","2025-12-19T17:35:46Z","Kyle.Coder@va.gov","Kyle.Coder@va.gov","0","0","0",,,,,
"156","Learning Labs","Tenneil Zielaskowski – Bldg. 6, RM317, Desk 3 @ 12/05/2025 12:00 AM","Tenneil.Zielaskowski@va.gov","Bldg. 6, RM317, Desk 3","2025-12-06T04:00:00Z","2025-12-05T05:00:00Z",,,"0","0","Learning Labs","HIS","True","Denise.Patterer@va.gov","Desk",,"2025-12-05T05:00:00Z","Super User Training","54",,,,"Bldg. 6, RM317","True",,,,,,,"2025-12-19T17:35:46Z","2025-12-19T17:35:46Z","Kyle.Coder@va.gov","Kyle.Coder@va.gov","0","0","0",,,,,
"155","Learning Labs","Tenneil Zielaskowski – Bldg. 6, RM317, Desk 2 @ 12/05/2025 12:00 AM","Tenneil.Zielaskowski@va.gov","Bldg. 6, RM317, Desk 2","2025-12-06T04:00:00Z","2025-12-05T05:00:00Z",,,"0","0","Learning Labs","HIS","True","Denise.Patterer@va.gov","Desk",,"2025-12-05T05:00:00Z","Super User Training","54",,,,"Bldg. 6, RM317","True",,,,,,,"2025-12-19T17:35:45Z","2025-12-19T17:35:45Z","Kyle.Coder@va.gov","Kyle.Coder@va.gov","0","0","0",,,,,
"154","Learning Labs","Tenneil Zielaskowski – Bldg. 6, RM317, Desk 16 @ 12/05/2025 12:00 AM","Tenneil.Zielaskowski@va.gov","Bldg. 6, RM317, Desk 16","2025-12-06T04:00:00Z","2025-12-05T05:00:00Z",,,"0","0","Learning Labs","HIS","True","Denise.Patterer@va.gov","Desk",,"2025-12-05T05:00:00Z","Super User Training","54",,,,"Bldg. 6, RM317","True",,,,,,,"2025-12-19T17:35:45Z","2025-12-19T17:35:45Z","Kyle.Coder@va.gov","Kyle.Coder@va.gov","0","0","0",,,,,
"153","Learning Labs","Tenneil Zielaskowski – Bldg. 6, RM317, Desk 15 @ 12/05/2025 12:00 AM","Tenneil.Zielaskowski@va.gov","Bldg. 6, RM317, Desk 15","2025-12-06T04:00:00Z","2025-12-05T05:00:00Z",,,"0","0","Learning Labs","HIS","True","Denise.Patterer@va.gov","Desk",,"2025-12-05T05:00:00Z","Super User Training","54",,,,"Bldg. 6, RM317","True",,,,,,,"2025-12-19T17:35:45Z","2025-12-19T17:35:45Z","Kyle.Coder@va.gov","Kyle.Coder@va.gov","0","0","0",,,,,
"152","Learning Labs","Tenneil Zielaskowski – Bldg. 6, RM317, Desk 14 @ 12/05/2025 12:00 AM","Tenneil.Zielaskowski@va.gov","Bldg. 6, RM317, Desk 14","2025-12-06T04:00:00Z","2025-12-05T05:00:00Z",,,"0","0","Learning Labs","HIS","True","Denise.Patterer@va.gov","Desk",,"2025-12-05T05:00:00Z","Super User Training","54",,,,"Bldg. 6, RM317","True",,,,,,,"2025-12-19T17:35:45Z","2025-12-19T17:35:45Z","Kyle.Coder@va.gov","Kyle.Coder@va.gov","0","0","0",,,,,
"151","Learning Labs","Tenneil Zielaskowski – Bldg. 6, RM317, Desk 13 @ 12/05/2025 12:00 AM","Tenneil.Zielaskowski@va.gov","Bldg. 6, RM317, Desk 13","2025-12-06T04:00:00Z","2025-12-05T05:00:00Z",,,"0","0","Learning Labs","HIS","True","Denise.Patterer@va.gov","Desk",,"2025-12-05T05:00:00Z","Super User Training","54",,,,"Bldg. 6, RM317","True",,,,,,,"2025-12-19T17:35:44Z","2025-12-19T17:35:44Z","Kyle.Coder@va.gov","Kyle.Coder@va.gov","0","0","0",,,,,
"150","Learning Labs","Tenneil Zielaskowski – Bldg. 6, RM317, Desk 12 @ 12/05/2025 12:00 AM","Tenneil.Zielaskowski@va.gov","Bldg. 6, RM317, Desk 12","2025-12-06T04:00:00Z","2025-12-05T05:00:00Z",,,"0","0","Learning Labs","HIS","True","Denise.Patterer@va.gov","Desk",,"2025-12-05T05:00:00Z","Super User Training","54",,,,"Bldg. 6, RM317","True",,,,,,,"2025-12-19T17:35:44Z","2025-12-19T17:35:44Z","Kyle.Coder@va.gov","Kyle.Coder@va.gov","0","0","0",,,,,
"149","Learning Labs","Tenneil Zielaskowski – Bldg. 6, RM317, Desk 11 @ 12/05/2025 12:00 AM","Tenneil.Zielaskowski@va.gov","Bldg. 6, RM317, Desk 11","2025-12-06T04:00:00Z","2025-12-05T05:00:00Z",,,"0","0","Learning Labs","HIS","True","Denise.Patterer@va.gov","Desk",,"2025-12-05T05:00:00Z","Super User Training","54",,,,"Bldg. 6, RM317","True",,,,,,,"2025-12-19T17:35:44Z","2025-12-19T17:35:44Z","Kyle.Coder@va.gov","Kyle.Coder@va.gov","0","0","0",,,,,
"148","Learning Labs","Tenneil Zielaskowski – Bldg. 6, RM317, Desk 10 @ 12/05/2025 12:00 AM","Tenneil.Zielaskowski@va.gov","Bldg. 6, RM317, Desk 10","2025-12-06T04:00:00Z","2025-12-05T05:00:00Z",,,"0","0","Learning Labs","HIS","True","Denise.Patterer@va.gov","Desk",,"2025-12-05T05:00:00Z","Super User Training","54",,,,"Bldg. 6, RM317","True",,,,,,,"2025-12-19T17:35:44Z","2025-12-19T17:35:44Z","Kyle.Coder@va.gov","Kyle.Coder@va.gov","0","0","0",,,,,
"147","Learning Labs","Tenneil Zielaskowski – Bldg. 6, RM317, Desk 9 @ 12/05/2025 12:00 AM","Tenneil.Zielaskowski@va.gov","Bldg. 6, RM317, Desk 9","2025-12-06T04:00:00Z","2025-12-05T05:00:00Z",,,"0","0","Learning Labs","HIS","True","Denise.Patterer@va.gov","Desk",,"2025-12-05T05:00:00Z","Super User Training","54",,,,"Bldg. 6, RM317","True",,,,,,,"2025-12-19T17:35:43Z","2025-12-19T17:35:43Z","Kyle.Coder@va.gov","Kyle.Coder@va.gov","0","0","0",,,,,
"146","Learning Labs","Tenneil Zielaskowski – Bldg. 6, RM317, Desk 8 @ 12/05/2025 12:00 AM","Tenneil.Zielaskowski@va.gov","Bldg. 6, RM317, Desk 8","2025-12-06T04:00:00Z","2025-12-05T05:00:00Z",,,"0","0","Learning Labs","HIS","True","Denise.Patterer@va.gov","Desk",,"2025-12-05T05:00:00Z","Super User Training","54",,,,"Bldg. 6, RM317","True",,,,,,,"2025-12-19T17:35:43Z","2025-12-19T17:35:43Z","Kyle.Coder@va.gov","Kyle.Coder@va.gov","0","0","0",,,,,
"145","Learning Labs","Tenneil Zielaskowski – Bldg. 6, RM317, Desk 7 @ 12/05/2025 12:00 AM","Tenneil.Zielaskowski@va.gov","Bldg. 6, RM317, Desk 7","2025-12-06T04:00:00Z","2025-12-05T05:00:00Z",,,"0","0","Learning Labs","HIS","True","Denise.Patterer@va.gov","Desk",,"2025-12-05T05:00:00Z","Super User Training","54",,,,"Bldg. 6, RM317","True",,,,,,,"2025-12-19T17:35:43Z","2025-12-19T17:35:43Z","Kyle.Coder@va.gov","Kyle.Coder@va.gov","0","0","0",,,,,
"144","Learning Labs","Tenneil Zielaskowski – Bldg. 6, RM317, Desk 6 @ 12/05/2025 12:00 AM","Tenneil.Zielaskowski@va.gov","Bldg. 6, RM317, Desk 6","2025-12-06T04:00:00Z","2025-12-05T05:00:00Z",,,"0","0","Learning Labs","HIS","True","Denise.Patterer@va.gov","Desk",,"2025-12-05T05:00:00Z","Super User Training","54",,,,"Bldg. 6, RM317","True",,,,,,,"2025-12-19T17:35:43Z","2025-12-19T17:35:43Z","Kyle.Coder@va.gov","Kyle.Coder@va.gov","0","0","0",,,,,
"143","Learning Labs","Tenneil Zielaskowski – Bldg. 6, RM317, Desk 9 @ 12/04/2025 12:00 AM","Tenneil.Zielaskowski@va.gov","Bldg. 6, RM317, Desk 9","2025-12-05T04:00:00Z","2025-12-04T05:00:00Z",,,"0","0","Learning Labs","HIS","True","Denise.Patterer@va.gov","Desk",,"2025-12-04T05:00:00Z","Super User Training","53",,,,"Bldg. 6, RM317","True",,,,,,,"2025-12-19T17:35:42Z","2025-12-19T17:35:42Z","Kyle.Coder@va.gov","Kyle.Coder@va.gov","0","0","0",,,,,
"142","Learning Labs","Tenneil Zielaskowski – Bldg. 6, RM317, Desk 8 @ 12/04/2025 12:00 AM","Tenneil.Zielaskowski@va.gov","Bldg. 6, RM317, Desk 8","2025-12-05T04:00:00Z","2025-12-04T05:00:00Z",,,"0","0","Learning Labs","HIS","True","Denise.Patterer@va.gov","Desk",,"2025-12-04T05:00:00Z","Super User Training","53",,,,"Bldg. 6, RM317","True",,,,,,,"2025-12-19T17:35:42Z","2025-12-19T17:35:42Z","Kyle.Coder@va.gov","Kyle.Coder@va.gov","0","0","0",,,,,
"141","Learning Labs","Tenneil Zielaskowski – Bldg. 6, RM317, Desk 7 @ 12/04/2025 12:00 AM","Tenneil.Zielaskowski@va.gov","Bldg. 6, RM317, Desk 7","2025-12-05T04:00:00Z","2025-12-04T05:00:00Z",,,"0","0","Learning Labs","HIS","True","Denise.Patterer@va.gov","Desk",,"2025-12-04T05:00:00Z","Super User Training","53",,,,"Bldg. 6, RM317","True",,,,,,,"2025-12-19T17:35:42Z","2025-12-19T17:35:42Z","Kyle.Coder@va.gov","Kyle.Coder@va.gov","0","0","0",,,,,
"140","Learning Labs","Tenneil Zielaskowski – Bldg. 6, RM317, Desk 6 @ 12/04/2025 12:00 AM","Tenneil.Zielaskowski@va.gov","Bldg. 6, RM317, Desk 6","2025-12-05T04:00:00Z","2025-12-04T05:00:00Z",,,"0","0","Learning Labs","HIS","True","Denise.Patterer@va.gov","Desk",,"2025-12-04T05:00:00Z","Super User Training","53",,,,"Bldg. 6, RM317","True",,,,,,,"2025-12-19T17:35:42Z","2025-12-19T17:35:42Z","Kyle.Coder@va.gov","Kyle.Coder@va.gov","0","0","0",,,,,
"139","Learning Labs","Tenneil Zielaskowski – Bldg. 6, RM317, Desk 5 @ 12/04/2025 12:00 AM","Tenneil.Zielaskowski@va.gov","Bldg. 6, RM317, Desk 5","2025-12-05T04:00:00Z","2025-12-04T05:00:00Z",,,"0","0","Learning Labs","HIS","True","Denise.Patterer@va.gov","Desk",,"2025-12-04T05:00:00Z","Super User Training","53",,,,"Bldg. 6, RM317","True",,,,,,,"2025-12-19T17:35:42Z","2025-12-19T17:35:42Z","Kyle.Coder@va.gov","Kyle.Coder@va.gov","0","0","0",,,,,
"138","Learning Labs","Tenneil Zielaskowski – Bldg. 6, RM317, Desk 4 @ 12/04/2025 12:00 AM","Tenneil.Zielaskowski@va.gov","Bldg. 6, RM317, Desk 4","2025-12-05T04:00:00Z","2025-12-04T05:00:00Z",,,"0","0","Learning Labs","HIS","True","Denise.Patterer@va.gov","Desk",,"2025-12-04T05:00:00Z","Super User Training","53",,,,"Bldg. 6, RM317","True",,,,,,,"2025-12-19T17:35:41Z","2025-12-19T17:35:41Z","Kyle.Coder@va.gov","Kyle.Coder@va.gov","0","0","0",,,,,
"137","Learning Labs","Tenneil Zielaskowski – Bldg. 6, RM317, Desk 3 @ 12/04/2025 12:00 AM","Tenneil.Zielaskowski@va.gov","Bldg. 6, RM317, Desk 3","2025-12-05T04:00:00Z","2025-12-04T05:00:00Z",,,"0","0","Learning Labs","HIS","True","Denise.Patterer@va.gov","Desk",,"2025-12-04T05:00:00Z","Super User Training","53",,,,"Bldg. 6, RM317","True",,,,,,,"2025-12-19T17:35:41Z","2025-12-19T17:35:41Z","Kyle.Coder@va.gov","Kyle.Coder@va.gov","0","0","0",,,,,
"136","Learning Labs","Tenneil Zielaskowski – Bldg. 6, RM317, Desk 2 @ 12/04/2025 12:00 AM","Tenneil.Zielaskowski@va.gov","Bldg. 6, RM317, Desk 2","2025-12-05T04:00:00Z","2025-12-04T05:00:00Z",,,"0","0","Learning Labs","HIS","True","Denise.Patterer@va.gov","Desk",,"2025-12-04T05:00:00Z","Super User Training","53",,,,"Bldg. 6, RM317","True",,,,,,,"2025-12-19T17:35:41Z","2025-12-19T17:35:41Z","Kyle.Coder@va.gov","Kyle.Coder@va.gov","0","0","0",,,,,
"135","Learning Labs","Tenneil Zielaskowski – Bldg. 6, RM317, Desk 16 @ 12/04/2025 12:00 AM","Tenneil.Zielaskowski@va.gov","Bldg. 6, RM317, Desk 16","2025-12-05T04:00:00Z","2025-12-04T05:00:00Z",,,"0","0","Learning Labs","HIS","True","Denise.Patterer@va.gov","Desk",,"2025-12-04T05:00:00Z","Super User Training","53",,,,"Bldg. 6, RM317","True",,,,,,,"2025-12-19T17:35:41Z","2025-12-19T17:35:41Z","Kyle.Coder@va.gov","Kyle.Coder@va.gov","0","0","0",,,,,
"134","Learning Labs","Tenneil Zielaskowski – Bldg. 6, RM317, Desk 15 @ 12/04/2025 12:00 AM","Tenneil.Zielaskowski@va.gov","Bldg. 6, RM317, Desk 15","2025-12-05T04:00:00Z","2025-12-04T05:00:00Z",,,"0","0","Learning Labs","HIS","True","Denise.Patterer@va.gov","Desk",,"2025-12-04T05:00:00Z","Super User Training","53",,,,"Bldg. 6, RM317","True",,,,,,,"2025-12-19T17:35:41Z","2025-12-19T17:35:41Z","Kyle.Coder@va.gov","Kyle.Coder@va.gov","0","0","0",,,,,
"133","Learning Labs","Tenneil Zielaskowski – Bldg. 6, RM317, Desk 14 @ 12/04/2025 12:00 AM","Tenneil.Zielaskowski@va.gov","Bldg. 6, RM317, Desk 14","2025-12-05T04:00:00Z","2025-12-04T05:00:00Z",,,"0","0","Learning Labs","HIS","True","Denise.Patterer@va.gov","Desk",,"2025-12-04T05:00:00Z","Super User Training","53",,,,"Bldg. 6, RM317","True",,,,,,,"2025-12-19T17:35:40Z","2025-12-19T17:35:40Z","Kyle.Coder@va.gov","Kyle.Coder@va.gov","0","0","0",,,,,
"132","Learning Labs","Tenneil Zielaskowski – Bldg. 6, RM317, Desk 13 @ 12/04/2025 12:00 AM","Tenneil.Zielaskowski@va.gov","Bldg. 6, RM317, Desk 13","2025-12-05T04:00:00Z","2025-12-04T05:00:00Z",,,"0","0","Learning Labs","HIS","True","Denise.Patterer@va.gov","Desk",,"2025-12-04T05:00:00Z","Super User Training","53",,,,"Bldg. 6, RM317","True",,,,,,,"2025-12-19T17:35:40Z","2025-12-19T17:35:40Z","Kyle.Coder@va.gov","Kyle.Coder@va.gov","0","0","0",,,,,
"131","Learning Labs","Tenneil Zielaskowski – Bldg. 6, RM317, Desk 12 @ 12/04/2025 12:00 AM","Tenneil.Zielaskowski@va.gov","Bldg. 6, RM317, Desk 12","2025-12-05T04:00:00Z","2025-12-04T05:00:00Z",,,"0","0","Learning Labs","HIS","True","Denise.Patterer@va.gov","Desk",,"2025-12-04T05:00:00Z","Super User Training","53",,,,"Bldg. 6, RM317","True",,,,,,,"2025-12-19T17:35:40Z","2025-12-19T17:35:40Z","Kyle.Coder@va.gov","Kyle.Coder@va.gov","0","0","0",,,,,
"130","Learning Labs","Tenneil Zielaskowski – Bldg. 6, RM317, Desk 11 @ 12/04/2025 12:00 AM","Tenneil.Zielaskowski@va.gov","Bldg. 6, RM317, Desk 11","2025-12-05T04:00:00Z","2025-12-04T05:00:00Z",,,"0","0","Learning Labs","HIS","True","Denise.Patterer@va.gov","Desk",,"2025-12-04T05:00:00Z","Super User Training","53",,,,"Bldg. 6, RM317","True",,,,,,,"2025-12-19T17:35:40Z","2025-12-19T17:35:40Z","Kyle.Coder@va.gov","Kyle.Coder@va.gov","0","0","0",,,,,
"129","Learning Labs","Tenneil Zielaskowski – Bldg. 6, RM317, Desk 10 @ 12/04/2025 12:00 AM","Tenneil.Zielaskowski@va.gov","Bldg. 6, RM317, Desk 10","2025-12-05T04:00:00Z","2025-12-04T05:00:00Z",,,"0","0","Learning Labs","HIS","True","Denise.Patterer@va.gov","Desk",,"2025-12-04T05:00:00Z","Super User Training","53",,,,"Bldg. 6, RM317","True",,,,,,,"2025-12-19T17:35:40Z","2025-12-19T17:35:40Z","Kyle.Coder@va.gov","Kyle.Coder@va.gov","0","0","0",,,,,
"128","Learning Lab","Tenneil Zielaskowski – Bldg. 6, RM317, Desk 6 @ 12/03/2025 12:00 AM","Tenneil.Zielaskowski@va.gov","Bldg. 6, RM317, Desk 6","2025-12-04T04:00:00Z","2025-12-03T05:00:00Z",,,"0","0","Learning Lab","HIS","True","Denise.Patterer@va.gov","Desk",,"2025-12-03T05:00:00Z","Super User Training","52",,,,"Bldg. 6, RM317","True",,,,,,,"2025-12-19T17:35:39Z","2025-12-19T17:35:39Z","Kyle.Coder@va.gov","Kyle.Coder@va.gov","0","0","0",,,,,
"127","Learning Lab","Tenneil Zielaskowski – Bldg. 6, RM317, Desk 5 @ 12/03/2025 12:00 AM","Tenneil.Zielaskowski@va.gov","Bldg. 6, RM317, Desk 5","2025-12-04T04:00:00Z","2025-12-03T05:00:00Z",,,"0","0","Learning Lab","HIS","True","Denise.Patterer@va.gov","Desk",,"2025-12-03T05:00:00Z","Super User Training","52",,,,"Bldg. 6, RM317","True",,,,,,,"2025-12-19T17:35:39Z","2025-12-19T17:35:39Z","Kyle.Coder@va.gov","Kyle.Coder@va.gov","0","0","0",,,,,
"126","Learning Lab","Tenneil Zielaskowski – Bldg. 6, RM317, Desk 4 @ 12/03/2025 12:00 AM","Tenneil.Zielaskowski@va.gov","Bldg. 6, RM317, Desk 4","2025-12-04T04:00:00Z","2025-12-03T05:00:00Z",,,"0","0","Learning Lab","HIS","True","Denise.Patterer@va.gov","Desk",,"2025-12-03T05:00:00Z","Super User Training","52",,,,"Bldg. 6, RM317","True",,,,,,,"2025-12-19T17:35:39Z","2025-12-19T17:35:39Z","Kyle.Coder@va.gov","Kyle.Coder@va.gov","0","0","0",,,,,
"125","Learning Lab","Tenneil Zielaskowski – Bldg. 6, RM317, Desk 3 @ 12/03/2025 12:00 AM","Tenneil.Zielaskowski@va.gov","Bldg. 6, RM317, Desk 3","2025-12-04T04:00:00Z","2025-12-03T05:00:00Z",,,"0","0","Learning Lab","HIS","True","Denise.Patterer@va.gov","Desk",,"2025-12-03T05:00:00Z","Super User Training","52",,,,"Bldg. 6, RM317","True",,,,,,,"2025-12-19T17:35:39Z","2025-12-19T17:35:39Z","Kyle.Coder@va.gov","Kyle.Coder@va.gov","0","0","0",,,,,
"124","Learning Lab","Tenneil Zielaskowski – Bldg. 6, RM317, Desk 2 @ 12/03/2025 12:00 AM","Tenneil.Zielaskowski@va.gov","Bldg. 6, RM317, Desk 2","2025-12-04T04:00:00Z","2025-12-03T05:00:00Z",,,"0","0","Learning Lab","HIS","True","Denise.Patterer@va.gov","Desk",,"2025-12-03T05:00:00Z","Super User Training","52",,,,"Bldg. 6, RM317","True",,,,,,,"2025-12-19T17:35:39Z","2025-12-19T17:35:39Z","Kyle.Coder@va.gov","Kyle.Coder@va.gov","0","0","0",,,,,
"123","Learning Lab","Tenneil Zielaskowski – Bldg. 6, RM317, Desk 16 @ 12/03/2025 12:00 AM","Tenneil.Zielaskowski@va.gov","Bldg. 6, RM317, Desk 16","2025-12-04T04:00:00Z","2025-12-03T05:00:00Z",,,"0","0","Learning Lab","HIS","True","Denise.Patterer@va.gov","Desk",,"2025-12-03T05:00:00Z","Super User Training","52",,,,"Bldg. 6, RM317","True",,,,,,,"2025-12-19T17:35:38Z","2025-12-19T17:35:38Z","Kyle.Coder@va.gov","Kyle.Coder@va.gov","0","0","0",,,,,
"122","Learning Lab","Tenneil Zielaskowski – Bldg. 6, RM317, Desk 15 @ 12/03/2025 12:00 AM","Tenneil.Zielaskowski@va.gov","Bldg. 6, RM317, Desk 15","2025-12-04T04:00:00Z","2025-12-03T05:00:00Z",,,"0","0","Learning Lab","HIS","True","Denise.Patterer@va.gov","Desk",,"2025-12-03T05:00:00Z","Super User Training","52",,,,"Bldg. 6, RM317","True",,,,,,,"2025-12-19T17:35:38Z","2025-12-19T17:35:38Z","Kyle.Coder@va.gov","Kyle.Coder@va.gov","0","0","0",,,,,
"121","Learning Lab","Tenneil Zielaskowski – Bldg. 6, RM317, Desk 14 @ 12/03/2025 12:00 AM","Tenneil.Zielaskowski@va.gov","Bldg. 6, RM317, Desk 14","2025-12-04T04:00:00Z","2025-12-03T05:00:00Z",,,"0","0","Learning Lab","HIS","True","Denise.Patterer@va.gov","Desk",,"2025-12-03T05:00:00Z","Super User Training","52",,,,"Bldg. 6, RM317","True",,,,,,,"2025-12-19T17:35:38Z","2025-12-19T17:35:38Z","Kyle.Coder@va.gov","Kyle.Coder@va.gov","0","0","0",,,,,
"120","Learning Lab","Tenneil Zielaskowski – Bldg. 6, RM317, Desk 13 @ 12/03/2025 12:00 AM","Tenneil.Zielaskowski@va.gov","Bldg. 6, RM317, Desk 13","2025-12-04T04:00:00Z","2025-12-03T05:00:00Z",,,"0","0","Learning Lab","HIS","True","Denise.Patterer@va.gov","Desk",,"2025-12-03T05:00:00Z","Super User Training","52",,,,"Bldg. 6, RM317","True",,,,,,,"2025-12-19T17:35:38Z","2025-12-19T17:35:38Z","Kyle.Coder@va.gov","Kyle.Coder@va.gov","0","0","0",,,,,
"119","Learning Lab","Tenneil Zielaskowski – Bldg. 6, RM317, Desk 12 @ 12/03/2025 12:00 AM","Tenneil.Zielaskowski@va.gov","Bldg. 6, RM317, Desk 12","2025-12-04T04:00:00Z","2025-12-03T05:00:00Z",,,"0","0","Learning Lab","HIS","True","Denise.Patterer@va.gov","Desk",,"2025-12-03T05:00:00Z","Super User Training","52",,,,"Bldg. 6, RM317","True",,,,,,,"2025-12-19T17:35:38Z","2025-12-19T17:35:38Z","Kyle.Coder@va.gov","Kyle.Coder@va.gov","0","0","0",,,,,
"118","Learning Lab","Tenneil Zielaskowski – Bldg. 6, RM317, Desk 11 @ 12/03/2025 12:00 AM","Tenneil.Zielaskowski@va.gov","Bldg. 6, RM317, Desk 11","2025-12-04T04:00:00Z","2025-12-03T05:00:00Z",,,"0","0","Learning Lab","HIS","True","Denise.Patterer@va.gov","Desk",,"2025-12-03T05:00:00Z","Super User Training","52",,,,"Bldg. 6, RM317","True",,,,,,,"2025-12-19T17:35:37Z","2025-12-19T17:35:37Z","Kyle.Coder@va.gov","Kyle.Coder@va.gov","0","0","0",,,,,
"117","Learning Lab","Tenneil Zielaskowski – Bldg. 6, RM317, Desk 10 @ 12/03/2025 12:00 AM","Tenneil.Zielaskowski@va.gov","Bldg. 6, RM317, Desk 10","2025-12-04T04:00:00Z","2025-12-03T05:00:00Z",,,"0","0","Learning Lab","HIS","True","Denise.Patterer@va.gov","Desk",,"2025-12-03T05:00:00Z","Super User Training","52",,,,"Bldg. 6, RM317","True",,,,,,,"2025-12-19T17:35:37Z","2025-12-19T17:35:37Z","Kyle.Coder@va.gov","Kyle.Coder@va.gov","0","0","0",,,,,
"116","Learning Lab","Tenneil Zielaskowski – Bldg. 6, RM317, Desk 9 @ 12/03/2025 12:00 AM","Tenneil.Zielaskowski@va.gov","Bldg. 6, RM317, Desk 9","2025-12-04T04:00:00Z","2025-12-03T05:00:00Z",,,"0","0","Learning Lab","HIS","True","Denise.Patterer@va.gov","Desk",,"2025-12-03T05:00:00Z","Super User Training","52",,,,"Bldg. 6, RM317","True",,,,,,,"2025-12-19T17:35:37Z","2025-12-19T17:35:37Z","Kyle.Coder@va.gov","Kyle.Coder@va.gov","0","0","0",,,,,
"115","Learning Lab","Tenneil Zielaskowski – Bldg. 6, RM317, Desk 8 @ 12/03/2025 12:00 AM","Tenneil.Zielaskowski@va.gov","Bldg. 6, RM317, Desk 8","2025-12-04T04:00:00Z","2025-12-03T05:00:00Z",,,"0","0","Learning Lab","HIS","True","Denise.Patterer@va.gov","Desk",,"2025-12-03T05:00:00Z","Super User Training","52",,,,"Bldg. 6, RM317","True",,,,,,,"2025-12-19T17:35:37Z","2025-12-19T17:35:37Z","Kyle.Coder@va.gov","Kyle.Coder@va.gov","0","0","0",,,,,
"114","Learning Lab","Tenneil Zielaskowski – Bldg. 6, RM317, Desk 7 @ 12/03/2025 12:00 AM","Tenneil.Zielaskowski@va.gov","Bldg. 6, RM317, Desk 7","2025-12-04T04:00:00Z","2025-12-03T05:00:00Z",,,"0","0","Learning Lab","HIS","True","Denise.Patterer@va.gov","Desk",,"2025-12-03T05:00:00Z","Super User Training","52",,,,"Bldg. 6, RM317","True",,,,,,,"2025-12-19T17:35:36Z","2025-12-19T17:35:36Z","Kyle.Coder@va.gov","Kyle.Coder@va.gov","0","0","0",,,,,
"113","Learning Lab","Tenneil Zielaskowski – Bldg. 6, RM317, Desk 6 @ 12/03/2025 12:00 AM","Tenneil.Zielaskowski@va.gov","Bldg. 6, RM317, Desk 6","2025-12-04T04:00:00Z","2025-12-03T05:00:00Z",,,"0","0","Learning Lab","HIS","True","Denise.Patterer@va.gov","Desk",,"2025-12-03T05:00:00Z","Super User Training","52",,,,"Bldg. 6, RM317","True",,,,,,,"2025-12-19T17:35:36Z","2025-12-19T17:35:36Z","Kyle.Coder@va.gov","Kyle.Coder@va.gov","0","0","0",,,,,
"112","Learning Labs","Tenneil Zielaskowski – Bldg. 6, RM317, Desk 9 @ 12/02/2025 12:00 AM","Tenneil.Zielaskowski@va.gov","Bldg. 6, RM317, Desk 9","2025-12-03T04:00:00Z","2025-12-02T05:00:00Z",,,"0","0","Learning Labs","HIS","True","Denise.Patterer@va.gov","Desk",,"2025-12-02T05:00:00Z","Super User Training","51",,,,"Bldg. 6, RM317","True",,,,,,,"2025-12-19T17:35:36Z","2025-12-19T17:35:36Z","Kyle.Coder@va.gov","Kyle.Coder@va.gov","0","0","0",,,,,
"111","Learning Labs","Tenneil Zielaskowski – Bldg. 6, RM317, Desk 8 @ 12/02/2025 12:00 AM","Tenneil.Zielaskowski@va.gov","Bldg. 6, RM317, Desk 8","2025-12-03T04:00:00Z","2025-12-02T05:00:00Z",,,"0","0","Learning Labs","HIS","True","Denise.Patterer@va.gov","Desk",,"2025-12-02T05:00:00Z","Super User Training","51",,,,"Bldg. 6, RM317","True",,,,,,,"2025-12-19T17:35:36Z","2025-12-19T17:35:36Z","Kyle.Coder@va.gov","Kyle.Coder@va.gov","0","0","0",,,,,
"110","Learning Labs","Tenneil Zielaskowski – Bldg. 6, RM317, Desk 7 @ 12/02/2025 12:00 AM","Tenneil.Zielaskowski@va.gov","Bldg. 6, RM317, Desk 7","2025-12-03T04:00:00Z","2025-12-02T05:00:00Z",,,"0","0","Learning Labs","HIS","True","Denise.Patterer@va.gov","Desk",,"2025-12-02T05:00:00Z","Super User Training","51",,,,"Bldg. 6, RM317","True",,,,,,,"2025-12-19T17:35:36Z","2025-12-19T17:35:36Z","Kyle.Coder@va.gov","Kyle.Coder@va.gov","0","0","0",,,,,
"109","Learning Labs","Tenneil Zielaskowski – Bldg. 6, RM317, Desk 6 @ 12/02/2025 12:00 AM","Tenneil.Zielaskowski@va.gov","Bldg. 6, RM317, Desk 6","2025-12-03T04:00:00Z","2025-12-02T05:00:00Z",,,"0","0","Learning Labs","HIS","True","Denise.Patterer@va.gov","Desk",,"2025-12-02T05:00:00Z","Super User Training","51",,,,"Bldg. 6, RM317","True",,,,,,,"2025-12-19T17:35:35Z","2025-12-19T17:35:35Z","Kyle.Coder@va.gov","Kyle.Coder@va.gov","0","0","0",,,,,
"108","Learning Labs","Tenneil Zielaskowski – Bldg. 6, RM317, Desk 5 @ 12/02/2025 12:00 AM","Tenneil.Zielaskowski@va.gov","Bldg. 6, RM317, Desk 5","2025-12-03T04:00:00Z","2025-12-02T05:00:00Z",,,"0","0","Learning Labs","HIS","True","Denise.Patterer@va.gov","Desk",,"2025-12-02T05:00:00Z","Super User Training","51",,,,"Bldg. 6, RM317","True",,,,,,,"2025-12-19T17:35:35Z","2025-12-19T17:35:35Z","Kyle.Coder@va.gov","Kyle.Coder@va.gov","0","0","0",,,,,
"107","Learning Labs","Tenneil Zielaskowski – Bldg. 6, RM317, Desk 4 @ 12/02/2025 12:00 AM","Tenneil.Zielaskowski@va.gov","Bldg. 6, RM317, Desk 4","2025-12-03T04:00:00Z","2025-12-02T05:00:00Z",,,"0","0","Learning Labs","HIS","True","Denise.Patterer@va.gov","Desk",,"2025-12-02T05:00:00Z","Super User Training","51",,,,"Bldg. 6, RM317","True",,,,,,,"2025-12-19T17:35:35Z","2025-12-19T17:35:35Z","Kyle.Coder@va.gov","Kyle.Coder@va.gov","0","0","0",,,,,
"106","Learning Labs","Tenneil Zielaskowski – Bldg. 6, RM317, Desk 3 @ 12/02/2025 12:00 AM","Tenneil.Zielaskowski@va.gov","Bldg. 6, RM317, Desk 3","2025-12-03T04:00:00Z","2025-12-02T05:00:00Z",,,"0","0","Learning Labs","HIS","True","Denise.Patterer@va.gov","Desk",,"2025-12-02T05:00:00Z","Super User Training","51",,,,"Bldg. 6, RM317","True",,,,,,,"2025-12-19T17:35:35Z","2025-12-19T17:35:35Z","Kyle.Coder@va.gov","Kyle.Coder@va.gov","0","0","0",,,,,
"105","Learning Labs","Tenneil Zielaskowski – Bldg. 6, RM317, Desk 2 @ 12/02/2025 12:00 AM","Tenneil.Zielaskowski@va.gov","Bldg. 6, RM317, Desk 2","2025-12-03T04:00:00Z","2025-12-02T05:00:00Z",,,"0","0","Learning Labs","HIS","True","Denise.Patterer@va.gov","Desk",,"2025-12-02T05:00:00Z","Super User Training","51",,,,"Bldg. 6, RM317","True",,,,,,,"2025-12-19T17:35:35Z","2025-12-19T17:35:35Z","Kyle.Coder@va.gov","Kyle.Coder@va.gov","0","0","0",,,,,
"104","Learning Labs","Tenneil Zielaskowski – Bldg. 6, RM317, Desk 16 @ 12/02/2025 12:00 AM","Tenneil.Zielaskowski@va.gov","Bldg. 6, RM317, Desk 16","2025-12-03T04:00:00Z","2025-12-02T05:00:00Z",,,"0","0","Learning Labs","HIS","True","Denise.Patterer@va.gov","Desk",,"2025-12-02T05:00:00Z","Super User Training","51",,,,"Bldg. 6, RM317","True",,,,,,,"2025-12-19T17:35:34Z","2025-12-19T17:35:34Z","Kyle.Coder@va.gov","Kyle.Coder@va.gov","0","0","0",,,,,
"103","Learning Labs","Tenneil Zielaskowski – Bldg. 6, RM317, Desk 15 @ 12/02/2025 12:00 AM","Tenneil.Zielaskowski@va.gov","Bldg. 6, RM317, Desk 15","2025-12-03T04:00:00Z","2025-12-02T05:00:00Z",,,"0","0","Learning Labs","HIS","True","Denise.Patterer@va.gov","Desk",,"2025-12-02T05:00:00Z","Super User Training","51",,,,"Bldg. 6, RM317","True",,,,,,,"2025-12-19T17:35:34Z","2025-12-19T17:35:34Z","Kyle.Coder@va.gov","Kyle.Coder@va.gov","0","0","0",,,,,
"102","Learning Labs","Tenneil Zielaskowski – Bldg. 6, RM317, Desk 14 @ 12/02/2025 12:00 AM","Tenneil.Zielaskowski@va.gov","Bldg. 6, RM317, Desk 14","2025-12-03T04:00:00Z","2025-12-02T05:00:00Z",,,"0","0","Learning Labs","HIS","True","Denise.Patterer@va.gov","Desk",,"2025-12-02T05:00:00Z","Super User Training","51",,,,"Bldg. 6, RM317","True",,,,,,,"2025-12-19T17:35:34Z","2025-12-19T17:35:34Z","Kyle.Coder@va.gov","Kyle.Coder@va.gov","0","0","0",,,,,
"101","Learning Labs","Tenneil Zielaskowski – Bldg. 6, RM317, Desk 13 @ 12/02/2025 12:00 AM","Tenneil.Zielaskowski@va.gov","Bldg. 6, RM317, Desk 13","2025-12-03T04:00:00Z","2025-12-02T05:00:00Z",,,"0","0","Learning Labs","HIS","True","Denise.Patterer@va.gov","Desk",,"2025-12-02T05:00:00Z","Super User Training","51",,,,"Bldg. 6, RM317","True",,,,,,,"2025-12-19T17:35:34Z","2025-12-19T17:35:34Z","Kyle.Coder@va.gov","Kyle.Coder@va.gov","0","0","0",,,,,
"100","Learning Labs","Tenneil Zielaskowski – Bldg. 6, RM317, Desk 12 @ 12/02/2025 12:00 AM","Tenneil.Zielaskowski@va.gov","Bldg. 6, RM317, Desk 12","2025-12-03T04:00:00Z","2025-12-02T05:00:00Z",,,"0","0","Learning Labs","HIS","True","Denise.Patterer@va.gov","Desk",,"2025-12-02T05:00:00Z","Super User Training","51",,,,"Bldg. 6, RM317","True",,,,,,,"2025-12-19T17:35:32Z","2025-12-19T17:35:32Z","Kyle.Coder@va.gov","Kyle.Coder@va.gov","0","0","0",,,,,
"99","Learning Labs","Tenneil Zielaskowski – Bldg. 6, RM317, Desk 11 @ 12/02/2025 12:00 AM","Tenneil.Zielaskowski@va.gov","Bldg. 6, RM317, Desk 11","2025-12-03T04:00:00Z","2025-12-02T05:00:00Z",,,"0","0","Learning Labs","HIS","True","Denise.Patterer@va.gov","Desk",,"2025-12-02T05:00:00Z","Super User Training","51",,,,"Bldg. 6, RM317","True",,,,,,,"2025-12-19T17:35:32Z","2025-12-19T17:35:32Z","Kyle.Coder@va.gov","Kyle.Coder@va.gov","0","0","0",,,,,
"98","Learning Labs","Tenneil Zielaskowski – Bldg. 6, RM317, Desk 10 @ 12/02/2025 12:00 AM","Tenneil.Zielaskowski@va.gov","Bldg. 6, RM317, Desk 10","2025-12-03T04:00:00Z","2025-12-02T05:00:00Z",,,"0","0","Learning Labs","HIS","True","Denise.Patterer@va.gov","Desk",,"2025-12-02T05:00:00Z","Super User Training","51",,,,"Bldg. 6, RM317","True",,,,,,,"2025-12-19T17:35:32Z","2025-12-19T17:35:32Z","Kyle.Coder@va.gov","Kyle.Coder@va.gov","0","0","0",,,,,
"97","Learning Labs","Tenneil Zielaskowski – Bldg. 6, RM317, Desk 6 @ 12/02/2025 12:00 AM","Tenneil.Zielaskowski@va.gov","Bldg. 6, RM317, Desk 6","2025-12-03T04:00:00Z","2025-12-02T05:00:00Z",,,"0","0","Learning Labs","HIS","True","Denise.Patterer@va.gov","Desk",,"2025-12-02T05:00:00Z","Super User Training","51",,,,"Bldg. 6, RM317","True",,,,,,,"2025-12-19T17:35:32Z","2025-12-19T17:35:32Z","Kyle.Coder@va.gov","Kyle.Coder@va.gov","0","0","0",,,,,
"96","Learning Labs","Tenneil Zielaskowski – Bldg. 6, RM317, Desk 9 @ 12/01/2025 12:00 AM","Tenneil.Zielaskowski@va.gov","Bldg. 6, RM317, Desk 9","2025-12-02T04:00:00Z","2025-12-01T05:00:00Z",,,"0","0","Learning Labs","HIS","True","Denise.Patterer@va.gov","Desk",,"2025-12-01T05:00:00Z","Super User Training","50",,,,"Bldg. 6, RM317","True",,,,,,,"2025-12-19T17:35:31Z","2025-12-19T17:35:31Z","Kyle.Coder@va.gov","Kyle.Coder@va.gov","0","0","0",,,,,
"95","Learning Labs","Tenneil Zielaskowski – Bldg. 6, RM317, Desk 8 @ 12/01/2025 12:00 AM","Tenneil.Zielaskowski@va.gov","Bldg. 6, RM317, Desk 8","2025-12-02T04:00:00Z","2025-12-01T05:00:00Z",,,"0","0","Learning Labs","HIS","True","Denise.Patterer@va.gov","Desk",,"2025-12-01T05:00:00Z","Super User Training","50",,,,"Bldg. 6, RM317","True",,,,,,,"2025-12-19T17:35:31Z","2025-12-19T17:35:31Z","Kyle.Coder@va.gov","Kyle.Coder@va.gov","0","0","0",,,,,
"94","Learning Labs","Tenneil Zielaskowski – Bldg. 6, RM317, Desk 7 @ 12/01/2025 12:00 AM","Tenneil.Zielaskowski@va.gov","Bldg. 6, RM317, Desk 7","2025-12-02T04:00:00Z","2025-12-01T05:00:00Z",,,"0","0","Learning Labs","HIS","True","Denise.Patterer@va.gov","Desk",,"2025-12-01T05:00:00Z","Super User Training","50",,,,"Bldg. 6, RM317","True",,,,,,,"2025-12-19T17:35:31Z","2025-12-19T17:35:31Z","Kyle.Coder@va.gov","Kyle.Coder@va.gov","0","0","0",,,,,
"93","Learning Labs","Tenneil Zielaskowski – Bldg. 6, RM317, Desk 6 @ 12/01/2025 12:00 AM","Tenneil.Zielaskowski@va.gov","Bldg. 6, RM317, Desk 6","2025-12-02T04:00:00Z","2025-12-01T05:00:00Z",,,"0","0","Learning Labs","HIS","True","Denise.Patterer@va.gov","Desk",,"2025-12-01T05:00:00Z","Super User Training","50",,,,"Bldg. 6, RM317","True",,,,,,,"2025-12-19T17:35:31Z","2025-12-19T17:35:31Z","Kyle.Coder@va.gov","Kyle.Coder@va.gov","0","0","0",,,,,
"92","Learning Labs","Tenneil Zielaskowski – Bldg. 6, RM317, Desk 5 @ 12/01/2025 12:00 AM","Tenneil.Zielaskowski@va.gov","Bldg. 6, RM317, Desk 5","2025-12-02T04:00:00Z","2025-12-01T05:00:00Z",,,"0","0","Learning Labs","HIS","True","Denise.Patterer@va.gov","Desk",,"2025-12-01T05:00:00Z","Super User Training","50",,,,"Bldg. 6, RM317","True",,,,,,,"2025-12-19T17:35:31Z","2025-12-19T17:35:31Z","Kyle.Coder@va.gov","Kyle.Coder@va.gov","0","0","0",,,,,
"91","Learning Labs","Tenneil Zielaskowski – Bldg. 6, RM317, Desk 4 @ 12/01/2025 12:00 AM","Tenneil.Zielaskowski@va.gov","Bldg. 6, RM317, Desk 4","2025-12-02T04:00:00Z","2025-12-01T05:00:00Z",,,"0","0","Learning Labs","HIS","True","Denise.Patterer@va.gov","Desk",,"2025-12-01T05:00:00Z","Super User Training","50",,,,"Bldg. 6, RM317","True",,,,,,,"2025-12-19T17:35:30Z","2025-12-19T17:35:30Z","Kyle.Coder@va.gov","Kyle.Coder@va.gov","0","0","0",,,,,
"90","Learning Labs","Tenneil Zielaskowski – Bldg. 6, RM317, Desk 3 @ 12/01/2025 12:00 AM","Tenneil.Zielaskowski@va.gov","Bldg. 6, RM317, Desk 3","2025-12-02T04:00:00Z","2025-12-01T05:00:00Z",,,"0","0","Learning Labs","HIS","True","Denise.Patterer@va.gov","Desk",,"2025-12-01T05:00:00Z","Super User Training","50",,,,"Bldg. 6, RM317","True",,,,,,,"2025-12-19T17:35:30Z","2025-12-19T17:35:30Z","Kyle.Coder@va.gov","Kyle.Coder@va.gov","0","0","0",,,,,
"89","Learning Labs","Tenneil Zielaskowski – Bldg. 6, RM317, Desk 2 @ 12/01/2025 12:00 AM","Tenneil.Zielaskowski@va.gov","Bldg. 6, RM317, Desk 2","2025-12-02T04:00:00Z","2025-12-01T05:00:00Z",,,"0","0","Learning Labs","HIS","True","Denise.Patterer@va.gov","Desk",,"2025-12-01T05:00:00Z","Super User Training","50",,,,"Bldg. 6, RM317","True",,,,,,,"2025-12-19T17:35:30Z","2025-12-19T17:35:30Z","Kyle.Coder@va.gov","Kyle.Coder@va.gov","0","0","0",,,,,
"88","Learning Labs","Tenneil Zielaskowski – Bldg. 6, RM317, Desk 16 @ 12/01/2025 12:00 AM","Tenneil.Zielaskowski@va.gov","Bldg. 6, RM317, Desk 16","2025-12-02T04:00:00Z","2025-12-01T05:00:00Z",,,"0","0","Learning Labs","HIS","True","Denise.Patterer@va.gov","Desk",,"2025-12-01T05:00:00Z","Super User Training","50",,,,"Bldg. 6, RM317","True",,,,,,,"2025-12-19T17:35:30Z","2025-12-19T17:35:30Z","Kyle.Coder@va.gov","Kyle.Coder@va.gov","0","0","0",,,,,
"87","Learning Labs","Tenneil Zielaskowski – Bldg. 6, RM317, Desk 15 @ 12/01/2025 12:00 AM","Tenneil.Zielaskowski@va.gov","Bldg. 6, RM317, Desk 15","2025-12-02T04:00:00Z","2025-12-01T05:00:00Z",,,"0","0","Learning Labs","HIS","True","Denise.Patterer@va.gov","Desk",,"2025-12-01T05:00:00Z","Super User Training","50",,,,"Bldg. 6, RM317","True",,,,,,,"2025-12-19T17:35:30Z","2025-12-19T17:35:30Z","Kyle.Coder@va.gov","Kyle.Coder@va.gov","0","0","0",,,,,
"86","Learning Labs","Tenneil Zielaskowski – Bldg. 6, RM317, Desk 14 @ 12/01/2025 12:00 AM","Tenneil.Zielaskowski@va.gov","Bldg. 6, RM317, Desk 14","2025-12-02T04:00:00Z","2025-12-01T05:00:00Z",,,"0","0","Learning Labs","HIS","True","Denise.Patterer@va.gov","Desk",,"2025-12-01T05:00:00Z","Super User Training","50",,,,"Bldg. 6, RM317","True",,,,,,,"2025-12-19T17:35:29Z","2025-12-19T17:35:29Z","Kyle.Coder@va.gov","Kyle.Coder@va.gov","0","0","0",,,,,
"85","Learning Labs","Tenneil Zielaskowski – Bldg. 6, RM317, Desk 13 @ 12/01/2025 12:00 AM","Tenneil.Zielaskowski@va.gov","Bldg. 6, RM317, Desk 13","2025-12-02T04:00:00Z","2025-12-01T05:00:00Z",,,"0","0","Learning Labs","HIS","True","Denise.Patterer@va.gov","Desk",,"2025-12-01T05:00:00Z","Super User Training","50",,,,"Bldg. 6, RM317","True",,,,,,,"2025-12-19T17:35:29Z","2025-12-19T17:35:29Z","Kyle.Coder@va.gov","Kyle.Coder@va.gov","0","0","0",,,,,
"84","Learning Labs","Tenneil Zielaskowski – Bldg. 6, RM317, Desk 12 @ 12/01/2025 12:00 AM","Tenneil.Zielaskowski@va.gov","Bldg. 6, RM317, Desk 12","2025-12-02T04:00:00Z","2025-12-01T05:00:00Z",,,"0","0","Learning Labs","HIS","True","Denise.Patterer@va.gov","Desk",,"2025-12-01T05:00:00Z","Super User Training","50",,,,"Bldg. 6, RM317","True",,,,,,,"2025-12-19T17:35:29Z","2025-12-19T17:35:29Z","Kyle.Coder@va.gov","Kyle.Coder@va.gov","0","0","0",,,,,
"83","Learning Labs","Tenneil Zielaskowski – Bldg. 6, RM317, Desk 11 @ 12/01/2025 12:00 AM","Tenneil.Zielaskowski@va.gov","Bldg. 6, RM317, Desk 11","2025-12-02T04:00:00Z","2025-12-01T05:00:00Z",,,"0","0","Learning Labs","HIS","True","Denise.Patterer@va.gov","Desk",,"2025-12-01T05:00:00Z","Super User Training","50",,,,"Bldg. 6, RM317","True",,,,,,,"2025-12-19T17:35:29Z","2025-12-19T17:35:29Z","Kyle.Coder@va.gov","Kyle.Coder@va.gov","0","0","0",,,,,
"82","Learning Labs","Tenneil Zielaskowski – Bldg. 6, RM317, Desk 10 @ 12/01/2025 12:00 AM","Tenneil.Zielaskowski@va.gov","Bldg. 6, RM317, Desk 10","2025-12-02T04:00:00Z","2025-12-01T05:00:00Z",,,"0","0","Learning Labs","HIS","True","Denise.Patterer@va.gov","Desk",,"2025-12-01T05:00:00Z","Super User Training","50",,,,"Bldg. 6, RM317","True",,,,,,,"2025-12-19T17:35:29Z","2025-12-19T17:35:29Z","Kyle.Coder@va.gov","Kyle.Coder@va.gov","0","0","0",,,,,
"81","Learning Labs","Tenneil Zielaskowski – Bldg. 6, RM317, Desk 9 @ 11/20/2025 12:00 AM","Tenneil.Zielaskowski@va.gov","Bldg. 6, RM317, Desk 9","2025-11-21T04:00:00Z","2025-11-20T05:00:00Z",,,"0","0","Learning Labs","HIS","True","Denise.Patterer@va.gov","Desk",,"2025-11-20T05:00:00Z","Super User Training","49",,,,"Bldg. 6, RM317","True",,,,,,,"2025-12-19T17:35:28Z","2025-12-19T17:35:28Z","Kyle.Coder@va.gov","Kyle.Coder@va.gov","0","0","0",,,,,
"80","Learning Labs","Tenneil Zielaskowski – Bldg. 6, RM317, Desk 8 @ 11/20/2025 12:00 AM","Tenneil.Zielaskowski@va.gov","Bldg. 6, RM317, Desk 8","2025-11-21T04:00:00Z","2025-11-20T05:00:00Z",,,"0","0","Learning Labs","HIS","True","Denise.Patterer@va.gov","Desk",,"2025-11-20T05:00:00Z","Super User Training","49",,,,"Bldg. 6, RM317","True",,,,,,,"2025-12-19T17:35:28Z","2025-12-19T17:35:28Z","Kyle.Coder@va.gov","Kyle.Coder@va.gov","0","0","0",,,,,
"79","Learning Labs","Tenneil Zielaskowski – Bldg. 6, RM317, Desk 7 @ 11/20/2025 12:00 AM","Tenneil.Zielaskowski@va.gov","Bldg. 6, RM317, Desk 7","2025-11-21T04:00:00Z","2025-11-20T05:00:00Z",,,"0","0","Learning Labs","HIS","True","Denise.Patterer@va.gov","Desk",,"2025-11-20T05:00:00Z","Super User Training","49",,,,"Bldg. 6, RM317","True",,,,,,,"2025-12-19T17:35:28Z","2025-12-19T17:35:28Z","Kyle.Coder@va.gov","Kyle.Coder@va.gov","0","0","0",,,,,
"78","Learning Labs","Tenneil Zielaskowski – Bldg. 6, RM317, Desk 6 @ 11/20/2025 12:00 AM","Tenneil.Zielaskowski@va.gov","Bldg. 6, RM317, Desk 6","2025-11-21T04:00:00Z","2025-11-20T05:00:00Z",,,"0","0","Learning Labs","HIS","True","Denise.Patterer@va.gov","Desk",,"2025-11-20T05:00:00Z","Super User Training","49",,,,"Bldg. 6, RM317","True",,,,,,,"2025-12-19T17:35:28Z","2025-12-19T17:35:28Z","Kyle.Coder@va.gov","Kyle.Coder@va.gov","0","0","0",,,,,
"77","Learning Labs","Tenneil Zielaskowski – Bldg. 6, RM317, Desk 5 @ 11/20/2025 12:00 AM","Tenneil.Zielaskowski@va.gov","Bldg. 6, RM317, Desk 5","2025-11-21T04:00:00Z","2025-11-20T05:00:00Z",,,"0","0","Learning Labs","HIS","True","Denise.Patterer@va.gov","Desk",,"2025-11-20T05:00:00Z","Super User Training","49",,,,"Bldg. 6, RM317","True",,,,,,,"2025-12-19T17:35:27Z","2025-12-19T17:35:27Z","Kyle.Coder@va.gov","Kyle.Coder@va.gov","0","0","0",,,,,
"76","Learning Labs","Tenneil Zielaskowski – Bldg. 6, RM317, Desk 4 @ 11/20/2025 12:00 AM","Tenneil.Zielaskowski@va.gov","Bldg. 6, RM317, Desk 4","2025-11-21T04:00:00Z","2025-11-20T05:00:00Z",,,"0","0","Learning Labs","HIS","True","Denise.Patterer@va.gov","Desk",,"2025-11-20T05:00:00Z","Super User Training","49",,,,"Bldg. 6, RM317","True",,,,,,,"2025-12-19T17:35:27Z","2025-12-19T17:35:27Z","Kyle.Coder@va.gov","Kyle.Coder@va.gov","0","0","0",,,,,
"75","Learning Labs","Tenneil Zielaskowski – Bldg. 6, RM317, Desk 3 @ 11/20/2025 12:00 AM","Tenneil.Zielaskowski@va.gov","Bldg. 6, RM317, Desk 3","2025-11-21T04:00:00Z","2025-11-20T05:00:00Z",,,"0","0","Learning Labs","HIS","True","Denise.Patterer@va.gov","Desk",,"2025-11-20T05:00:00Z","Super User Training","49",,,,"Bldg. 6, RM317","True",,,,,,,"2025-12-19T17:35:27Z","2025-12-19T17:35:27Z","Kyle.Coder@va.gov","Kyle.Coder@va.gov","0","0","0",,,,,
"74","Learning Labs","Tenneil Zielaskowski – Bldg. 6, RM317, Desk 2 @ 11/20/2025 12:00 AM","Tenneil.Zielaskowski@va.gov","Bldg. 6, RM317, Desk 2","2025-11-21T04:00:00Z","2025-11-20T05:00:00Z",,,"0","0","Learning Labs","HIS","True","Denise.Patterer@va.gov","Desk",,"2025-11-20T05:00:00Z","Super User Training","49",,,,"Bldg. 6, RM317","True",,,,,,,"2025-12-19T17:35:27Z","2025-12-19T17:35:27Z","Kyle.Coder@va.gov","Kyle.Coder@va.gov","0","0","0",,,,,
"73","Learning Labs","Tenneil Zielaskowski – Bldg. 6, RM317, Desk 16 @ 11/20/2025 12:00 AM","Tenneil.Zielaskowski@va.gov","Bldg. 6, RM317, Desk 16","2025-11-21T04:00:00Z","2025-11-20T05:00:00Z",,,"0","0","Learning Labs","HIS","True","Denise.Patterer@va.gov","Desk",,"2025-11-20T05:00:00Z","Super User Training","49",,,,"Bldg. 6, RM317","True",,,,,,,"2025-12-19T17:35:26Z","2025-12-19T17:35:26Z","Kyle.Coder@va.gov","Kyle.Coder@va.gov","0","0","0",,,,,
"72","Learning Labs","Tenneil Zielaskowski – Bldg. 6, RM317, Desk 15 @ 11/20/2025 12:00 AM","Tenneil.Zielaskowski@va.gov","Bldg. 6, RM317, Desk 15","2025-11-21T04:00:00Z","2025-11-20T05:00:00Z",,,"0","0","Learning Labs","HIS","True","Denise.Patterer@va.gov","Desk",,"2025-11-20T05:00:00Z","Super User Training","49",,,,"Bldg. 6, RM317","True",,,,,,,"2025-12-19T17:35:26Z","2025-12-19T17:35:26Z","Kyle.Coder@va.gov","Kyle.Coder@va.gov","0","0","0",,,,,
"71","Learning Labs","Tenneil Zielaskowski – Bldg. 6, RM317, Desk 14 @ 11/20/2025 12:00 AM","Tenneil.Zielaskowski@va.gov","Bldg. 6, RM317, Desk 14","2025-11-21T04:00:00Z","2025-11-20T05:00:00Z",,,"0","0","Learning Labs","HIS","True","Denise.Patterer@va.gov","Desk",,"2025-11-20T05:00:00Z","Super User Training","49",,,,"Bldg. 6, RM317","True",,,,,,,"2025-12-19T17:35:26Z","2025-12-19T17:35:26Z","Kyle.Coder@va.gov","Kyle.Coder@va.gov","0","0","0",,,,,
"70","Learning Labs","Tenneil Zielaskowski – Bldg. 6, RM317, Desk 13 @ 11/20/2025 12:00 AM","Tenneil.Zielaskowski@va.gov","Bldg. 6, RM317, Desk 13","2025-11-21T04:00:00Z","2025-11-20T05:00:00Z",,,"0","0","Learning Labs","HIS","True","Denise.Patterer@va.gov","Desk",,"2025-11-20T05:00:00Z","Super User Training","49",,,,"Bldg. 6, RM317","True",,,,,,,"2025-12-19T17:35:26Z","2025-12-19T17:35:26Z","Kyle.Coder@va.gov","Kyle.Coder@va.gov","0","0","0",,,,,
"69","Learning Labs","Tenneil Zielaskowski – Bldg. 6, RM317, Desk 12 @ 11/20/2025 12:00 AM","Tenneil.Zielaskowski@va.gov","Bldg. 6, RM317, Desk 12","2025-11-21T04:00:00Z","2025-11-20T05:00:00Z",,,"0","0","Learning Labs","HIS","True","Denise.Patterer@va.gov","Desk",,"2025-11-20T05:00:00Z","Super User Training","49",,,,"Bldg. 6, RM317","True",,,,,,,"2025-12-19T17:35:26Z","2025-12-19T17:35:26Z","Kyle.Coder@va.gov","Kyle.Coder@va.gov","0","0","0",,,,,
"68","Learning Labs","Tenneil Zielaskowski – Bldg. 6, RM317, Desk 11 @ 11/20/2025 12:00 AM","Tenneil.Zielaskowski@va.gov","Bldg. 6, RM317, Desk 11","2025-11-21T04:00:00Z","2025-11-20T05:00:00Z",,,"0","0","Learning Labs","HIS","True","Denise.Patterer@va.gov","Desk",,"2025-11-20T05:00:00Z","Super User Training","49",,,,"Bldg. 6, RM317","True",,,,,,,"2025-12-19T17:35:25Z","2025-12-19T17:35:25Z","Kyle.Coder@va.gov","Kyle.Coder@va.gov","0","0","0",,,,,
"67","Learning Labs","Tenneil Zielaskowski – Bldg. 6, RM317, Desk 10 @ 11/20/2025 12:00 AM","Tenneil.Zielaskowski@va.gov","Bldg. 6, RM317, Desk 10","2025-11-21T04:00:00Z","2025-11-20T05:00:00Z",,,"0","0","Learning Labs","HIS","True","Denise.Patterer@va.gov","Desk",,"2025-11-20T05:00:00Z","Super User Training","49",,,,"Bldg. 6, RM317","True",,,,,,,"2025-12-19T17:35:25Z","2025-12-19T17:35:25Z","Kyle.Coder@va.gov","Kyle.Coder@va.gov","0","0","0",,,,,
"66","Learning Labs","Tenneil Zielaskowski – Bldg. 6, RM317, Desk 9 @ 11/19/2025 12:00 AM","Tenneil.Zielaskowski@va.gov","Bldg. 6, RM317, Desk 9","2025-11-20T04:00:00Z","2025-11-19T05:00:00Z",,,"0","0","Learning Labs","HIS","True","Denise.Patterer@va.gov","Desk",,"2025-11-19T05:00:00Z","Super User Training","48",,,,"Bldg. 6, RM317","True",,,,,,,"2025-12-19T17:35:25Z","2025-12-19T17:35:25Z","Kyle.Coder@va.gov","Kyle.Coder@va.gov","0","0","0",,,,,
"65","Learning Labs","Tenneil Zielaskowski – Bldg. 6, RM317, Desk 8 @ 11/19/2025 12:00 AM","Tenneil.Zielaskowski@va.gov","Bldg. 6, RM317, Desk 8","2025-11-20T04:00:00Z","2025-11-19T05:00:00Z",,,"0","0","Learning Labs","HIS","True","Denise.Patterer@va.gov","Desk",,"2025-11-19T05:00:00Z","Super User Training","48",,,,"Bldg. 6, RM317","True",,,,,,,"2025-12-19T17:35:25Z","2025-12-19T17:35:25Z","Kyle.Coder@va.gov","Kyle.Coder@va.gov","0","0","0",,,,,
"64","Learning Labs","Tenneil Zielaskowski – Bldg. 6, RM317, Desk 7 @ 11/19/2025 12:00 AM","Tenneil.Zielaskowski@va.gov","Bldg. 6, RM317, Desk 7","2025-11-20T04:00:00Z","2025-11-19T05:00:00Z",,,"0","0","Learning Labs","HIS","True","Denise.Patterer@va.gov","Desk",,"2025-11-19T05:00:00Z","Super User Training","48",,,,"Bldg. 6, RM317","True",,,,,,,"2025-12-19T17:35:25Z","2025-12-19T17:35:25Z","Kyle.Coder@va.gov","Kyle.Coder@va.gov","0","0","0",,,,,
"63","Learning Labs","Tenneil Zielaskowski – Bldg. 6, RM317, Desk 6 @ 11/19/2025 12:00 AM","Tenneil.Zielaskowski@va.gov","Bldg. 6, RM317, Desk 6","2025-11-20T04:00:00Z","2025-11-19T05:00:00Z",,,"0","0","Learning Labs","HIS","True","Denise.Patterer@va.gov","Desk",,"2025-11-19T05:00:00Z","Super User Training","48",,,,"Bldg. 6, RM317","True",,,,,,,"2025-12-19T17:35:24Z","2025-12-19T17:35:24Z","Kyle.Coder@va.gov","Kyle.Coder@va.gov","0","0","0",,,,,
"62","Learning Labs","Tenneil Zielaskowski – Bldg. 6, RM317, Desk 5 @ 11/19/2025 12:00 AM","Tenneil.Zielaskowski@va.gov","Bldg. 6, RM317, Desk 5","2025-11-20T04:00:00Z","2025-11-19T05:00:00Z",,,"0","0","Learning Labs","HIS","True","Denise.Patterer@va.gov","Desk",,"2025-11-19T05:00:00Z","Super User Training","48",,,,"Bldg. 6, RM317","True",,,,,,,"2025-12-19T17:35:24Z","2025-12-19T17:35:24Z","Kyle.Coder@va.gov","Kyle.Coder@va.gov","0","0","0",,,,,
"61","Learning Labs","Tenneil Zielaskowski – Bldg. 6, RM317, Desk 4 @ 11/19/2025 12:00 AM","Tenneil.Zielaskowski@va.gov","Bldg. 6, RM317, Desk 4","2025-11-20T04:00:00Z","2025-11-19T05:00:00Z",,,"0","0","Learning Labs","HIS","True","Denise.Patterer@va.gov","Desk",,"2025-11-19T05:00:00Z","Super User Training","48",,,,"Bldg. 6, RM317","True",,,,,,,"2025-12-19T17:35:24Z","2025-12-19T17:35:24Z","Kyle.Coder@va.gov","Kyle.Coder@va.gov","0","0","0",,,,,
"60","Learning Labs","Tenneil Zielaskowski – Bldg. 6, RM317, Desk 3 @ 11/19/2025 12:00 AM","Tenneil.Zielaskowski@va.gov","Bldg. 6, RM317, Desk 3","2025-11-20T04:00:00Z","2025-11-19T05:00:00Z",,,"0","0","Learning Labs","HIS","True","Denise.Patterer@va.gov","Desk",,"2025-11-19T05:00:00Z","Super User Training","48",,,,"Bldg. 6, RM317","True",,,,,,,"2025-12-19T17:35:24Z","2025-12-19T17:35:24Z","Kyle.Coder@va.gov","Kyle.Coder@va.gov","0","0","0",,,,,
"59","Learning Labs","Tenneil Zielaskowski – Bldg. 6, RM317, Desk 2 @ 11/19/2025 12:00 AM","Tenneil.Zielaskowski@va.gov","Bldg. 6, RM317, Desk 2","2025-11-20T04:00:00Z","2025-11-19T05:00:00Z",,,"0","0","Learning Labs","HIS","True","Denise.Patterer@va.gov","Desk",,"2025-11-19T05:00:00Z","Super User Training","48",,,,"Bldg. 6, RM317","True",,,,,,,"2025-12-19T17:35:24Z","2025-12-19T17:35:24Z","Kyle.Coder@va.gov","Kyle.Coder@va.gov","0","0","0",,,,,
"58","Learning Labs","Tenneil Zielaskowski – Bldg. 6, RM317, Desk 16 @ 11/19/2025 12:00 AM","Tenneil.Zielaskowski@va.gov","Bldg. 6, RM317, Desk 16","2025-11-20T04:00:00Z","2025-11-19T05:00:00Z",,,"0","0","Learning Labs","HIS","True","Denise.Patterer@va.gov","Desk",,"2025-11-19T05:00:00Z","Super User Training","48",,,,"Bldg. 6, RM317","True",,,,,,,"2025-12-19T17:35:23Z","2025-12-19T17:35:23Z","Kyle.Coder@va.gov","Kyle.Coder@va.gov","0","0","0",,,,,
"57","Learning Labs","Tenneil Zielaskowski – Bldg. 6, RM317, Desk 15 @ 11/19/2025 12:00 AM","Tenneil.Zielaskowski@va.gov","Bldg. 6, RM317, Desk 15","2025-11-20T04:00:00Z","2025-11-19T05:00:00Z",,,"0","0","Learning Labs","HIS","True","Denise.Patterer@va.gov","Desk",,"2025-11-19T05:00:00Z","Super User Training","48",,,,"Bldg. 6, RM317","True",,,,,,,"2025-12-19T17:35:23Z","2025-12-19T17:35:23Z","Kyle.Coder@va.gov","Kyle.Coder@va.gov","0","0","0",,,,,
"56","Learning Labs","Tenneil Zielaskowski – Bldg. 6, RM317, Desk 14 @ 11/19/2025 12:00 AM","Tenneil.Zielaskowski@va.gov","Bldg. 6, RM317, Desk 14","2025-11-20T04:00:00Z","2025-11-19T05:00:00Z",,,"0","0","Learning Labs","HIS","True","Denise.Patterer@va.gov","Desk",,"2025-11-19T05:00:00Z","Super User Training","48",,,,"Bldg. 6, RM317","True",,,,,,,"2025-12-19T17:35:23Z","2025-12-19T17:35:23Z","Kyle.Coder@va.gov","Kyle.Coder@va.gov","0","0","0",,,,,
"55","Learning Labs","Tenneil Zielaskowski – Bldg. 6, RM317, Desk 13 @ 11/19/2025 12:00 AM","Tenneil.Zielaskowski@va.gov","Bldg. 6, RM317, Desk 13","2025-11-20T04:00:00Z","2025-11-19T05:00:00Z",,,"0","0","Learning Labs","HIS","True","Denise.Patterer@va.gov","Desk",,"2025-11-19T05:00:00Z","Super User Training","48",,,,"Bldg. 6, RM317","True",,,,,,,"2025-12-19T17:35:23Z","2025-12-19T17:35:23Z","Kyle.Coder@va.gov","Kyle.Coder@va.gov","0","0","0",,,,,
"54","Learning Labs","Tenneil Zielaskowski – Bldg. 6, RM317, Desk 12 @ 11/19/2025 12:00 AM","Tenneil.Zielaskowski@va.gov","Bldg. 6, RM317, Desk 12","2025-11-20T04:00:00Z","2025-11-19T05:00:00Z",,,"0","0","Learning Labs","HIS","True","Denise.Patterer@va.gov","Desk",,"2025-11-19T05:00:00Z","Super User Training","48",,,,"Bldg. 6, RM317","True",,,,,,,"2025-12-19T17:35:23Z","2025-12-19T17:35:23Z","Kyle.Coder@va.gov","Kyle.Coder@va.gov","0","0","0",,,,,
"53","Learning Labs","Tenneil Zielaskowski – Bldg. 6, RM317, Desk 11 @ 11/19/2025 12:00 AM","Tenneil.Zielaskowski@va.gov","Bldg. 6, RM317, Desk 11","2025-11-20T04:00:00Z","2025-11-19T05:00:00Z",,,"0","0","Learning Labs","HIS","True","Denise.Patterer@va.gov","Desk",,"2025-11-19T05:00:00Z","Super User Training","48",,,,"Bldg. 6, RM317","True",,,,,,,"2025-12-19T17:35:22Z","2025-12-19T17:35:22Z","Kyle.Coder@va.gov","Kyle.Coder@va.gov","0","0","0",,,,,
"52","Learning Labs","Tenneil Zielaskowski – Bldg. 6, RM317, Desk 10 @ 11/19/2025 12:00 AM","Tenneil.Zielaskowski@va.gov","Bldg. 6, RM317, Desk 10","2025-11-20T04:00:00Z","2025-11-19T05:00:00Z",,,"0","0","Learning Labs","HIS","True","Denise.Patterer@va.gov","Desk",,"2025-11-19T05:00:00Z","Super User Training","48",,,,"Bldg. 6, RM317","True",,,,,,,"2025-12-19T17:35:22Z","2025-12-19T17:35:22Z","Kyle.Coder@va.gov","Kyle.Coder@va.gov","0","0","0",,,,,
"51","learning labs","Denise Patterer – Bldg. 6, RM317, Desk 13 @ 11/18/2025 12:00 AM","Denise.Patterer@va.gov","Bldg. 6, RM317, Desk 13","2025-11-19T04:00:00Z","2025-11-18T05:00:00Z",,,"0","0","learning labs","his","True","Aaron.Cain1@va.gov","Desk",,"2025-11-18T05:00:00Z","Super User Training","47",,,,"Bldg. 6, RM317","True",,,,,,,"2025-12-19T17:35:22Z","2025-12-19T17:35:22Z","Kyle.Coder@va.gov","Kyle.Coder@va.gov","0","0","0",,,,,
"50","learning labs","Denise Patterer – Bldg. 6, RM317, Desk 14 @ 11/18/2025 12:00 AM","Denise.Patterer@va.gov","Bldg. 6, RM317, Desk 14","2025-11-19T04:00:00Z","2025-11-18T05:00:00Z",,,"0","0","learning labs","his","True","Aaron.Cain1@va.gov","Desk",,"2025-11-18T05:00:00Z","Super User Training","47",,,,"Bldg. 6, RM317","True",,,,,,,"2025-12-19T17:35:22Z","2025-12-19T17:35:22Z","Kyle.Coder@va.gov","Kyle.Coder@va.gov","0","0","0",,,,,
"49","learning labs","Denise Patterer – Bldg. 6, RM317, Desk 15 @ 11/18/2025 12:00 AM","Denise.Patterer@va.gov","Bldg. 6, RM317, Desk 15","2025-11-19T04:00:00Z","2025-11-18T05:00:00Z",,,"0","0","learning labs","his","True","Aaron.Cain1@va.gov","Desk",,"2025-11-18T05:00:00Z","Super User Training","47",,,,"Bldg. 6, RM317","True",,,,,,,"2025-12-19T17:35:21Z","2025-12-19T17:35:21Z","Kyle.Coder@va.gov","Kyle.Coder@va.gov","0","0","0",,,,,
"48","learning labs","Denise Patterer – Bldg. 6, RM317, Desk 16 @ 11/18/2025 12:00 AM","Denise.Patterer@va.gov","Bldg. 6, RM317, Desk 16","2025-11-19T04:00:00Z","2025-11-18T05:00:00Z",,,"0","0","learning labs","his","True","Aaron.Cain1@va.gov","Desk",,"2025-11-18T05:00:00Z","Super User Training","47",,,,"Bldg. 6, RM317","True",,,,,,,"2025-12-19T17:35:21Z","2025-12-19T17:35:21Z","Kyle.Coder@va.gov","Kyle.Coder@va.gov","0","0","0",,,,,
"47","learning labs","Denise Patterer – Bldg. 6, RM317, Desk 2 @ 11/18/2025 12:00 AM","Denise.Patterer@va.gov","Bldg. 6, RM317, Desk 2","2025-11-19T04:00:00Z","2025-11-18T05:00:00Z",,,"0","0","learning labs","his","True","Aaron.Cain1@va.gov","Desk",,"2025-11-18T05:00:00Z","Super User Training","47",,,,"Bldg. 6, RM317","True",,,,,,,"2025-12-19T17:35:21Z","2025-12-19T17:35:21Z","Kyle.Coder@va.gov","Kyle.Coder@va.gov","0","0","0",,,,,
"46","learning labs","Denise Patterer – Bldg. 6, RM317, Desk 3 @ 11/18/2025 12:00 AM","Denise.Patterer@va.gov","Bldg. 6, RM317, Desk 3","2025-11-19T04:00:00Z","2025-11-18T05:00:00Z",,,"0","0","learning labs","his","True","Aaron.Cain1@va.gov","Desk",,"2025-11-18T05:00:00Z","Super User Training","47",,,,"Bldg. 6, RM317","True",,,,,,,"2025-12-19T17:35:21Z","2025-12-19T17:35:21Z","Kyle.Coder@va.gov","Kyle.Coder@va.gov","0","0","0",,,,,
"45","learning labs","Denise Patterer – Bldg. 6, RM317, Desk 4 @ 11/18/2025 12:00 AM","Denise.Patterer@va.gov","Bldg. 6, RM317, Desk 4","2025-11-19T04:00:00Z","2025-11-18T05:00:00Z",,,"0","0","learning labs","his","True","Aaron.Cain1@va.gov","Desk",,"2025-11-18T05:00:00Z","Super User Training","47",,,,"Bldg. 6, RM317","True",,,,,,,"2025-12-19T17:35:21Z","2025-12-19T17:35:21Z","Kyle.Coder@va.gov","Kyle.Coder@va.gov","0","0","0",,,,,
"44","learning labs","Denise Patterer – Bldg. 6, RM317, Desk 5 @ 11/18/2025 12:00 AM","Denise.Patterer@va.gov","Bldg. 6, RM317, Desk 5","2025-11-19T04:00:00Z","2025-11-18T05:00:00Z",,,"0","0","learning labs","his","True","Aaron.Cain1@va.gov","Desk",,"2025-11-18T05:00:00Z","Super User Training","47",,,,"Bldg. 6, RM317","True",,,,,,,"2025-12-19T17:35:20Z","2025-12-19T17:35:20Z","Kyle.Coder@va.gov","Kyle.Coder@va.gov","0","0","0",,,,,
"43","learning labs","Denise Patterer – Bldg. 6, RM317, Desk 6 @ 11/18/2025 12:00 AM","Denise.Patterer@va.gov","Bldg. 6, RM317, Desk 6","2025-11-19T04:00:00Z","2025-11-18T05:00:00Z",,,"0","0","learning labs","his","True","Aaron.Cain1@va.gov","Desk",,"2025-11-18T05:00:00Z","Super User Training","47",,,,"Bldg. 6, RM317","True",,,,,,,"2025-12-19T17:35:20Z","2025-12-19T17:35:20Z","Kyle.Coder@va.gov","Kyle.Coder@va.gov","0","0","0",,,,,
"42","learning labs","Denise Patterer – Bldg. 6, RM317, Desk 7 @ 11/18/2025 12:00 AM","Denise.Patterer@va.gov","Bldg. 6, RM317, Desk 7","2025-11-19T04:00:00Z","2025-11-18T05:00:00Z",,,"0","0","learning labs","his","True","Aaron.Cain1@va.gov","Desk",,"2025-11-18T05:00:00Z","Super User Training","47",,,,"Bldg. 6, RM317","True",,,,,,,"2025-12-19T17:35:20Z","2025-12-19T17:35:20Z","Kyle.Coder@va.gov","Kyle.Coder@va.gov","0","0","0",,,,,
"41","learning labs","Denise Patterer – Bldg. 6, RM317, Desk 8 @ 11/18/2025 12:00 AM","Denise.Patterer@va.gov","Bldg. 6, RM317, Desk 8","2025-11-19T04:00:00Z","2025-11-18T05:00:00Z",,,"0","0","learning labs","his","True","Aaron.Cain1@va.gov","Desk",,"2025-11-18T05:00:00Z","Super User Training","47",,,,"Bldg. 6, RM317","True",,,,,,,"2025-12-19T17:35:20Z","2025-12-19T17:35:20Z","Kyle.Coder@va.gov","Kyle.Coder@va.gov","0","0","0",,,,,
"40","learning labs","Denise Patterer – Bldg. 6, RM317, Desk 9 @ 11/18/2025 12:00 AM","Denise.Patterer@va.gov","Bldg. 6, RM317, Desk 9","2025-11-19T04:00:00Z","2025-11-18T05:00:00Z",,,"0","0","learning labs","his","True","Aaron.Cain1@va.gov","Desk",,"2025-11-18T05:00:00Z","Super User Training","47",,,,"Bldg. 6, RM317","True",,,,,,,"2025-12-19T17:35:19Z","2025-12-19T17:35:19Z","Kyle.Coder@va.gov","Kyle.Coder@va.gov","0","0","0",,,,,
"39","Learning Labs","Denise Patterer – Bldg. 6, RM317, Desk 10 @ 11/18/2025 12:00 AM","Denise.Patterer@va.gov","Bldg. 6, RM317, Desk 10","2025-11-19T04:00:00Z","2025-11-18T05:00:00Z",,,"0","0","Learning Labs","HIS","True","Aaron.Cain1@va.gov","Desk",,"2025-11-18T05:00:00Z","Super User Training","46",,,,"Bldg. 6, RM317","True",,,,,,,"2025-12-19T17:35:19Z","2025-12-19T17:35:19Z","Kyle.Coder@va.gov","Kyle.Coder@va.gov","0","0","0",,,,,
"38","Learning Labs","Denise Patterer – Bldg. 6, RM317, Desk 11 @ 11/18/2025 12:00 AM","Denise.Patterer@va.gov","Bldg. 6, RM317, Desk 11","2025-11-19T04:00:00Z","2025-11-18T05:00:00Z",,,"0","0","Learning Labs","HIS","True","Aaron.Cain1@va.gov","Desk",,"2025-11-18T05:00:00Z","Super User Training","46",,,,"Bldg. 6, RM317","True",,,,,,,"2025-12-19T17:35:19Z","2025-12-19T17:35:19Z","Kyle.Coder@va.gov","Kyle.Coder@va.gov","0","0","0",,,,,
"37","Learning Labs","Denise Patterer – Bldg. 6, RM317, Desk 12 @ 11/18/2025 12:00 AM","Denise.Patterer@va.gov","Bldg. 6, RM317, Desk 12","2025-11-19T04:00:00Z","2025-11-18T05:00:00Z",,,"0","0","Learning Labs","HIS","True","Aaron.Cain1@va.gov","Desk",,"2025-11-18T05:00:00Z","Super User Training","46",,,,"Bldg. 6, RM317","True",,,,,,,"2025-12-19T17:35:19Z","2025-12-19T17:35:19Z","Kyle.Coder@va.gov","Kyle.Coder@va.gov","0","0","0",,,,,
"36","Learning Labs","Denise Patterer – Bldg. 6, RM317, Desk 11 @ 11/18/2025 12:00 AM","Denise.Patterer@va.gov","Bldg. 6, RM317, Desk 11","2025-11-19T04:00:00Z","2025-11-18T05:00:00Z",,,"0","0","Learning Labs","HIS","True","Aaron.Cain1@va.gov","Desk",,"2025-11-18T05:00:00Z","Super User Training","46",,,,"Bldg. 6, RM317","True",,,,,,,"2025-12-19T17:35:19Z","2025-12-19T17:35:19Z","Kyle.Coder@va.gov","Kyle.Coder@va.gov","0","0","0",,,,,
"35","Learning Labs","Denise Patterer – Bldg. 6, RM317, Desk 10 @ 11/18/2025 12:00 AM","Denise.Patterer@va.gov","Bldg. 6, RM317, Desk 10","2025-11-19T04:00:00Z","2025-11-18T05:00:00Z",,,"0","0","Learning Labs","HIS","True","Aaron.Cain1@va.gov","Desk",,"2025-11-18T05:00:00Z","Super User Training","46",,,,"Bldg. 6, RM317","True",,,,,,,"2025-12-19T17:35:19Z","2025-12-19T17:35:19Z","Kyle.Coder@va.gov","Kyle.Coder@va.gov","0","0","0",,,,,
"34","Learning Labs","Denise Patterer – Bldg. 6, RM317, Desk 11 @ 11/18/2025 12:00 AM","Denise.Patterer@va.gov","Bldg. 6, RM317, Desk 11","2025-11-19T04:00:00Z","2025-11-18T05:00:00Z",,,"0","0","Learning Labs","HIS","True","Aaron.Cain1@va.gov","Desk",,"2025-11-18T05:00:00Z","Super User Training","46",,,,"Bldg. 6, RM317","True",,,,,,,"2025-12-19T17:35:18Z","2025-12-19T17:35:18Z","Kyle.Coder@va.gov","Kyle.Coder@va.gov","0","0","0",,,,,
"33","Learning Labs","Denise Patterer – Bldg. 6, RM317, Desk 10 @ 11/18/2025 12:00 AM","Denise.Patterer@va.gov","Bldg. 6, RM317, Desk 10","2025-11-19T04:00:00Z","2025-11-18T05:00:00Z",,,"0","0","Learning Labs","HIS","True","Aaron.Cain1@va.gov","Desk",,"2025-11-18T05:00:00Z","Super User Training","46",,,,"Bldg. 6, RM317","True",,,,,,,"2025-12-19T17:35:18Z","2025-12-19T17:35:18Z","Kyle.Coder@va.gov","Kyle.Coder@va.gov","0","0","0",,,,,
"32",,"Gretchen Kohsmann – Bldg. 2, RM1317, Desk 9 @ 11/04/2025 08:00 AM","Gretchen.Kohsmann@va.gov","Bldg. 2, RM1317, Desk 9","2025-11-04T22:00:00Z","2025-11-04T13:00:00Z",,,"0","0",,"ic uc","True","Lisa.Wood3@va.gov","Desk",,"2025-11-04T05:00:00Z","Super User Training","45",,,,"Bldg. 2, RM1317","True",,,,,,,"2025-12-19T17:35:18Z","2025-12-19T17:35:18Z","Kyle.Coder@va.gov","Kyle.Coder@va.gov","0","0","0",,,,,
"31",,"Devon Clark – Bldg. 6, RM317, Desk 13 @ 11/13/2025 08:00 AM","Devon.Clark@va.gov","Bldg. 6, RM317, Desk 13","2025-11-13T17:00:00Z","2025-11-13T13:00:00Z",,,"0","0",,"Social Work Service","True","Kirsten.Dzialo@va.gov","Desk",,"2025-11-13T05:00:00Z","Super User Training","42",,,,"Bldg. 6, RM317","True",,,,,,,"2025-12-19T17:35:17Z","2025-12-19T17:35:17Z","Kyle.Coder@va.gov","Kyle.Coder@va.gov","0","0","0",,,,,
"30",,"Jamila Smith – Bldg. 9, RM124, Desk 9 @ 11/12/2025 01:00 PM","Jamila.Smith@va.gov","Bldg. 9, RM124, Desk 9","2025-11-12T22:00:00Z","2025-11-12T18:00:00Z",,,"0","0",,"CLC","True","John.Mccash@va.gov","Desk",,"2025-11-12T05:00:00Z","Super User Training","41",,,,"Bldg. 9, RM124","True",,,,,,,"2025-12-19T17:35:17Z","2025-12-19T17:35:17Z","Kyle.Coder@va.gov","Kyle.Coder@va.gov","0","0","0",,,,,
"29",,"Alyssa Sagataw – Bldg. 2, RM1417, Desk 8 @ 11/07/2025 01:00 PM","Alyssa.Sagataw@va.gov","Bldg. 2, RM1417, Desk 8","2025-11-07T20:00:00Z","2025-11-07T18:00:00Z",,,"0","0",,"Ancillary - Laboratory","True","Sara.Echenique@va.gov","Desk",,"2025-11-07T05:00:00Z","Super User Training","40",,,,"Bldg. 2, RM1417","True",,,,,,,"2025-12-19T17:35:17Z","2025-12-19T17:35:17Z","Kyle.Coder@va.gov","Kyle.Coder@va.gov","0","0","0",,,,,
"28",,"Alyssa Sagataw – Bldg. 2, RM1417, Desk 8 @ 11/04/2025 08:00 AM","Alyssa.Sagataw@va.gov","Bldg. 2, RM1417, Desk 8","2025-11-04T22:00:00Z","2025-11-04T13:00:00Z",,,"0","0",,"Ancillary - Laboratory","True","Sara.Echenique@va.gov","Desk",,"2025-11-04T05:00:00Z","Super User Training","39",,,,"Bldg. 2, RM1417","True",,,,,,,"2025-12-19T17:35:17Z","2025-12-19T17:35:17Z","Kyle.Coder@va.gov","Kyle.Coder@va.gov","0","0","0",,,,,
"27",,"Michael Laird – Bldg. 6, RM317, Desk 5 @ 11/03/2025 08:00 AM","Michael.Laird@va.gov","Bldg. 6, RM317, Desk 5","2025-11-03T17:00:00Z","2025-11-03T13:00:00Z",,,"0","0",,"Social Work Service","True","Cedrix.Walker@va.gov","Desk",,"2025-11-03T05:00:00Z","Super User Training","37",,,,"Bldg. 6, RM317","True",,,,,,,"2025-12-19T17:35:16Z","2025-12-19T17:35:16Z","Kyle.Coder@va.gov","Kyle.Coder@va.gov","0","0","0",,,,,
"26",,"Frederick Sharpe – Wyoming CBOC, RM1M103, Desk 1 @ 11/05/2025 08:00 AM","Frederick.Sharpe@va.gov","Wyoming CBOC, RM1M103, Desk 1","2025-11-05T17:00:00Z","2025-11-05T13:00:00Z",,,"0","0",,"BOS AMSA","True","Hillary.Wegmeyer@va.gov","Desk",,"2025-11-05T05:00:00Z","Super User Training","32",,,,"Wyoming CBOC, RM1M103","True",,,,,,,"2025-12-19T17:35:16Z","2025-12-19T17:35:16Z","Kyle.Coder@va.gov","Kyle.Coder@va.gov","0","0","0",,,,,
"25",,"Waqas Akhtar – Bldg. 6, RM317, Desk 1  @ 11/13/2025 08:00 AM","Waqas.Akhtar@va.gov","Bldg. 6, RM317, Desk 1 ","2025-11-13T22:00:00Z","2025-11-13T13:00:00Z",,,"0","0",,"Pharmacy","True","Aaron.Drake2@va.gov","Desk",,"2025-11-13T05:00:00Z","Super User Training","28",,,,"Bldg. 6, RM317 ","True",,,,,,,"2025-12-19T17:35:16Z","2025-12-19T17:35:16Z","Kyle.Coder@va.gov","Kyle.Coder@va.gov","0","0","0",,,,,
"24",,"Waqas Akhtar – Bldg. 6, RM317, Desk 1  @ 11/12/2025 08:00 AM","Waqas.Akhtar@va.gov","Bldg. 6, RM317, Desk 1 ","2025-11-12T22:00:00Z","2025-11-12T13:00:00Z",,,"0","0",,"Pharmacy","True","Aaron.Drake2@va.gov","Desk",,"2025-11-12T05:00:00Z","Super User Training","27",,,,"Bldg. 6, RM317 ","True",,,,,,,"2025-12-19T17:35:16Z","2025-12-19T17:35:16Z","Kyle.Coder@va.gov","Kyle.Coder@va.gov","0","0","0",,,,,
"23",,"Alexandria Hamaker – Bldg. 2, RM1317, Desk 6 @ 11/14/2025 08:00 AM","Alexandria.Hamaker@va.gov","Bldg. 2, RM1317, Desk 6","2025-11-14T15:00:00Z","2025-11-14T13:00:00Z",,,"0","0",,"Ancillary","True","Miriam.Price@va.gov","Desk",,"2025-11-14T05:00:00Z","Super User Training","25",,,,"Bldg. 2, RM1317","True",,,,,,,"2025-12-19T17:35:15Z","2025-12-19T17:35:15Z","Kyle.Coder@va.gov","Kyle.Coder@va.gov","0","0","0",,,,,
"22",,"Keith Ferguson – Bldg. 2, RM1317, Desk 1  @ 11/05/2025 07:00 AM","Keith.Ferguson@va.gov","Bldg. 2, RM1317, Desk 1 ","2025-11-05T21:00:00Z","2025-11-05T12:00:00Z",,,"0","0",,"specialty","True","Cindy.Bos@va.gov","Desk",,"2025-11-05T05:00:00Z","Super User Training","23",,,,"Bldg. 2, RM1317","True",,,,,,,"2025-12-19T17:35:15Z","2025-12-19T17:35:15Z","Kyle.Coder@va.gov","Kyle.Coder@va.gov","0","0","0",,,,,
"21","Two screens if possible please","Leah Dekock – Wyoming CBOC, RM1M103, Desk 9 @ 11/07/2025 08:00 AM","Leah.Dekock@va.gov","Wyoming CBOC, RM1M103, Desk 9","2025-11-07T15:00:00Z","2025-11-07T13:00:00Z",,,"0","0","Two screens if possible please","BOS","True","Amber.Frandsen@va.gov","Desk",,"2025-11-07T05:00:00Z","Super User Training","22",,,,"Wyoming CBOC, RM1M103","True",,,,,,,"2025-12-19T17:35:15Z","2025-12-19T17:35:15Z","Kyle.Coder@va.gov","Kyle.Coder@va.gov","0","0","0",,,,,
"20","Two screens if possible please","Leah Dekock – Wyoming CBOC, RM1M103, Desk 9 @ 11/06/2025 08:00 AM","Leah.Dekock@va.gov","Wyoming CBOC, RM1M103, Desk 9","2025-11-06T17:00:00Z","2025-11-06T13:00:00Z",,,"0","0","Two screens if possible please","BOS","True","Amber.Frandsen@va.gov","Desk",,"2025-11-06T05:00:00Z","Super User Training","20",,,,"Wyoming CBOC, RM1M103","True",,,,,,,"2025-12-19T17:35:15Z","2025-12-19T17:35:15Z","Kyle.Coder@va.gov","Kyle.Coder@va.gov","0","0","0",,,,,
"19",,"Sasha Diehl – Bldg. 2, RM1417, Desk 9 @ 11/04/2025 08:00 AM","Sasha.Diehl@va.gov","Bldg. 2, RM1417, Desk 9","2025-11-04T22:00:00Z","2025-11-04T13:00:00Z",,,"0","0",,"Lab VILT Class 300","True","Nathan.Dedeaux@va.gov","Desk",,"2025-11-04T05:00:00Z","Super User Training","19",,,,"Bldg. 2, RM1417","True",,,,,,,"2025-12-19T17:35:14Z","2025-12-19T17:35:14Z","Kyle.Coder@va.gov","Kyle.Coder@va.gov","0","0","0",,,,,
"18",,"Alexandria Hamaker – Bldg. 2, RM1317, Desk 6 @ 11/03/2025 08:00 AM","Alexandria.Hamaker@va.gov","Bldg. 2, RM1317, Desk 6","2025-11-03T22:00:00Z","2025-11-03T13:00:00Z",,,"0","0",,"Ancillary","True","Miriam.Price@va.gov","Desk",,"2025-11-03T05:00:00Z","Super User Training","18",,,,"Bldg. 2, RM1317","True",,,,,,,"2025-12-19T17:35:14Z","2025-12-19T17:35:14Z","Kyle.Coder@va.gov","Kyle.Coder@va.gov","0","0","0",,,,,
"17",,"Melissa Atwood – Wyoming CBOC, RM1M103, Desk 12 @ 11/07/2025 08:00 AM","Melissa.Atwood2@va.gov","Wyoming CBOC, RM1M103, Desk 12","2025-11-07T15:00:00Z","2025-11-07T13:00:00Z",,,"0","0",,"BOS","True","Matthew.Haring@va.gov","Desk",,"2025-11-07T05:00:00Z","Super User Training","16",,,,"Wyoming CBOC, RM1M103","True",,,,,,,"2025-12-19T17:35:14Z","2025-12-19T17:35:14Z","Kyle.Coder@va.gov","Kyle.Coder@va.gov","0","0","0",,,,,
"16",,"Amber Lopez – Wyoming CBOC, RM1M103, Desk 11 @ 11/07/2025 08:00 AM","Amber.Lopez5@va.gov","Wyoming CBOC, RM1M103, Desk 11","2025-11-07T15:00:00Z","2025-11-07T13:00:00Z",,,"0","0",,"BOS","True","Matthew.Haring@va.gov","Desk",,"2025-11-07T05:00:00Z","Super User Training","16",,,,"Wyoming CBOC, RM1M103","True",,,,,,,"2025-12-19T17:35:14Z","2025-12-19T17:35:14Z","Kyle.Coder@va.gov","Kyle.Coder@va.gov","0","0","0",,,,,
"15",,"Melissa Atwood – Wyoming CBOC, RM1M103, Desk 12 @ 11/05/2025 08:00 AM","Melissa.Atwood2@va.gov","Wyoming CBOC, RM1M103, Desk 12","2025-11-05T17:00:00Z","2025-11-05T13:00:00Z",,,"0","0",,"BOS","True","Matthew.Haring@va.gov","Desk",,"2025-11-05T05:00:00Z","Super User Training","15",,,,"Wyoming CBOC, RM1M103","True",,,,,,,"2025-12-19T17:35:14Z","2025-12-19T17:35:14Z","Kyle.Coder@va.gov","Kyle.Coder@va.gov","0","0","0",,,,,
"14",,"Amber Lopez – Wyoming CBOC, RM1M103, Desk 11 @ 11/05/2025 08:00 AM","Amber.Lopez5@va.gov","Wyoming CBOC, RM1M103, Desk 11","2025-11-05T17:00:00Z","2025-11-05T13:00:00Z",,,"0","0",,"BOS","True","Matthew.Haring@va.gov","Desk",,"2025-11-05T05:00:00Z","Super User Training","14",,,,"Wyoming CBOC, RM1M103","True",,,,,,,"2025-12-19T17:35:13Z","2025-12-19T17:35:13Z","Kyle.Coder@va.gov","Kyle.Coder@va.gov","0","0","0",,,,,
"13",,"Amy Vanderlugt – Wyoming CBOC, RM1M103, Desk 9 @ 11/13/2025 01:00 PM","Amy.Vanderlugt@va.gov","Wyoming CBOC, RM1M103, Desk 9","2025-11-13T20:00:00Z","2025-11-13T18:00:00Z",,,"0","0",,"dental","True","Christopher.Casto@va.gov","Desk",,"2025-11-13T05:00:00Z","Super User Training","13",,,,"Wyoming CBOC, RM1M103","True",,,,,,,"2025-12-19T17:35:13Z","2025-12-19T17:35:13Z","Kyle.Coder@va.gov","Kyle.Coder@va.gov","0","0","0",,,,,
"12",,"Amy Vanderlugt – Wyoming CBOC, RM1M103, Desk 9 @ 11/12/2025 08:00 AM","Amy.Vanderlugt@va.gov","Wyoming CBOC, RM1M103, Desk 9","2025-11-12T20:00:00Z","2025-11-12T13:00:00Z",,,"0","0",,"Dental","True","Christopher.Casto@va.gov","Desk",,"2025-11-12T05:00:00Z","Super User Training","12",,,,"Wyoming CBOC, RM1M103","True",,,,,,,"2025-12-19T17:35:13Z","2025-12-19T17:35:13Z","Kyle.Coder@va.gov","Kyle.Coder@va.gov","0","0","0",,,,,
"11",,"Joel Welch – Bldg. 9, RM124, Desk 2 @ 11/06/2025 01:00 PM","Joel.Welch@va.gov","Bldg. 9, RM124, Desk 2","2025-11-06T20:00:00Z","2025-11-06T18:00:00Z",,,"0","0",,"83-1","True","John.Mccash@va.gov","Desk",,"2025-11-06T05:00:00Z","Super User Training","11",,,,"Bldg. 9, RM124","True",,,,,,,"2025-12-19T17:35:13Z","2025-12-19T17:35:13Z","Kyle.Coder@va.gov","Kyle.Coder@va.gov","0","0","0",,,,,
"10",,"Joel Welch – Bldg. 9, RM124, Desk 1  @ 11/04/2025 12:00 AM","Joel.Welch@va.gov","Bldg. 9, RM124, Desk 1 ","2025-11-04T08:00:00Z","2025-11-04T05:00:00Z",,,"0","0",,"83-1","True","John.Mccash@va.gov","Desk",,"2025-11-04T05:00:00Z","Super User Training","10",,,,"Bldg. 9, RM124","True",,,,,,,"2025-12-19T17:35:13Z","2025-12-19T17:35:13Z","Kyle.Coder@va.gov","Kyle.Coder@va.gov","0","0","0",,,,,
"9",,"Joel Welch – Bldg. 9, RM124, Desk 1  @ 11/03/2025 06:00 PM","Joel.Welch@va.gov","Bldg. 9, RM124, Desk 1 ","2025-11-04T04:00:00Z","2025-11-03T23:00:00Z",,,"0","0",,"83-1","True","John.Mccash@va.gov","Desk",,"2025-11-03T05:00:00Z","Super User Training","9",,,,"Bldg. 9, RM124","True",,,,,,,"2025-12-19T17:35:12Z","2025-12-19T17:35:12Z","Kyle.Coder@va.gov","Kyle.Coder@va.gov","0","0","0",,,,,
"8",,"Brandy Smith – Bldg. 9, RM124, Desk 12 @ 11/12/2025 01:00 PM","Brandy.Smith3@va.gov","Bldg. 9, RM124, Desk 12","2025-11-12T22:00:00Z","2025-11-12T18:00:00Z",,,"0","0",,"83-1","True","John.Mccash@va.gov","Desk",,"2025-11-12T05:00:00Z","Super User Training","8",,,,"Bldg. 9, RM124","True",,,,,,,"2025-12-19T17:35:12Z","2025-12-19T17:35:12Z","Kyle.Coder@va.gov","Kyle.Coder@va.gov","0","0","0",,,,,
"7",,"Brandy Smith – Bldg. 9, RM124, Desk 12 @ 11/14/2025 10:00 AM","Brandy.Smith3@va.gov","Bldg. 9, RM124, Desk 12","2025-11-14T17:00:00Z","2025-11-14T15:00:00Z",,,"0","0",,"83-1","True","John.Mccash@va.gov","Desk",,"2025-11-14T05:00:00Z","Super User Training","7",,,,"Bldg. 9, RM124","True",,,,,,,"2025-12-19T17:35:12Z","2025-12-19T17:35:12Z","Kyle.Coder@va.gov","Kyle.Coder@va.gov","0","0","0",,,,,
"6","vILT 400","Courtney Wozniak – Bldg. 39, RM25, Desk 2 @ 11/06/2025 08:00 AM","Courtney.Wozniak@va.gov","Bldg. 39, RM25, Desk 2","2025-11-06T15:00:00Z","2025-11-06T13:00:00Z",,,"0","0","vILT 400","Radiology","True","Angela.Alvey@va.gov","Desk",,"2025-11-06T05:00:00Z","Super User Training","6",,,,"Bldg. 39, RM25","True",,,,,,,"2025-12-19T17:35:12Z","2025-12-19T17:35:12Z","Kyle.Coder@va.gov","Kyle.Coder@va.gov","0","0","0",,,,,
"5",,"Trisha Thompson – Bldg. 9, RM124, Desk 10 @ 11/14/2025 10:00 AM","Trisha.Thompson@va.gov","Bldg. 9, RM124, Desk 10","2025-11-14T17:00:00Z","2025-11-14T15:00:00Z",,,"0","0",,"84-1 clc","True","Amanda.Lynd@va.gov","Desk",,"2025-11-14T05:00:00Z","Super User Training","5",,,,"Bldg. 9, RM124","True",,,,,,,"2025-12-19T17:35:12Z","2025-12-19T17:35:12Z","Kyle.Coder@va.gov","Kyle.Coder@va.gov","0","0","0",,,,,
"4",,"Trisha Thompson – Bldg. 9, RM124, Desk 1  @ 11/04/2025 06:00 PM","Trisha.Thompson@va.gov","Bldg. 9, RM124, Desk 1 ","2025-11-05T03:00:00Z","2025-11-04T23:00:00Z",,,"0","0",,"84-1 clc","True","Amanda.Lynd@va.gov","Desk",,"2025-11-04T05:00:00Z","Super User Training","4",,,,"Bldg. 9, RM124","True",,,,,,,"2025-12-19T17:35:11Z","2025-12-19T17:35:11Z","Kyle.Coder@va.gov","Kyle.Coder@va.gov","0","0","0",,,,,
"3","Hoping for a work station with 2 monitors","Melissa Childers – Bldg. 39, RM25, Desk 1  @ 11/06/2025 08:00 AM","Melissa.Childers@va.gov","Bldg. 39, RM25, Desk 1 ","2025-11-06T15:00:00Z","2025-11-06T13:00:00Z",,,"0","0","Hoping for a work station with 2 monitors","Ancillary","True","Angela.Alvey@va.gov","Desk",,"2025-11-06T05:00:00Z","Super User Training","3",,,,"Bldg. 39, RM25","True",,,,,,,"2025-12-19T17:35:11Z","2025-12-19T17:35:11Z","Kyle.Coder@va.gov","Kyle.Coder@va.gov","0","0","0",,,,,
"2",,"Paula Zapf – Bldg. 9, RM124, Desk 1  @ 11/14/2025 08:00 AM","Paula.Zapf@va.gov","Bldg. 9, RM124, Desk 1 ","2025-11-14T17:00:00Z","2025-11-14T13:00:00Z",,,"0","0",,"prrt","True","Sarah.Barker3@va.gov","Desk",,"2025-11-14T05:00:00Z","End User Training","2",,,,"Bldg. 9, RM124","True",,,,,,,"2025-12-19T17:35:11Z","2025-12-19T17:35:11Z","Kyle.Coder@va.gov","Kyle.Coder@va.gov","0","0","0",,,,,
"1",,"Paula Zapf – Bldg. 9, RM124, Desk 1  @ 11/06/2025 01:00 PM","Paula.Zapf@va.gov","Bldg. 9, RM124, Desk 1 ","2025-11-06T22:00:00Z","2025-11-06T18:00:00Z",,,"0","0",,"PRRT","True","Sarah.Barker3@va.gov","Desk",,"2025-11-06T05:00:00Z","Super User Training","1",,,,"Bldg. 9, RM124","True",,,,,,,"2025-12-19T17:35:11Z","2025-12-19T17:35:11Z","Kyle.Coder@va.gov","Kyle.Coder@va.gov","0","0","0",,,,,
